Id,Label,cell_class,nt_type,primary_type,side,super_class,indegree,outdegree,Degree,weighted indegree,weighted outdegree,Weighted Degree,closnesscentrality,betweenesscentrality,modularity_class
720575940629135378,FB.1149,CX,ACH,vDeltaA_a,right,central,10,9,19,60,96,156,0.289035,3080.923358,4
720575940604868286,FB.70,CX,ACH,hDeltaD,left,central,142,62,204,1957,933,2890,0.319666,46925.649285,4
720575940620080798,FB.1157,CX,GLUT,FB9B,right,central,10,7,17,82,86,168,0.279818,714.789292,4
720575940623861479,FB.167,CX,GLUT,FB1I,left,central,63,78,141,576,728,1304,0.360163,102679.546998,4
720575940624136489,FB.73,CX,ACH,hDeltaD,right,central,136,74,210,2016,1085,3101,0.313437,53029.789576,4
720575940625962152,FB.46,CX,ACH,hDeltaD,left,central,139,76,215,2072,1170,3242,0.319817,60759.872855,4
720575940628668610,FB.970,CX,GLUT,FB9A,right,central,6,21,27,34,196,230,0.278702,798.201592,4
720575940630773585,FB.74,CX,ACH,hDeltaD,left,central,131,64,195,1938,1097,3035,0.309371,29858.595021,4
720575940630894583,FB.1256,CX,GLUT,FB9B,left,central,8,8,16,68,81,149,0.292075,504.590542,4
720575940634655924,FB.1146,CX,GLUT,FB9C,right,central,7,12,19,64,152,216,0.277747,525.914163,4
720575940616323101,FB.941,CX,ACH,FC1A,left,central,13,17,30,148,145,293,0.297651,414.686043,1
720575940610161813,FB.1139,CX,ACH,FC1C,left,central,18,8,26,119,69,188,0.29086,871.660349,1
720575940612330154,FB.30,CX,GLUT,FB2D,left,central,139,121,260,1268,1485,2753,0.376137,53572.168389,1
720575940613829535,FB.LAL.42,CX,ACH,PFL1,right,central,37,1,38,450,1,451,0.245281,52.082964,1
720575940614026449,FB.25,CX,GLUT,FB2D,left,central,154,115,269,1467,1393,2860,0.370906,45783.607455,1
720575940616545793,FB.28,CX,GLUT,FB2D,right,central,137,123,260,1372,1489,2861,0.375509,43131.387106,1
720575940619067374,FB.404,CX,unknown,FB2B,right,central,61,64,125,992,517,1509,0.305179,1285.663704,1
720575940619141405,FB.810,CX,ACH,FC1A,left,central,20,23,43,214,190,404,0.31841,1191.21664,1
720575940620919646,FB.165,CX,GLUT,FB2B,left,central,75,85,160,1179,742,1921,0.309135,3634.897249,1
720575940623956813,FB.1029,CX,ACH,FC1C,left,central,10,16,26,66,154,220,0.342341,1092.169031,1
720575940625875402,FB.357,CX,DA,FB2A,right,central,61,56,117,529,464,993,0.343909,28160.975423,1
720575940630541416,FB.866,CX,ACH,FC1C,right,central,32,8,40,252,64,316,0.282116,1040.979233,1
720575940630591506,FB.638,CX,ACH,FC3,left,central,22,29,51,170,272,442,0.315978,2461.711787,1
720575940631426700,FB.786,CX,ACH,FC3,right,central,17,26,43,144,255,399,0.32195,2578.468827,1
720575940636938212,FB.199,CX,GLUT,FB2B,left,central,73,102,175,1154,904,2058,0.314166,3586.376846,1
720575940637745853,FB.878,CX,ACH,FC1C,right,central,25,8,33,195,75,270,0.290943,599.191993,1
720575940638302592,FB.1362,CX,SER,FB4F,left,central,5,7,12,33,52,85,0.266956,113.565586,1
720575940644615790,FB.CRE.22,CX,ACH,FC1C,right,central,25,2,27,195,14,209,0.269118,227.664286,1
720575940626612254,FB.86,CX,GLUT,FB7B,right,central,81,89,170,1125,1303,2428,0.317662,13438.164933,4
720575940603676844,FB.213,CX,GLUT,FB7L,left,central,43,59,102,384,669,1053,0.317562,3857.233749,4
720575940608745006,FB.796,CX,GLUT,FB8G,right,central,27,25,52,172,452,624,0.269799,1763.022612,4
720575940608982392,FB.1087,CX,unknown,vDeltaB,left,central,13,19,32,104,206,310,0.287273,1405.319537,4
720575940610069550,FB.329,CX,GLUT,FB8B,right,central,38,47,85,494,567,1061,0.30003,3893.30939,4
720575940610147790,FB.1015,CX,unknown,vDeltaC,left,central,18,19,37,134,173,307,0.278625,973.046266,4
720575940611211542,FB.947,CX,ACH,vDeltaC,right,central,18,21,39,176,214,390,0.284691,822.180244,2
720575940611679461,FB.1068,CX,ACH,vDeltaB,right,central,17,21,38,140,212,352,0.294323,1527.845636,4
720575940612131025,FB.960,CX,SER,vDeltaB,right,central,17,18,35,135,204,339,0.285694,417.684898,4
720575940612421101,FB.729,CX,GLUT,FB8G,right,central,21,38,59,140,465,605,0.297127,812.367041,4
720575940612760994,SMP.FB.20,CX,GLUT,FB7A,right,central,22,60,82,305,1064,1369,0.312279,1734.634707,4
720575940613151911,SMP.FB.32,CX,GLUT,FB8I,right,central,15,22,37,105,298,403,0.287355,162.933397,4
720575940613550495,FB.225,CX,GLUT,FB1I,right,central,75,53,128,786,444,1230,0.333553,35085.315791,4
720575940614736559,SMP.FB.18,CX,GLUT,FB7A,left,central,22,77,99,288,1044,1332,0.312038,982.226153,2
720575940616324386,FB.1065,CX,unknown,vDeltaB,left,central,15,15,30,128,173,301,0.282076,449.327365,4
720575940616511813,FB.409,CX,GLUT,FB7K,left,central,24,52,76,282,683,965,0.310081,1436.986197,4
720575940617077533,FB.517,CX,GLUT,FB8C,right,central,30,34,64,684,607,1291,0.296042,1604.494343,4
720575940617812273,SMP.FB.22,CX,GLUT,FB7A,right,central,20,48,68,224,722,946,0.299012,623.125646,4
720575940618050776,FB.1107,CX,SER,vDeltaB,right,central,17,16,33,125,196,321,0.283536,575.157933,4
720575940618388615,FB.831,CX,ACH,FC2C,right,central,32,10,42,354,68,422,0.301772,2825.656418,2
720575940618970606,FB.1136,CX,SER,vDeltaB,left,central,22,12,34,145,140,285,0.285533,547.913319,4
720575940619259271,FB.348,CX,GLUT,FB7D,left,central,60,36,96,669,400,1069,0.280826,3592.779383,2
720575940619584421,FB.347,CX,GLUT,FB7J,left,central,63,36,99,916,514,1430,0.301727,20804.215119,4
720575940619673222,FB.416,CX,GLUT,FB7K,left,central,25,60,85,266,787,1053,0.310604,2055.13312,4
720575940620327412,FB.153,CX,unknown,FB7H,left,central,86,66,152,999,736,1735,0.314361,14422.700667,4
720575940620350332,FB.976,CX,ACH,vDeltaB,right,central,17,20,37,163,244,407,0.291739,954.068021,4
720575940621019674,FB.81,CX,ACH,hDeltaE,right,central,131,59,190,2345,934,3279,0.307168,21870.72792,4
720575940621132253,FB.1062,CX,ACH,vDeltaB,right,central,14,19,33,136,193,329,0.287314,615.197174,4
720575940621139482,FB.64,CX,ACH,hDeltaD,right,central,135,70,205,1915,1117,3032,0.309088,66724.628314,4
720575940622651656,FB.396,CX,GLUT,FB8B,left,central,31,42,73,504,553,1057,0.333388,17082.67819,4
720575940623217132,FB.300,CX,GLUT,FB7L,left,central,37,50,87,344,830,1174,0.299365,1655.459367,4
720575940623242168,FB.115,CX,ACH,hDeltaE,right,central,126,51,177,2121,760,2881,0.320019,16248.079751,4
720575940623290603,FB.989,CX,unknown,vDeltaC,left,central,18,20,38,148,162,310,0.293385,998.571329,4
720575940623450382,FB.471,CX,GLUT,FB8A,right,central,20,48,68,167,629,796,0.299675,936.51295,4
720575940623536398,FB.277,CX,GLUT,FB6K,left,central,61,47,108,607,635,1242,0.310081,15910.651923,2
720575940624093884,FB.935,CX,unknown,vDeltaB,left,central,18,18,36,155,227,382,0.285413,1080.298697,4
720575940624381966,FB.75,CX,ACH,hDeltaE,right,central,129,57,186,2164,910,3074,0.310223,21273.957298,4
720575940625392650,FB.106,CX,ACH,hDeltaF,left,central,114,68,182,2140,661,2801,0.308008,13870.941262,2
720575940625667721,SMP.FB.19,CX,GLUT,FB6Z,right,central,32,63,95,365,913,1278,0.300474,707.50428,2
720575940625750415,FB.413,CX,GLUT,FB7J,right,central,55,33,88,768,442,1210,0.291236,9205.179028,4
720575940625816212,FB.874,CX,ACH,FC2C,right,central,35,6,41,387,44,431,0.297214,2064.48224,4
720575940626205702,FB.1098,CX,unknown,vDeltaB,right,central,11,15,26,82,170,252,0.289117,814.97035,4
720575940626343305,FB.105,CX,ACH,hDeltaE,left,central,124,54,178,2122,901,3023,0.30408,10574.253068,4
720575940626485514,SMP.FB.16,CX,GLUT,FB7A,right,central,17,96,113,231,1332,1563,0.315437,2573.483439,2
720575940626605211,FB.1028,CX,ACH,vDeltaB,right,central,15,18,33,119,217,336,0.288336,1113.588383,4
720575940626849301,FB.99,CX,ACH,hDeltaD,right,central,117,62,179,1846,1093,2939,0.304812,22669.384894,4
720575940627241402,FB.252,CX,GLUT,FB1I,left,central,68,61,129,690,529,1219,0.332132,25447.12456,4
720575940627669886,FB.972,CX,unknown,vDeltaB,left,central,16,21,37,147,233,380,0.289323,395.519368,4
720575940627675121,FB.102,CX,ACH,hDeltaE,right,central,132,53,185,2265,938,3203,0.302177,10674.483996,4
720575940628014441,SLP.FB.1,CX,GLUT,FB7A,left,central,23,50,73,262,1023,1285,0.308289,5144.784655,4
720575940628029378,FB.127,CX,ACH,hDeltaF,left,central,107,70,177,2120,683,2803,0.31199,12488.83385,2
720575940628104061,FB.449,CX,GLUT,FB8B,right,central,32,42,74,529,550,1079,0.303398,2485.794169,4
720575940628165019,FB.137,CX,GLUT,FB6G,left,central,43,122,165,553,1617,2170,0.324113,13940.731384,2
720575940628168458,FB.67,CX,ACH,hDeltaE,left,central,132,63,195,2353,964,3317,0.309891,20881.451996,4
720575940628621563,FB.341,CX,GLUT,FB7K,right,central,21,63,84,225,732,957,0.314556,1823.098611,4
720575940628809687,SMP.FB.6,CX,GLUT,FB7A,left,central,20,90,110,289,1186,1475,0.308759,1288.122223,4
720575940629506012,FB.111,CX,ACH,hDeltaD,left,central,122,55,177,2074,1097,3171,0.310842,31907.473784,4
720575940630007237,SMP.FB.21,CX,GLUT,FB7L,right,central,34,48,82,285,705,990,0.307494,1450.434425,4
720575940630398551,FB.1021,CX,SER,vDeltaA_b,left,central,15,16,31,115,162,277,0.287192,1702.677174,4
720575940630411311,FB.1046,CX,ACH,vDeltaB,left,central,15,20,35,108,199,307,0.288008,522.342072,4
720575940630671953,FB.161,CX,unknown,FB7H,right,central,84,68,152,1069,746,1815,0.280865,5258.506074,4
720575940630769612,FB.1073,CX,ACH,vDeltaB,right,central,15,17,32,99,174,273,0.290276,489.127553,4
720575940630840493,FB.43,CX,GLUT,FB6H,right,central,109,100,209,1383,1557,2940,0.325884,22430.669886,2
720575940630900983,FB.923,CX,GLUT,FB8G,left,central,23,25,48,153,512,665,0.287436,534.869222,4
720575940630979748,FB.953,CX,ACH,vDeltaC,left,central,15,21,36,122,222,344,0.295524,741.771845,4
720575940630980409,SMP.FB.3,CX,GLUT,FB6G,right,central,35,114,149,508,1517,2025,0.304309,8524.445607,2
720575940631619384,FB.83,CX,ACH,hDeltaD,right,central,143,55,198,1961,867,2828,0.315486,35714.161207,4
720575940632735584,FB.353,CX,GLUT,FB7L,right,central,50,59,109,372,602,974,0.308759,5047.454128,4
720575940633537823,FB.823,CX,GLUT,FB8G,left,central,27,30,57,206,501,707,0.30495,2656.291214,4
720575940633676479,FB.513,CX,GLUT,FB8C,left,central,29,37,66,557,558,1115,0.296605,7612.569575,4
720575940633936279,FB.512,CX,GLUT,FB8A,left,central,19,48,67,144,656,800,0.309466,1033.091064,4
720575940634419051,FB.110,CX,ACH,hDeltaE,left,central,120,64,184,1742,867,2609,0.312519,22353.385042,4
720575940634489592,FB.733,CX,ACH,FC2C,left,central,28,11,39,328,99,427,0.30043,2219.292098,2
720575940635640974,FB.232,CX,GLUT,FB7L,right,central,54,54,108,517,677,1194,0.308148,3771.575973,4
720575940635969758,FB.101,CX,ACH,hDeltaF,right,central,113,80,193,2594,978,3572,0.315585,22756.451623,2
720575940636143796,FB.1089,CX,unknown,vDeltaB,left,central,13,18,31,106,168,274,0.285493,372.701431,4
720575940636345707,FB.278,CX,GLUT,FB1I,right,central,61,60,121,564,497,1061,0.335152,27727.04867,4
720575940637242421,FB.392,CX,GLUT,FB7K,right,central,19,53,72,253,648,901,0.310794,1412.248836,4
720575940637303415,FB.109,CX,ACH,hDeltaE,left,central,124,49,173,2226,766,2992,0.312134,20555.966717,4
720575940637983814,FB.567,CX,ACH,FC2C,left,central,48,12,60,543,98,641,0.30092,4083.56528,4
720575940638709632,FB.299,CX,GLUT,FB7L,left,central,50,62,112,407,622,1029,0.309655,3682.611861,4
720575940640008400,FB.428,CX,GLUT,FB8C,left,central,30,37,67,758,700,1458,0.284691,8299.41243,4
720575940640589683,FB.446,CX,GLUT,FB8C,right,central,34,36,70,735,625,1360,0.295395,2821.443813,4
720575940645255476,FB.323,CX,GLUT,FB8B,right,central,34,52,86,508,685,1193,0.33868,21619.279324,4
720575940652083190,FB.426,CX,GLUT,FB8B,left,central,30,38,68,474,550,1024,0.3281,14179.331124,4
720575940653612790,FB.397,CX,SER,FB7J,left,central,48,38,86,703,429,1132,0.300385,13263.870026,4
720575940645273652,FB.1056,CX,GLUT,FB6U,right,central,5,19,24,31,201,232,0.303989,512.269922,2
720575940608014549,FB.995,CX,ACH,FS2,left,central,30,2,32,264,12,276,0.219824,207.804796,2
720575940616097093,FB.155,CX,ACH,hDeltaM,left,central,102,37,139,1886,584,2470,0.331047,7741.20798,0
720575940619715568,FB.122,CX,ACH,hDeltaL,right,central,109,52,161,1604,787,2391,0.297607,4496.143894,2
720575940620130032,FB.21,CX,GLUT,FB6A,left,central,99,153,252,1620,2866,4486,0.345786,21891.921277,2
720575940621193864,FB.472,CX,ACH,FC2C,right,central,50,13,63,659,137,796,0.301906,3875.569558,2
720575940622351999,FB.SMP.2,CX,ACH,FS2,right,central,32,3,35,266,18,284,0.234906,1187.798177,2
720575940624888880,FB.84,CX,ACH,hDeltaL,right,central,126,62,188,1984,845,2829,0.292328,10589.566126,2
720575940625415196,SMP.FB.25,CX,GLUT,FB5G,left,central,28,26,54,182,525,707,0.324268,1759.440556,0
720575940625787536,FB.35,CX,unknown,FB5H,left,central,96,99,195,1338,1070,2408,0.36801,31686.891093,0
720575940628194895,FB.1025,CX,ACH,FS2,right,central,28,3,31,227,18,245,0.234579,1045.498562,2
720575940632992922,FB.699,CX,ACH,FS2,right,central,33,8,41,338,47,385,0.251926,2116.442354,2
720575940635095452,FB.143,CX,ACH,hDeltaM,left,central,112,48,160,2244,699,2943,0.333279,9593.228038,0
720575940637238505,FB.123,CX,ACH,hDeltaM,right,central,104,49,153,2241,653,2894,0.329058,7372.080189,0
720575940638328765,FB.150,CX,ACH,hDeltaM,left,central,109,37,146,1997,605,2602,0.323337,7587.028808,0
720575940639782875,FB.SMP.13,CX,ACH,FS3,right,central,20,1,21,170,5,175,0.23105,200.411305,2
720575940643338020,FB.94,CX,ACH,hDeltaL,right,central,116,62,178,1807,850,2657,0.28711,6495.052435,2
720575940651284726,FB.103,CX,ACH,hDeltaM,left,central,122,54,176,2369,955,3324,0.326672,9089.5248,0
720575940616896581,FB.1209,CX,ACH,vDeltaL,right,central,8,4,12,68,35,103,0.263144,10.769256,3
720575940610894450,FB.78,CX,ACH,hDeltaA,left,central,153,39,192,2404,866,3270,0.303579,8876.327255,3
720575940628003739,FB.38,CX,ACH,hDeltaA,left,central,173,52,225,3037,1312,4349,0.31089,16645.994687,3
720575940631449411,FB.9,CX,GABA,FB4H,right,central,133,169,302,1237,3191,4428,0.315634,71875.89869,3
720575940632651219,FB.52,CX,ACH,hDeltaA,right,central,168,38,206,3180,1181,4361,0.302086,18397.992822,3
720575940619157595,FB.770,CX,ACH,FC1C,left,central,25,9,34,186,82,268,0.291236,88.46408,1
720575940609427246,FB.34,CX,GLUT,FB2D,left,central,141,105,246,1258,1370,2628,0.367877,44306.68831,1
720575940612585011,FB.893,CX,ACH,FC1C,left,central,30,6,36,239,35,274,0.285573,1243.718265,1
720575940616824118,FB.27,CX,GLUT,FB2D,right,central,151,106,257,1481,1377,2858,0.371109,51413.441339,1
720575940619200960,FB.208,CX,GLUT,FB2B_b,left,central,71,64,135,614,640,1254,0.324944,18113.736722,1
720575940625142936,FB.162,CX,GLUT,FB2B_b,right,central,81,91,172,705,896,1601,0.335985,25348.848178,1
720575940653018017,FB.963,CX,ACH,FS1A,right,central,27,3,30,215,24,239,0.278319,349.429467,1
720575940608278620,FB.7,CX,GLUT,FB6A_c,right,central,98,185,283,2367,2675,5042,0.37179,33956.940841,2
720575940604612832,FB.60,CX,ACH,hDeltaG,right,central,125,70,195,2428,1341,3769,0.301099,16390.860418,2
720575940606731529,FB.712,CX,SER,hDeltaK,right,central,28,15,43,578,549,1127,0.295395,724.81984,2
720575940607837707,FB.711,CX,SER,hDeltaK,left,central,29,18,47,509,575,1084,0.295481,469.077702,2
720575940607848649,FB.SMP.5,CX,ACH,FS2,right,central,33,2,35,294,11,305,0.246025,393.355149,2
720575940608208835,FB.37,CX,ACH,hDeltaG,right,central,135,80,215,2595,1470,4065,0.309797,20908.539438,0
720575940608328387,FB.226,CX,GLUT,FB6P,right,central,62,40,102,775,870,1645,0.317363,4108.954823,0
720575940608783452,FB.47,CX,GLUT,FB5I,left,central,85,144,229,1854,2633,4487,0.336823,16563.235582,0
720575940609375580,FB.4,CX,GABA,FB5A,left,central,141,261,402,2172,4689,6861,0.405806,113276.425408,0
720575940609774434,FB.1233,CX,SER,hDeltaK,left,central,16,17,33,184,212,396,0.31089,7436.781975,2
720575940610219715,FB.305,CX,GLUT,PFGs,right,central,78,15,93,1423,395,1818,0.295094,6713.532351,2
720575940610409957,FB.961,CX,ACH,FC3,left,central,20,19,39,130,181,311,0.298571,986.877468,1
720575940610980932,FB.8,CX,unknown,ExR3,left,central,92,119,211,1616,2027,3643,0.366944,128468.326178,2
720575940611117380,FB.1395,CX,unknown,hDeltaK,right,central,12,13,25,98,107,205,0.305593,184.3004,2
720575940611415449,FB.124,CX,ACH,hDeltaL,left,central,117,61,178,1779,702,2481,0.302222,7160.638352,2
720575940611963346,FB.237,CX,GLUT,FB6P,left,central,65,39,104,725,852,1577,0.321185,3334.365817,0
720575940612851367,FB.309,CX,ACH,hDeltaC,right,central,61,47,108,724,518,1242,0.304309,3489.218333,0
720575940612869269,EB.7,CX,GABA,ExR1,left,central,37,11,48,328,28,356,0.295481,19544.485965,4
720575940612973096,FB.794,CX,SER,hDeltaK,right,central,26,15,41,502,541,1043,0.299808,774.902619,2
720575940613250735,FB.SMP.7,CX,ACH,FS2,left,central,29,5,34,291,28,319,0.265106,1951.147067,2
720575940613606041,FB.246,CX,GLUT,FB5Y,right,central,40,83,123,350,1087,1437,0.322976,2551.109757,0
720575940614017534,FB.108,CX,ACH,hDeltaL,left,central,112,62,174,1794,925,2719,0.301951,5836.912419,2
720575940614018722,FB.279,CX,GLUT,FB6B,left,central,44,89,133,325,828,1153,0.31856,2403.991464,2
720575940614154786,FB.223,CX,ACH,hDeltaC,left,central,80,50,130,935,555,1490,0.319615,8444.63538,0
720575940614294175,FB.908,CX,ACH,FS2,left,central,33,3,36,289,18,307,0.222919,299.988351,2
720575940614298474,FB.533,CX,GABA,FB5B,right,central,12,48,60,116,601,717,0.29518,488.668537,0
720575940614298730,SMP.FB.26,CX,unknown,FB6Q,right,central,10,32,42,81,410,491,0.291445,281.113269,2
720575940614966214,FB.285,CX,ACH,hDeltaC,right,central,72,45,117,820,499,1319,0.305041,8557.692399,0
720575940615101747,EB.2,CX,unknown,ExR1,right,central,112,13,125,1933,46,1979,0.321695,118799.531498,4
720575940615687380,FB.628,CX,SER,hDeltaK,left,central,32,16,48,608,615,1223,0.295567,1424.27269,2
720575940615783097,FB.773,CX,SER,hDeltaK,left,central,25,15,40,447,506,953,0.295309,309.552884,2
720575940616040148,FB.437,CX,unknown,PFGs,left,central,67,17,84,903,274,1177,0.306517,6745.8274,2
720575940616103254,FB.772,CX,SER,hDeltaK,left,central,25,16,41,503,572,1075,0.295352,717.884647,2
720575940616617940,FB.113,CX,ACH,hDeltaF,right,central,103,75,178,2003,793,2796,0.307447,9303.226582,2
720575940616657989,FB.543,CX,ACH,FC2C,left,central,53,7,60,639,92,731,0.300207,2666.426622,2
720575940616856645,FB.607,CX,ACH,FC3,left,central,18,39,57,156,397,553,0.317662,3053.517507,0
720575940617433627,SMP.FB.4,CX,unknown,FB6C,left,central,17,97,114,113,987,1100,0.329433,1597.634664,0
720575940617494232,FB.265,CX,ACH,hDeltaC,left,central,59,59,118,742,694,1436,0.326672,8268.883513,0
720575940617600064,FB.562,CX,unknown,FC2C,right,central,40,13,53,533,141,674,0.300742,2774.410455,2
720575940617801675,FB.568,CX,ACH,FC3,right,central,30,26,56,244,255,499,0.315388,4856.317011,1
720575940617978526,FB.308,CX,GLUT,FB6K,right,central,54,47,101,493,755,1248,0.303262,7497.913717,2
720575940618407333,FB.591,CX,ACH,FC3,left,central,28,33,61,247,299,546,0.333169,3439.968844,1
720575940618694638,FB.361,CX,ACH,hDeltaC,right,central,55,51,106,698,554,1252,0.31816,3847.908278,0
720575940618928981,FB.744,CX,ACH,FS2,right,central,44,5,49,393,31,424,0.25848,310.521395,0
720575940619489088,FB.587,CX,SER,PFGs,left,central,60,16,76,870,314,1184,0.301951,4100.510705,2
720575940619544779,FB.1,CX,GABA,FB5A,right,central,141,255,396,2109,4439,6548,0.382886,86503.549229,0
720575940619574181,FB.251,CX,unknown,PFGs,left,central,94,15,109,1337,388,1725,0.295094,8605.715011,2
720575940620012020,FB.91,CX,ACH,hDeltaF,right,central,113,77,190,2348,902,3250,0.303807,13865.614174,2
720575940620058537,FB.283,CX,ACH,hDeltaC,left,central,72,43,115,838,531,1369,0.311942,6046.984044,0
720575940620159398,FB.76,CX,unknown,FB6E,right,central,52,145,197,897,2223,3120,0.334268,12051.514145,2
720575940620197441,FB.360,CX,unknown,PFGs,right,central,69,16,85,1222,455,1677,0.295137,8526.07094,2
720575940620223659,FB.187,CX,unknown,FB6M,left,central,29,62,91,314,780,1094,0.312086,5315.861819,2
720575940620417797,FB.336,CX,GLUT,FB6K,right,central,53,53,106,545,706,1251,0.300831,6141.808704,2
720575940620841310,FB.61,CX,ACH,hDeltaG,right,central,128,65,193,2489,1192,3681,0.310556,16539.709693,2
720575940620932813,FB.768,CX,unknown,hDeltaK,right,central,26,16,42,502,483,985,0.299852,1130.697017,2
720575940621347583,FB.415,CX,ACH,hDeltaC,right,central,56,41,97,645,480,1125,0.326514,8362.842579,0
720575940621360264,FB.SMP.3,CX,ACH,FS2,left,central,38,3,41,293,16,309,0.278549,5800.625981,2
720575940621825518,FB.501,CX,unknown,PFGs,right,central,54,19,73,858,305,1163,0.313147,11713.208205,2
720575940622132872,FB.207,CX,GABA,FB6M,left,central,26,66,92,310,1006,1316,0.305547,2445.545157,2
720575940622136129,FB.848,CX,unknown,hDeltaK,right,central,27,16,43,501,516,1017,0.298791,636.095858,2
720575940622217654,FB.473,CX,unknown,PFGs,right,central,60,18,78,1052,320,1372,0.308947,5587.167594,2
720575940622334699,FB.1030,CX,ACH,FS2,left,central,28,5,33,249,32,281,0.248133,69.811351,0
720575940622599679,FB.346,CX,unknown,FB6N,left,central,45,53,98,478,846,1324,0.301547,3489.591268,0
720575940622713638,FB.656,CX,ACH,FC2C,left,central,30,15,45,492,126,618,0.315781,5884.670827,2
720575940622811116,FB.258,CX,ACH,hDeltaC,left,central,72,44,116,878,518,1396,0.310651,5958.127558,0
720575940622815123,FB.420,CX,SER,PFGs,right,central,74,21,95,928,272,1200,0.306425,10621.05919,2
720575940622899453,FB.722,CX,SER,hDeltaK,right,central,29,20,49,521,576,1097,0.304537,1319.147499,2
720575940622941447,SMP.FB.23,CX,GLUT,FB5G,right,central,30,33,63,188,612,800,0.315781,922.524807,0
720575940623004711,FB.126,CX,ACH,hDeltaF,left,central,111,72,183,2424,912,3336,0.315585,22116.486491,2
720575940623062453,FB.SMP.19,CX,ACH,FS2,right,central,14,2,16,110,11,121,0.234525,117.923211,2
720575940623084471,FB.370,CX,unknown,PFGs,left,central,67,18,85,934,306,1240,0.304858,4566.867125,2
720575940623154407,FB.826,CX,unknown,hDeltaK,left,central,24,13,37,498,493,991,0.295008,348.140918,2
720575940623392949,FB.432,CX,unknown,PFGs,left,central,62,17,79,953,275,1228,0.305916,4082.819388,2
720575940623488551,FB.SMP.15,CX,ACH,FS2,left,central,15,1,16,115,8,123,0.218145,15.603028,2
720575940623649097,FB.33,CX,GLUT,FB5I,right,central,92,151,243,1906,2862,4768,0.341188,25813.024589,0
720575940623781268,FB.414,CX,ACH,hDeltaC,right,central,59,36,95,755,426,1181,0.308947,3455.06323,0
720575940623801125,FB.741,CX,SER,hDeltaK,left,central,28,17,45,469,536,1005,0.297083,615.281429,2
720575940624065038,FB.539,CX,GLUT,FB6,right,central,42,26,68,448,305,753,0.269011,533.788181,2
720575940624073452,FB.172,CX,GLUT,FB5Y,right,central,36,84,120,337,1172,1509,0.327147,1968.909028,0
720575940624215245,FB.260,CX,ACH,hDeltaC,right,central,72,54,126,850,593,1443,0.321542,7417.82682,0
720575940624222014,FB.670,CX,SER,hDeltaK,left,central,26,16,42,482,479,961,0.295395,386.947137,2
720575940624290232,FB.17,CX,unknown,FB6A,right,central,95,156,251,1796,2901,4697,0.343618,20505.567536,2
720575940625698279,FB.54,CX,GLUT,FB6D,right,central,83,121,204,1409,1494,2903,0.348402,15887.763318,2
720575940625721331,FB.715,CX,unknown,hDeltaK,right,central,28,17,45,571,584,1155,0.298835,605.724009,2
720575940625850938,FB.114,CX,ACH,hDeltaF,left,central,106,80,186,2390,934,3324,0.322874,21899.287746,2
720575940625864581,FB.SMP.10,CX,ACH,FS2,right,central,20,2,22,161,10,171,0.237104,2302.468358,2
720575940625902823,FB.268,CX,unknown,PFGs,right,central,87,21,108,1443,483,1926,0.296345,5978.956092,2
720575940625925898,FB.CRE.66,CX,ACH,FS2,right,central,17,1,18,138,6,144,0.231843,55.450249,2
720575940625969064,FB.974,CX,ACH,FC3,left,central,16,18,34,114,191,305,0.293343,676.979648,1
720575940626371898,FB.842,CX,SER,hDeltaK,left,central,26,14,40,429,488,917,0.303307,2438.459636,2
720575940626533714,FB.669,CX,ACH,FC2C,left,central,31,10,41,388,83,471,0.314849,7545.724155,2
720575940626778217,FB.790,CX,ACH,FS2,right,central,37,3,40,371,24,395,0.247467,140.163654,2
720575940627033875,FB.375,CX,GLUT,PFGs,left,central,78,15,93,1407,509,1916,0.295094,6588.95842,2
720575940627194267,FB.304,CX,GLUT,FB7G,right,central,36,61,97,245,706,951,0.308148,3133.007977,2
720575940627228328,FB.789,CX,SER,hDeltaK,left,central,30,15,45,468,458,926,0.295309,719.847425,2
720575940627264062,SMP.FB.1,CX,DA,ExR3,right,central,97,112,209,1687,2185,3872,0.361641,152797.744515,2
720575940627782014,FB.132,CX,ACH,hDeltaF,right,central,103,75,178,1858,767,2625,0.30661,11946.646325,2
720575940627807994,FB.112,CX,ACH,hDeltaL,left,central,114,56,170,1573,723,2296,0.301502,5130.742077,2
720575940628206391,FB.515,CX,ACH,FC3,left,central,30,40,70,263,545,808,0.331751,4472.694134,0
720575940628211244,FB.293,CX,ACH,hDeltaC,left,central,62,46,108,755,578,1333,0.314312,5644.196167,0
720575940628219479,FB.292,CX,ACH,hDeltaC,right,central,57,46,103,709,524,1233,0.321848,6501.875041,2
720575940628527247,FB.12,CX,GLUT,FB6A_c,left,central,95,174,269,2465,2447,4912,0.362677,28566.995055,2
720575940628576250,FB.318,CX,unknown,PFGs,right,central,79,20,99,1293,427,1720,0.295309,5745.783501,2
720575940628628987,FB.203,CX,GLUT,FB5J,left,central,62,52,114,681,567,1248,0.31199,4375.214417,0
720575940628793982,FB.3,CX,GABA,FB5A,left,central,139,261,400,1925,4558,6483,0.406946,125159.12372,0
720575940628907524,FB.255,CX,ACH,hDeltaC,right,central,75,49,124,844,572,1416,0.320069,7827.570092,0
720575940628940994,SMP.FB.24,CX,GLUT,FB5G,right,central,24,35,59,137,520,657,0.327781,1940.108361,0
720575940629039660,FB.57,CX,ACH,hDeltaG,left,central,137,74,211,2602,1218,3820,0.305133,13017.204101,0
720575940629468739,FB.317,CX,ACH,hDeltaC,left,central,68,44,112,805,525,1330,0.317413,5384.876034,0
720575940629909199,FB.121,CX,GLUT,FB6V,right,central,69,74,143,714,959,1673,0.316175,5082.569115,2
720575940630021115,FB.249,CX,SER,PFGs,left,central,90,20,110,1245,362,1607,0.303534,6352.934895,2
720575940630089031,FB.445,CX,unknown,FB5B,right,central,15,51,66,163,613,776,0.311798,430.539899,0
720575940630199759,FB.355,CX,SER,PFGs,left,central,64,17,81,1013,301,1314,0.294836,3933.519846,2
720575940630335596,FB.701,CX,SER,hDeltaK,left,central,32,15,47,598,586,1184,0.295094,1389.071477,2
720575940630590255,FB.89,CX,ACH,hDeltaL,left,central,128,65,193,1913,884,2797,0.314752,16118.645116,2
720575940631257647,FB.90,CX,ACH,hDeltaL,left,central,127,66,193,1980,997,2977,0.310366,14305.495858,2
720575940631347596,FB.66,CX,ACH,hDeltaG,left,central,130,61,191,2422,1185,3607,0.298001,8950.380485,0
720575940631366483,FB.310,CX,ACH,hDeltaC,right,central,69,46,115,752,553,1305,0.311559,6996.881826,0
720575940631483167,FB.700,CX,SER,hDeltaK,right,central,28,16,44,514,490,1004,0.296649,507.184586,2
720575940631620689,FB.785,CX,SER,hDeltaK,left,central,24,16,40,587,652,1239,0.296735,462.395931,2
720575940631725011,FB.229,CX,ACH,hDeltaC,left,central,79,57,136,939,622,1561,0.314605,11390.288422,0
720575940631725087,FB.784,CX,SER,hDeltaK,right,central,24,17,41,446,499,945,0.295956,424.360082,2
720575940631824332,FB.505,CX,unknown,FB5B,left,central,12,46,58,102,595,697,0.293726,362.114836,0
720575940631911905,FB.460,CX,GLUT,FB6,right,central,45,30,75,491,407,898,0.272886,834.397081,2
720575940631958829,FB.280,CX,GLUT,FB7G,left,central,70,51,121,584,610,1194,0.300697,3716.17981,2
720575940631983277,FB.275,CX,ACH,hDeltaC,left,central,69,51,120,867,572,1439,0.320221,6910.769057,0
720575940632052010,FB.1333,CX,unknown,hDeltaC,left,central,10,20,30,78,211,289,0.29574,51.054291,0
720575940632212039,FB.10,CX,ACH,FB5AB,left,central,40,253,293,977,4295,5272,0.393669,45805.793857,0
720575940632255388,FB.1091,CX,ACH,FS2,right,central,16,2,18,166,13,179,0.240394,89.925333,0
720575940632718944,FB.667,CX,SER,hDeltaK,right,central,31,14,45,629,674,1303,0.295352,782.564809,2
720575940632732985,FB.58,CX,GLUT,FB6D,left,central,77,106,183,1344,1388,2732,0.329433,7898.110669,2
720575940632830056,SMP.FB.17,CX,GLUT,FB6C,right,central,23,80,103,209,875,1084,0.315634,386.659999,2
720575940633013412,FB.104,CX,ACH,hDeltaL,right,central,117,63,180,1683,909,2592,0.304675,7675.139087,2
720575940633173412,FB.352,CX,GABA,FB6M,right,central,22,50,72,191,525,716,0.322155,28031.351446,2
720575940633173668,FB.201,CX,GABA,FB6M,right,central,30,52,82,284,750,1034,0.297957,2284.476431,2
720575940633271447,FB.897,CX,ACH,FS2,right,central,38,5,43,326,30,356,0.260406,2348.204396,2
720575940633412971,FB.783,CX,SER,hDeltaK,right,central,21,16,37,459,528,987,0.295438,351.294591,2
720575940633744747,FB.467,CX,SER,hDeltaK,right,central,35,33,68,595,722,1317,0.338284,10837.13228,2
720575940633797677,FB.461,CX,SER,PFGs,right,central,61,17,78,935,314,1249,0.29518,2995.00467,2
720575940633909600,FB.116,CX,ACH,hDeltaG,right,central,120,57,177,2110,1096,3206,0.302402,10123.555746,2
720575940634046399,FB.837,CX,SER,hDeltaK,right,central,21,17,38,441,546,987,0.295481,202.049777,2
720575940634313071,FB.39,CX,ACH,hDeltaG,left,central,136,77,213,2542,1197,3739,0.306703,17670.45301,0
720575940635632023,FB.262,CX,DA,PFR,left,central,79,32,111,1218,371,1589,0.31836,6040.732755,3
720575940635678942,FB.192,CX,ACH,hDeltaC,right,central,73,52,125,996,651,1647,0.319464,8006.038705,0
720575940636313701,FB.93,CX,ACH,hDeltaL,left,central,120,59,179,1997,831,2828,0.301055,6855.08869,2
720575940636588724,FB.96,CX,ACH,hDeltaL,right,central,124,53,177,1758,744,2502,0.318911,12896.702517,2
720575940636914287,FB.761,CX,SER,hDeltaK,right,central,29,15,44,493,476,969,0.299277,3563.99436,2
720575940636969182,FB.683,CX,SER,hDeltaK,left,central,28,17,45,534,575,1109,0.295869,562.233831,2
720575940637057614,FB.575,CX,GLUT,FB6R,right,central,10,43,53,79,503,582,0.303125,490.534284,2
720575940637260622,FB.504,CX,unknown,FB6R,left,central,12,48,60,76,494,570,0.302718,2593.734162,2
720575940637455593,FB.434,CX,GLUT,FB6L,right,central,47,29,76,595,458,1053,0.272519,699.516132,2
720575940638114357,FB.50,CX,ACH,hDeltaG,left,central,147,68,215,2636,1228,3864,0.303307,22367.785067,0
720575940638250112,FB.236,CX,ACH,hDeltaC,right,central,84,41,125,941,609,1550,0.312134,8714.067294,0
720575940639278399,EB.3,CX,GABA,ExR1,left,central,107,10,117,1479,32,1511,0.289282,35220.422333,4
720575940639322752,FB.221,CX,GLUT,FB5J,right,central,59,52,111,772,636,1408,0.311798,5212.997405,0
720575940639693008,FB.836,CX,ACH,FS2,left,central,34,6,40,324,47,371,0.250804,951.174464,2
720575940639702435,FB.152,CX,GLUT,FB5AA,left,central,65,65,130,666,918,1584,0.310271,4067.662708,0
720575940640356149,SAD.FB.1,unknown,OCT,OA-VPM3,right,central,37,104,141,210,731,941,0.381876,47679.986867,0
720575940640486973,FB.20,CX,GLUT,FB6A,left,central,113,146,259,1512,2233,3745,0.340443,23153.249847,2
720575940640749939,EB.1,CX,unknown,ExR1,right,central,129,14,143,2160,35,2195,0.319867,126283.26988,4
720575940641173376,FB.403,CX,GLUT,PFGs,right,central,62,15,77,1186,353,1539,0.300207,4361.760601,2
720575940641215104,FB.872,CX,SER,hDeltaK,right,central,26,15,41,599,600,1199,0.295352,944.291069,2
720575940641239181,FB.681,CX,SER,hDeltaK,left,central,31,18,49,524,546,1070,0.295481,575.458257,2
720575940641567885,FB.680,CX,SER,hDeltaK,left,central,25,17,42,495,567,1062,0.295438,306.460917,2
720575940641591248,FB.742,CX,SER,hDeltaK,left,central,26,17,43,506,504,1010,0.295999,514.200894,2
720575940643703588,FB.198,CX,ACH,hDeltaC,left,central,86,46,132,966,553,1519,0.317513,10767.297727,0
720575940645464099,SMP.FB.5,CX,unknown,FB6C,right,central,23,83,106,187,879,1066,0.326514,1252.351021,2
720575940650510070,FB.24,CX,GLUT,FB6A,right,central,106,147,253,1411,2158,3569,0.35524,26046.472204,2
720575940653346550,FB.450,CX,unknown,PFGs,left,central,69,19,88,1176,331,1507,0.295352,4521.354945,2
720575940653347830,FB.478,CX,SER,PFGs,left,central,47,17,64,807,229,1036,0.305409,3837.447731,2
720575940658155393,FB.492,CX,unknown,FB6Q,left,central,15,44,59,126,524,650,0.294152,439.019996,0
720575940625301604,FB.270,CX,GLUT,CB4171,right,central,26,76,102,275,730,1005,0.324113,2930.814435,1
720575940604125105,FB.1119,CX,ACH,FC1D,right,central,15,8,23,100,84,184,0.291068,142.085295,1
720575940604709920,FB.209,CX,ACH,FC2A,left,central,89,30,119,1128,284,1412,0.312279,3332.371137,0
720575940608480836,FB.256,CX,GLUT,CB4171,left,central,24,75,99,223,773,996,0.332677,3732.793684,1
720575940609439698,FB.1118,CX,ACH,FS1A,left,central,22,2,24,158,18,176,0.276422,280.992504,1
720575940611725738,FB.747,CX,ACH,FS1A,right,central,33,7,40,325,51,376,0.296345,2203.678417,1
720575940612318673,FB.592,CX,ACH,vDeltaG,right,central,27,30,57,316,402,718,0.319515,1508.535003,0
720575940612594855,FB.857,CX,ACH,FC1C,right,central,19,14,33,124,113,237,0.297957,218.238321,1
720575940612615917,FB.315,CX,GLUT,FB2J_a,right,central,16,70,86,152,750,902,0.328312,1790.367608,0
720575940612692963,FB.663,CX,ACH,vDeltaI_a,left,central,36,31,67,396,401,797,0.318061,4835.7835,0
720575940612821997,FB.424,CX,GLUT,CB4171,left,central,35,55,90,380,474,854,0.328047,7537.021838,1
720575940612925078,FB.554,CX,ACH,vDeltaF,left,central,38,27,65,452,347,799,0.325989,2604.808989,0
720575940613729695,FB.1013,CX,ACH,FC1C,left,central,22,3,25,174,28,202,0.281998,48.14903,1
720575940613762207,FB.630,CX,ACH,vDeltaG,right,central,30,26,56,333,324,657,0.311942,2236.170099,0
720575940614308283,FB.814,CX,ACH,FC1C,right,central,31,7,38,273,38,311,0.286542,950.9783,1
720575940615463825,FB.298,CX,ACH,FC2A,left,central,76,22,98,1004,235,1239,0.314166,5166.905463,0
720575940615965323,FB.616,CX,ACH,vDeltaI_a,right,central,30,32,62,361,436,797,0.314166,2928.261934,0
720575940616520517,FB.708,CX,ACH,FC1C,right,central,35,9,44,291,69,360,0.289406,1813.336687,1
720575940616956673,FB.219,CX,ACH,FC2A,left,central,100,18,118,1159,176,1335,0.310985,11495.782448,0
720575940617501533,FB.405,CX,unknown,FC2A,right,central,67,16,83,768,156,924,0.306425,3859.153493,0
720575940617773865,FB.694,CX,ACH,FC1C,left,central,30,10,40,298,97,395,0.289737,741.890505,1
720575940617934576,FB.CRE.18,CX,ACH,FC1C,left,central,30,7,37,258,50,308,0.29561,2130.483858,1
720575940618651608,FB.614,CX,ACH,vDeltaI_a,right,central,27,26,53,348,382,730,0.318961,2107.725375,0
720575940619994294,FB.659,CX,ACH,vDeltaG,right,central,19,29,48,239,315,554,0.313729,976.931404,0
720575940620014356,FB.164,CX,ACH,FC2A,right,central,113,24,137,1626,217,1843,0.310461,5621.806149,0
720575940620191777,FB.690,CX,ACH,vDeltaF,left,central,25,20,45,306,308,614,0.294194,617.676537,0
720575940621393573,FB.287,CX,GLUT,CB4171,right,central,43,51,94,357,461,818,0.326935,1685.26771,1
720575940622422711,FB.296,CX,GLUT,CB4171,left,central,33,61,94,331,532,863,0.327411,1719.233278,1
720575940622870666,FB.307,CX,SER,FC2A,right,central,87,23,110,991,195,1186,0.31529,6407.649,0
720575940623540557,FB.603,CX,ACH,vDeltaG,left,central,27,26,53,316,349,665,0.314752,1730.401768,0
720575940623807932,FB.1003,CX,ACH,FC1D,left,central,14,21,35,115,171,286,0.293385,159.586058,1
720575940625493604,FB.CRE.15,CX,ACH,FC1C,left,central,30,4,34,289,24,313,0.282312,575.083882,1
720575940625556611,FB.532,CX,ACH,vDeltaI_a,right,central,36,33,69,425,374,799,0.312857,2691.15802,0
720575940625579141,FB.204,CX,unknown,FC2A,left,central,106,29,135,1524,281,1805,0.314556,8692.315156,0
720575940626180358,FB.610,CX,ACH,vDeltaF,right,central,27,25,52,340,342,682,0.305962,2010.201297,0
720575940626351256,FB.CRE.16,CX,ACH,FC1C,left,central,28,8,36,235,57,292,0.289035,1506.85026,1
720575940627104259,FB.704,CX,ACH,FC1C,left,central,32,11,43,270,86,356,0.291445,1600.704749,1
720575940627786270,FB.163,CX,unknown,FC2A,right,central,125,30,155,1893,280,2173,0.317413,16090.573312,0
720575940627916410,FB.934,CX,ACH,vDeltaI_a,left,central,17,19,36,182,191,373,0.301547,998.679597,0
720575940628382203,FB.369,CX,GLUT,FB2G_a,left,central,24,63,87,189,769,958,0.332677,2876.508727,0
720575940628523819,FB.206,CX,GLUT,FB2H_a,left,central,28,88,116,228,957,1185,0.359716,3609.318412,1
720575940628810071,FB.803,CX,ACH,FC1C,right,central,27,7,34,227,55,282,0.288911,691.324166,1
720575940629111035,FB.CRE.19,CX,ACH,FS1A,right,central,31,4,35,237,21,258,0.295266,4345.832361,1
720575940630179781,FB.222,CX,GLUT,FB2B_b,left,central,56,75,131,494,681,1175,0.329808,10818.866302,1
720575940630819599,FB.215,CX,GLUT,FB2H_a,right,central,28,87,115,218,850,1068,0.328845,1924.607242,1
720575940630976568,FB.190,CX,unknown,FC2A,left,central,114,18,132,1619,171,1790,0.312038,8161.627907,0
720575940631413156,FB.242,CX,ACH,FC2A,left,central,93,18,111,1126,155,1281,0.308806,4880.679025,0
720575940631477677,FB.418,CX,GLUT,FB2M,right,central,19,55,74,188,822,1010,0.319666,1675.136846,0
720575940631614675,FB.557,CX,ACH,vDeltaG,left,central,25,35,60,357,404,761,0.317413,1259.388992,0
720575940632372380,FB.716,CX,ACH,vDeltaF,left,central,24,26,50,271,283,554,0.304675,580.379954,0
720575940632803223,FB.233,CX,unknown,FC2A,left,central,95,18,113,1152,172,1324,0.309466,7371.276092,0
720575940634534255,FB.189,CX,unknown,FC2A,right,central,93,18,111,1255,148,1403,0.31108,6509.366317,0
720575940634647732,FB.185,CX,SER,FC2A,left,central,101,20,121,1382,192,1574,0.31089,10750.314134,0
720575940636513784,FB.1423,CX,unknown,FB2B,right,central,10,7,17,66,41,107,0.248681,12.166237,1
720575940637224937,FB.366,CX,GLUT,FB2J_a,right,central,16,69,85,188,668,856,0.344318,2591.527947,1
720575940637703750,FB.503,CX,GLUT,FB2J_a,right,central,13,62,75,151,669,820,0.338284,2616.428844,1
720575940638678131,FB.732,CX,ACH,FC1C,left,central,37,6,43,321,40,361,0.280709,576.731604,1
720575940642936100,FB.177,CX,ACH,FC2A,right,central,108,22,130,1524,251,1775,0.313583,5672.67727,0
720575940643829284,FB.364,CX,GLUT,FB2J_a,left,central,13,62,75,156,665,821,0.339077,1221.648769,0
720575940644808227,FB.929,CX,ACH,FC1D,left,central,18,13,31,133,116,249,0.29237,320.072366,1
720575940644870167,FB.383,CX,GLUT,FB2M,left,central,26,57,83,241,803,1044,0.325257,4174.667412,0
720575940626382973,FB.1321,CX,ACH,vDeltaL,left,central,8,5,13,65,42,107,0.255547,35.638699,3
720575940605379506,FB.45,CX,ACH,hDeltaA,right,central,170,46,216,3139,1117,4256,0.299941,18383.702546,3
720575940619237985,FB.63,CX,ACH,hDeltaA,left,central,153,38,191,2654,944,3598,0.302447,11119.452827,3
720575940639404416,FB.59,CX,ACH,hDeltaA,right,central,165,43,208,2671,996,3667,0.307121,14450.888098,3
720575940639710883,FB.176,CX,ACH,hDeltaI,right,central,104,35,139,1613,381,1994,0.31816,14084.060536,3
720575940640228661,FB.72,CX,ACH,hDeltaA,right,central,147,39,186,2292,842,3134,0.306982,8387.225881,3
720575940619141254,FB.129,CX,ACH,hDeltaB,right,central,55,109,164,1601,2685,4286,0.363979,9296.527941,3
720575940602800608,FB.1214,CX,unknown,vDeltaM,left,central,10,10,20,127,77,204,0.279201,90.36085,3
720575940603048108,FB.363,CX,ACH,hDeltaI,right,central,69,19,88,866,176,1042,0.298835,1297.345253,3
720575940604019424,FB.80,CX,ACH,hDeltaA,right,central,154,38,192,2424,849,3273,0.297782,11583.2481,3
720575940604110513,FB.130,CX,ACH,hDeltaB,right,central,52,102,154,1640,2612,4252,0.360292,7289.02297,3
720575940608140380,FB.49,CX,DA,FB4M,right,central,105,150,255,1285,1869,3154,0.368881,21851.542227,3
720575940608413705,FB.173,CX,GLUT,FB4D,left,central,54,82,136,562,870,1432,0.358254,7345.838384,3
720575940610477425,FB.1116,CX,unknown,FS2,left,central,24,2,26,187,13,200,0.243191,350.286683,2
720575940610670250,FB.464,CX,DA,PFR,right,central,67,28,95,1147,233,1380,0.30923,5260.184199,3
720575940612734066,FB.13,CX,DA,FB1H,right,central,187,188,375,1750,1567,3317,0.408505,174835.644698,0
720575940612807830,FB.1210,CX,ACH,vDeltaL,right,central,8,6,14,82,57,139,0.282548,45.317027,3
720575940612895650,FB.328,CX,ACH,hDeltaI,right,central,74,26,100,959,203,1162,0.310081,6625.908965,3
720575940612972693,FB.500,CX,ACH,hDeltaJ,left,central,53,26,79,543,423,966,0.323337,1897.297959,0
720575940613231313,FB.1113,CX,ACH,vDeltaM,right,central,9,10,19,143,105,248,0.262191,64.858392,3
720575940613268370,FB.160,CX,ACH,hDeltaI,right,central,98,28,126,1520,332,1852,0.308148,5295.488339,3
720575940613326250,FB.442,CX,ACH,hDeltaI,right,central,71,18,89,811,181,992,0.304263,2750.194476,3
720575940613490841,FB.131,CX,ACH,hDeltaB,left,central,55,107,162,2176,3027,5203,0.358317,8806.846481,3
720575940613842700,FB.1112,CX,ACH,vDeltaM,right,central,13,14,27,163,94,257,0.274922,461.150687,3
720575940614799154,FB.107,CX,unknown,FB3A,left,central,68,81,149,811,1237,2048,0.353876,3054.442733,3
720575940615283771,FB.1331,CX,ACH,vDeltaM,right,central,7,4,11,78,22,100,0.25246,35.62212,3
720575940615468703,FB.1162,CX,ACH,vDeltaL,left,central,14,11,25,137,117,254,0.27809,542.367294,3
720575940615764061,FB.444,CX,DA,PFR,right,central,72,28,100,1319,250,1569,0.33235,4687.324483,3
720575940615833055,FB.26,CX,GLUT,FB4C,left,central,78,133,211,1538,2627,4165,0.36177,19977.439106,3
720575940616728038,FB.146,CX,ACH,hDeltaB,left,central,59,105,164,1854,2392,4246,0.362612,12789.9146,3
720575940617232017,FB.23,CX,GLUT,FB4G,left,central,91,153,244,1331,2010,3341,0.352338,82500.38918,3
720575940617949861,FB.615,CX,ACH,hDeltaJ,right,central,27,29,56,313,442,755,0.327358,359.911377,0
720575940618195510,FB.1208,CX,GLUT,FB4D,left,central,12,16,28,85,127,212,0.344494,394.419189,0
720575940618744047,FB.613,CX,ACH,hDeltaJ,right,central,35,25,60,327,429,756,0.321848,832.941374,0
720575940618844757,FB.135,CX,ACH,hDeltaB,right,central,54,103,157,1750,2682,4432,0.359397,6762.061253,3
720575940619293622,FB.691,CX,ACH,hDeltaJ,left,central,40,22,62,353,399,752,0.322617,1121.866286,0
720575940619683311,FB.62,CX,ACH,hDeltaH,right,central,138,59,197,2455,1357,3812,0.304629,8202.916006,0
720575940619707728,FB.181,CX,GLUT,FB4J,left,central,48,72,120,468,796,1264,0.354247,5535.036841,3
720575940619832188,FB.1009,CX,ACH,vDeltaL,right,central,18,10,28,164,121,285,0.27612,512.168512,3
720575940620014203,FB.MB_ML.2,CX,unknown,PFR,left,central,69,22,91,1324,301,1625,0.2991,2498.835637,3
720575940620028795,FB.MB_ML.4,CX,unknown,PFR,right,central,80,19,99,1570,290,1860,0.313244,3249.4037,3
720575940620276400,FB.254,CX,GLUT,FB4D,right,central,44,52,96,525,530,1055,0.366612,8290.690198,3
720575940620365812,FB.1390,CX,unknown,vDeltaM,right,central,5,2,7,41,13,54,0.232241,30.727917,3
720575940621709388,FB.48,CX,ACH,hDeltaH,right,central,160,57,217,2960,1338,4298,0.297083,12615.250837,0
720575940621838826,FB.657,CX,ACH,hDeltaJ,left,central,36,25,61,355,434,789,0.325832,931.570993,0
720575940622089195,FB.1176,CX,ACH,vDeltaM,left,central,5,10,15,64,110,174,0.259905,37.852442,3
720575940622184189,FB.1174,CX,ACH,vDeltaM,left,central,11,10,21,110,86,196,0.277785,89.17232,3
720575940623222542,FB.640,CX,ACH,hDeltaJ,right,central,31,25,56,273,366,639,0.323905,1074.649094,0
720575940623261703,FB.1377,CX,unknown,vDeltaM,right,central,6,1,7,54,8,62,0.229532,0.243778,3
720575940623358099,FB.53,CX,DA,FB4M,right,central,94,136,230,1087,1603,2690,0.369217,23542.104872,3
720575940623474412,FB.1300,CX,ACH,vDeltaM,left,central,4,11,15,32,85,117,0.274959,105.628527,3
720575940623590221,FB.611,CX,ACH,hDeltaJ,right,central,33,31,64,329,431,760,0.332295,1113.282492,0
720575940623807672,FB.85,CX,DA,FB4M,left,central,89,138,227,1115,1821,2936,0.383176,22224.197559,3
720575940624102670,FB.217,CX,unknown,FB4D,right,central,49,58,107,565,635,1200,0.344201,2801.125163,3
720575940624103399,FB.579,CX,ACH,hDeltaJ,right,central,38,26,64,343,403,746,0.322206,1797.458513,0
720575940624331722,FB.CRE.36,CX,ACH,FS3,left,central,22,1,23,161,7,168,0.236633,93.738117,4
720575940626111527,FB.1364,CX,unknown,vDeltaM,right,central,7,2,9,72,14,86,0.254265,20.386539,3
720575940626666345,FB.412,CX,ACH,hDeltaI,left,central,74,17,91,888,146,1034,0.316175,6849.464612,3
720575940627377346,FB.1152,CX,ACH,vDeltaL,right,central,8,7,15,75,66,141,0.273254,25.057363,3
720575940628050950,FB.16,CX,DA,FB1H,left,central,182,201,383,1839,1829,3668,0.415114,261942.323467,0
720575940628377856,FB.MB_ML.1,CX,SER,PFR,left,central,75,17,92,1504,275,1779,0.296779,3066.470436,3
720575940629113388,FB.180,CX,ACH,hDeltaB,left,central,44,80,124,1365,1661,3026,0.359397,9161.09047,3
720575940629750138,LAL.FB.1,CX,GLUT,FB4I,right,central,26,82,108,198,1003,1201,0.318711,2972.300309,3
720575940630148655,FB.462,CX,unknown,PFR,right,central,74,26,100,1143,216,1359,0.313729,3927.928647,3
720575940630556743,FB.493,CX,ACH,hDeltaJ,right,central,41,29,70,422,428,850,0.322463,1146.341146,0
720575940630735378,FB.1125,CX,ACH,vDeltaM,right,central,12,9,21,169,102,271,0.273586,87.345665,3
720575940630814762,FB.402,CX,ACH,hDeltaI,right,central,71,17,88,838,155,993,0.322565,3894.025229,3
720575940630822175,FB.291,CX,DA,PFR,right,central,74,32,106,1332,373,1705,0.329165,4694.314931,3
720575940630852300,FB.1124,CX,ACH,vDeltaM,left,central,11,10,21,132,80,212,0.258744,229.073589,3
720575940631785441,FB.253,CX,ACH,hDeltaI,left,central,82,21,103,1061,166,1227,0.320221,10576.534995,3
720575940631991507,FB.144,CX,ACH,hDeltaB,left,central,53,96,149,1888,2348,4236,0.355427,6210.393076,3
720575940632496938,FB.752,CX,unknown,FB4B,right,central,22,30,52,199,936,1135,0.318661,1892.036047,3
720575940632720279,FB.325,CX,ACH,hDeltaI,left,central,77,19,96,912,147,1059,0.313971,8628.227642,3
720575940632825913,FB.77,CX,unknown,FB4B,left,central,70,87,157,2113,3631,5744,0.355427,21904.290567,3
720575940633057762,FB.324,CX,GLUT,FB4F_a,left,central,28,50,78,233,656,889,0.312327,1539.089723,3
720575940633391211,FB.1314,CX,ACH,vDeltaM,right,central,7,7,14,74,65,139,0.25743,40.812882,3
720575940633792595,FB.313,CX,GLUT,FB4D,left,central,36,56,92,413,547,960,0.358825,2230.849259,3
720575940634701025,FB.82,CX,unknown,FB3A,left,central,72,89,161,837,1221,2058,0.354619,7736.703809,3
720575940634788600,FB.193,CX,unknown,FB4D,right,central,46,84,130,516,941,1457,0.364634,3922.709065,3
720575940636069348,FB.71,CX,ACH,hDeltaA,right,central,156,48,204,2818,1001,3819,0.314166,16430.549339,3
720575940638027497,FB.18,CX,GLUT,FB4N,left,central,104,130,234,2639,2137,4776,0.375023,30108.828207,3
720575940639410291,FB.15,CX,GLUT,FB4N,right,central,115,128,243,2595,2001,4596,0.373297,28099.173958,3
720575940639596507,FB.635,CX,ACH,hDeltaJ,left,central,45,28,73,427,432,859,0.322668,2081.136291,0
720575940639598963,FB.1234,CX,SER,hDeltaJ,right,central,15,17,32,118,160,278,0.326409,263.97791,0
720575940639978704,FB.1186,CX,ACH,FS3,right,central,9,1,10,89,8,97,0.236633,69.001048,2
720575940640039040,FB.40,CX,DA,FB4M,left,central,87,134,221,1159,1934,3093,0.385142,23596.635377,3
720575940643745480,FB.288,CX,GLUT,FB4I,left,central,17,61,78,130,749,879,0.30043,1015.318656,3
720575940645448756,FB.1271,CX,SER,hDeltaJ,right,central,10,24,34,67,287,354,0.328792,182.604839,0
720575940646126644,FB.1270,CX,ACH,vDeltaK,left,central,13,6,19,130,72,202,0.265662,195.087425,3
720575940623466632,EB.126,CX,GABA,ER4d,left,central,7,14,21,11,20,31,0.241828,4277.479489,5
720575940603964774,EB.287,CX,GABA,ER4d,right,central,3,5,8,5,6,11,0.258777,465.371222,5
720575940604842924,EB.150,CX,GABA,ER4d,right,central,9,8,17,18,10,28,0.239882,461.30173,5
720575940606102729,EB.135,CX,GABA,ER4d,right,central,5,5,10,6,5,11,0.206059,1059.98112,5
720575940616502175,EB.GA.1,CX,OCT,EL,right,central,7,2,9,10,2,12,0.205808,1542.913361,5
720575940620020694,EB.51,CX,ACH,EPG,right,central,13,2,15,19,3,22,0.26919,8240.745565,5
720575940622342576,EB.89,CX,GABA,ER4d,left,central,5,1,6,5,1,6,0.194754,546.337226,5
720575940623698324,EB.175,CX,GABA,ER4d,left,central,9,9,18,9,9,18,0.300563,17079.521327,5
720575940628493572,EB.23,CX,ACH,EPG,right,central,12,2,14,19,2,21,0.237187,879.930303,5
720575940629213639,EB.139,CX,GABA,ER4d,right,central,9,6,15,11,11,22,0.258579,6608.7705,5
720575940629733114,EB.167,CX,GABA,ER4d,left,central,6,11,17,9,13,22,0.235588,1510.924983,5
720575940630904121,EB.112,CX,GABA,ER4d,left,central,6,7,13,6,7,13,0.237409,157.442206,5
720575940631487047,EB.98,CX,GABA,ER4d,left,central,3,2,5,3,2,5,0.191154,6.210256,5
720575940642877088,EB.148,CX,GABA,ER4d,right,central,8,9,17,10,10,20,0.299808,12660.730621,5
720575940652702710,EB.141,CX,GABA,ER4d,left,central,8,5,13,8,7,15,0.235506,363.337073,5
720575940605591730,NO.204,CX,unknown,PFNp,left,central,3,5,8,8,19,27,0.293428,10.211942,4
720575940621768385,FB.188,CX,DA,FB1C,right,central,63,93,156,392,582,974,0.362223,144266.87609,4
720575940622406260,FB.266,CX,ACH,FC2B,left,central,96,7,103,1601,98,1699,0.302582,1915.913538,0
720575940623199070,FB.182,CX,DA,FB1C,right,central,56,93,149,308,534,842,0.383031,133543.236198,4
720575940627159498,FB.282,CX,DA,FB1C,left,central,49,78,127,304,433,737,0.372268,111137.389658,4
720575940604969161,AOTU.FB.17,TuBu,ACH,TuBu03,right,central,2,5,7,8,174,182,0.246055,8.73019,4
720575940616205083,EB.293,CX,GABA,ER3d,right,central,4,3,7,63,3,66,0.280166,178.379011,4
720575940624783287,EB.247,CX,GABA,ER3d,right,central,5,3,8,126,4,130,0.280709,116.895267,4
720575940621172941,AOTU.FB.53,TuBu,ACH,TuBu04,left,central,1,2,3,5,18,23,0.228112,0,4
720575940639961653,AOTU.FB.54,unknown,unknown,AOTU046,left,central,23,49,72,150,378,528,0.2707,33537.43109,4
720575940607246549,EB.297,CX,GABA,ER3d,left,central,3,1,4,93,1,94,0.265627,131.706663,4
720575940631625953,FB.999,CX,GLUT,FB1B,left,central,19,20,39,263,167,430,0.33885,14781.82395,4
720575940606483657,SLP.FB.4,CX,GLUT,FB1D,right,central,9,44,53,173,563,736,0.379091,4142.569072,4
720575940607938517,FB.710,CX,GLUT,FB1B,left,central,21,29,50,192,236,428,0.342341,4881.149455,4
720575940610636773,FB.1069,CX,ACH,vDeltaA_b,right,central,14,19,33,110,195,305,0.284212,640.246486,4
720575940611904997,FB.456,CX,GLUT,FB1D,right,central,11,44,55,211,513,724,0.371177,1921.94698,4
720575940612234467,FB.1067,CX,ACH,vDeltaA_a,left,central,13,16,29,89,168,257,0.290069,4927.063273,4
720575940618590923,FB.1010,CX,GLUT,FB1B,right,central,14,24,38,175,164,339,0.350874,6403.405059,4
720575940619668206,FB.423,CX,GLUT,FB1D,left,central,12,49,61,224,600,824,0.376766,5410.429942,4
720575940620346795,FB.6,CX,ACH,FB1G,left,central,47,252,299,555,2811,3366,0.433397,152559.605769,1
720575940621846783,FB.485,CX,GLUT,FB1D,left,central,11,48,59,222,559,781,0.374123,1992.946453,4
720575940624306494,FB.549,CX,GLUT,FB1E,right,central,13,45,58,191,419,610,0.353999,1235.704545,4
720575940625649214,FB.5,CX,ACH,FB1G,right,central,42,256,298,495,2847,3342,0.429267,169570.797414,1
720575940625905295,FB.1077,CX,ACH,vDeltaA_a,left,central,18,12,30,132,113,245,0.284531,3207.623568,4
720575940629343196,FB.1126,CX,ACH,vDeltaA_a,left,central,14,14,28,104,106,210,0.306193,30507.663303,4
720575940630463007,FB.1353,CX,ACH,vDeltaA_a,right,central,12,9,21,74,56,130,0.266992,7915.560988,4
720575940633135455,FB.1148,CX,ACH,vDeltaA_a,left,central,18,8,26,131,56,187,0.263178,1195.175325,4
720575940634081272,FB.CRE.96,CX,ACH,FS4A,left,central,6,1,7,47,5,52,0.242435,35.345613,4
720575940637824189,SLP.FB.3,CX,GLUT,FB1D,left,central,9,41,50,180,594,774,0.376067,1129.024692,4
720575940646135940,SLP.FB.2,CX,GLUT,FB1D,right,central,9,42,51,207,613,820,0.359908,2595.432338,4
720575940639473909,NO.FB.20,CX,ACH,PFNd,right,central,20,40,60,194,960,1154,0.346082,402.18033,3
720575940603932448,FB.157,CX,ACH,hDeltaB,left,central,57,109,166,1880,2121,4001,0.371245,15154.032834,3
720575940612152930,NO.143,CX,GABA,FB3A,right,central,16,31,47,72,162,234,0.295008,152.365147,3
720575940612211496,FB.425,CX,DA,PFR,right,central,74,24,98,1191,240,1431,0.327622,3856.57975,3
720575940619104027,FB.490,CX,GLUT,FB4L,left,central,34,59,93,295,505,800,0.353013,9999.643624,3
720575940620028513,FB.68,CX,ACH,hDeltaA,left,central,153,42,195,2810,1089,3899,0.295481,8083.048347,3
720575940623904551,FB.320,CX,DA,PFR,left,central,74,22,96,1109,259,1368,0.310556,2410.19771,3
720575940625968792,FB.463,CX,DA,PFGs,right,central,67,27,94,1084,238,1322,0.315486,3697.651537,3
720575940626812777,FB.139,CX,ACH,hDeltaB,right,central,57,106,163,1661,2401,4062,0.367676,12260.508757,3
720575940627935610,FB.430,CX,DA,PFR,left,central,73,28,101,1197,253,1450,0.335374,6442.850936,3
720575940629112579,NO.FB.1,CX,unknown,FB4C,right,central,53,88,141,351,894,1245,0.350874,18227.794644,3
720575940629712727,NO.FB.23,CX,ACH,PFNd,right,central,14,29,43,132,602,734,0.317016,55.5179,3
720575940630007916,FB.145,CX,ACH,hDeltaB,right,central,55,94,149,1959,2625,4584,0.362158,13317.777732,3
720575940630520314,FB.98,CX,ACH,hDeltaB,left,central,55,121,176,2321,3806,6127,0.377046,36011.630958,3
720575940632891106,FB.156,CX,ACH,hDeltaB,right,central,60,87,147,2122,3106,5228,0.360612,29532.507698,3
720575940634843247,NO.FB.29,CX,ACH,PFNd,right,central,12,27,39,96,555,651,0.333224,30.2112,3
720575940635319663,FB.138,CX,ACH,hDeltaB,right,central,56,99,155,1777,2210,3987,0.35978,7818.600606,3
720575940639861301,LAL.FB.4,CX,unknown,FB3A,right,central,26,45,71,132,315,447,0.31856,282.08449,3
720575940612627058,FB.564,CX,ACH,FC2C,right,central,48,10,58,603,112,715,0.30101,2716.764649,2
720575940618174447,SMP.FB.31,CX,GLUT,FB8A,right,central,9,42,51,55,486,541,0.294665,1469.615888,4
720575940619489857,FB.642,CX,ACH,FC2C,left,central,33,12,45,504,140,644,0.304446,3019.286031,0
720575940619578608,FB.598,CX,ACH,FC2B,right,central,55,9,64,801,113,914,0.30408,1824.264997,0
720575940621025037,FB.551,CX,ACH,FC2C,right,central,49,11,60,666,99,765,0.30661,5545.183988,2
720575940623880013,FB.886,CX,unknown,FC2C,right,central,28,9,37,365,75,440,0.301099,1589.792438,2
720575940626356648,FB.917,CX,ACH,FC2C,right,central,30,9,39,382,86,468,0.304492,2862.245771,4
720575940627569658,FB.703,CX,ACH,FC2C,left,central,27,10,37,387,111,498,0.300296,2432.059994,4
720575940627777527,FB.623,CX,GLUT,FB8A,left,central,12,37,49,82,509,591,0.307214,2773.09829,4
720575940627901687,FB.788,CX,ACH,FC2C,right,central,25,14,39,387,120,507,0.306657,3237.981375,2
720575940630019385,FB.736,CX,ACH,FC2C,right,central,31,6,37,404,60,464,0.298835,2818.184693,4
720575940633982303,FB.621,CX,ACH,FC2C,left,central,40,11,51,506,111,617,0.301682,3313.0017,2
720575940607862217,FB.518,CX,unknown,FB6O,left,central,40,52,92,276,487,763,0.315045,9260.866398,2
720575940613052200,FB.44,CX,GLUT,FB6H,left,central,105,94,199,1364,1423,2787,0.310794,12733.312798,2
720575940613132178,FB.197,CX,GLUT,FB6B,right,central,65,83,148,578,868,1446,0.306935,4079.047638,2
720575940618688276,FB.925,CX,unknown,vDeltaC,left,central,28,19,47,211,183,394,0.284531,752.248744,2
720575940620203340,FB.259,CX,GLUT,FB7G,left,central,53,57,110,447,628,1075,0.307541,2832.460248,2
720575940624892858,FB.306,CX,GLUT,FB6B,left,central,44,90,134,361,799,1160,0.310318,5067.910084,2
720575940627723338,FB.476,CX,GLUT,FB7G,left,central,29,52,81,220,569,789,0.305455,2013.716219,2
720575940627768698,FB.133,CX,GLUT,FB6O,right,central,88,75,163,1117,1035,2152,0.321797,16062.033025,2
720575940637729370,FB.119,CX,ACH,hDeltaL,right,central,111,63,174,2060,866,2926,0.304629,11724.483536,2
720575940651565558,FB.573,CX,GLUT,FB7E,right,central,20,34,54,141,390,531,0.29275,1239.593007,4
720575940624417052,FB.806,CX,ACH,FC1A,right,central,14,26,40,151,284,435,0.309891,674.3455,1
720575940605384882,FB.779,CX,ACH,FC1D,right,central,16,29,45,129,290,419,0.302582,581.235384,1
720575940606723081,FB.593,CX,ACH,FC3,right,central,25,33,58,190,350,540,0.321185,4495.22164,1
720575940614013382,FB.544,CX,ACH,FC3,right,central,20,37,57,178,508,686,0.321491,2151.693008,0
720575940617921877,FB.771,CX,ACH,FC1D,right,central,17,19,36,156,206,362,0.296518,436.537455,1
720575940619578352,FB.1134,CX,ACH,FC3,right,central,8,17,25,73,177,250,0.303398,242.134537,0
720575940621782381,FB.235,CX,DA,FB2A,left,central,68,78,146,705,704,1409,0.356114,27866.365827,1
720575940624276410,FB.CRE.17,CX,ACH,FC1C,right,central,25,8,33,212,63,275,0.28809,1652.586393,1
720575940626682384,FB.1026,CX,ACH,FC1C,right,central,16,9,25,98,75,173,0.291949,393.461279,1
720575940628705271,FB.356,CX,DA,FB2A,left,central,59,65,124,527,505,1032,0.355864,15832.833317,1
720575940629538858,FB.802,CX,ACH,FC1C,right,central,16,18,34,128,205,333,0.294793,189.080495,1
720575940629757496,FB.668,CX,ACH,FC3,right,central,20,31,51,196,266,462,0.317811,3518.981113,1
720575940632091929,FB.880,CX,ACH,FC1A,right,central,15,28,43,147,278,425,0.305916,178.821028,1
720575940640002256,FB.536,CX,DA,FB2A,right,central,46,40,86,342,278,620,0.334488,5694.281302,1
720575940611419414,FB.1042,CX,ACH,FC1C,right,central,22,6,28,162,62,224,0.281137,245.117115,1
720575940611758819,FB.1183,CX,ACH,FC3,right,central,6,17,23,50,146,196,0.288377,253.275457,0
720575940612599533,FB.510,CX,GLUT,FB2F_b,left,central,16,56,72,128,502,630,0.341246,1140.418137,0
720575940612694568,FB.321,CX,GLUT,FB2F_d,left,central,24,67,91,172,536,708,0.352215,4905.766218,0
720575940613959180,FB.926,CX,ACH,FC3,left,central,16,24,40,133,209,342,0.300163,1124.423874,1
720575940616828201,FB.940,CX,ACH,FC3,right,central,8,19,27,90,211,301,0.304446,222.162296,1
720575940618772870,FB.851,CX,ACH,vDeltaF,left,central,17,24,41,203,287,490,0.310794,741.158733,0
720575940624012350,FB.431,CX,GLUT,FB2F_d,right,central,15,53,68,104,414,518,0.338454,1667.457709,0
720575940630764359,FB.717,CX,ACH,FC3,left,central,21,27,48,184,248,432,0.308242,3128.437901,1
720575940634066424,FB.368,CX,GLUT,FB2F_b,right,central,20,69,89,154,602,756,0.343734,3285.052327,0
720575940610137969,FB.912,CX,ACH,vDeltaF,left,central,20,22,42,264,298,562,0.300653,395.163118,0
720575940610634725,FB.675,CX,ACH,FC2C,left,central,40,8,48,550,82,632,0.337721,19314.261168,2
720575940611726829,FB.911,CX,ACH,vDeltaE,right,central,24,19,43,263,264,527,0.28145,536.280289,0
720575940614442090,FB.338,CX,ACH,FC2B,right,central,80,12,92,1187,153,1340,0.33868,7736.646788,0
720575940618133371,FB.297,CX,ACH,FC2B,right,central,89,13,102,1334,153,1487,0.312423,3399.75869,0
720575940621782125,FB.87,CX,GLUT,FB6E,left,central,56,146,202,1020,2179,3199,0.337665,12799.411569,2
720575940623712656,FB.560,CX,ACH,FC2B,right,central,61,8,69,803,84,887,0.304583,1351.695164,0
720575940628136809,FB.286,CX,ACH,FC2B,left,central,89,11,100,1278,162,1440,0.338397,7409.56918,0
720575940629846841,FB.1022,CX,ACH,vDeltaE,left,central,18,16,34,208,224,432,0.290318,212.074244,0
720575940630692143,FB.760,CX,unknown,hDeltaJ,left,central,36,18,54,311,368,679,0.323337,737.529136,0
720575940611284659,FB.433,CX,GLUT,FB4A,right,central,38,41,79,377,347,724,0.322925,1148.819138,0
720575940618308987,FB.22,CX,GLUT,FB4X,right,central,78,154,232,1547,2638,4185,0.353937,11353.433232,0
720575940618792942,FB.337,CX,ACH,FC2A,right,central,73,20,93,915,195,1110,0.308102,2163.970623,0
720575940619913221,FB.69,CX,ACH,hDeltaH,right,central,132,59,191,2573,1460,4033,0.298308,9471.860066,0
720575940622462173,FB.19,CX,GLUT,FB4X,left,central,77,168,245,1614,2858,4472,0.369284,17471.753452,0
720575940623855117,FB.149,CX,GLUT,FB5C,right,central,66,69,135,571,925,1496,0.312038,4197.21591,0
720575940627400776,FB.128,CX,GLUT,PFR,left,central,133,63,196,2182,554,2736,0.345551,37244.845726,3
720575940628067846,FB.303,CX,DA,PFR,right,central,85,24,109,1209,229,1438,0.311511,3417.368456,3
720575940630020409,FB.531,CX,ACH,hDeltaJ,right,central,41,28,69,409,404,813,0.323182,1094.25099,0
720575940605756081,FB.521,CX,GLUT,FB4A,left,central,32,40,72,271,326,597,0.319414,1148.514065,0
720575940611606830,FB.643,CX,GLUT,FB4Q_b,left,central,51,48,99,447,362,809,0.330399,2951.460634,0
720575940615326779,FB.273,CX,ACH,FC2B,right,central,90,14,104,1469,151,1620,0.311798,3971.367587,0
720575940616968733,FB.284,CX,ACH,FC2B,right,central,92,9,101,1460,105,1565,0.3044,2235.283961,0
720575940622252865,FB.377,CX,GLUT,FB4Q_b,right,central,43,77,120,381,641,1022,0.330023,978.562081,0
720575940623277547,FB.706,CX,GLUT,FB4A,left,central,23,26,49,150,230,380,0.301817,1090.642692,3
720575940627082500,FB.147,CX,GLUT,FB5C,right,central,67,73,140,621,856,1477,0.318661,8113.570704,0
720575940627740922,FB.245,CX,ACH,FC2B,left,central,89,9,98,1355,108,1463,0.30472,1901.849827,0
720575940627943966,FB.327,CX,SER,FC2A,right,central,75,25,100,898,230,1128,0.32088,3012.220989,0
720575940630025528,FB.316,CX,DA,PFR,right,central,82,30,112,1050,282,1332,0.333005,4396.433835,3
720575940631508255,FB.88,CX,ACH,hDeltaH,left,central,115,56,171,1830,1310,3140,0.292159,6543.848561,0
720575940636229183,FB.241,CX,ACH,FC2B,left,central,96,11,107,1598,138,1736,0.305271,2312.268548,0
720575940658902401,FB.618,CX,GLUT,FB4A,right,central,34,24,58,272,210,482,0.312616,280.575797,0
720575940625678650,FB.469,CX,ACH,FC2B,right,central,65,13,78,838,144,982,0.306935,2126.903275,0
720575940622841037,CRE.FB.12,CX,GLUT,FB5Q,right,central,26,29,55,159,680,839,0.346318,2208.608667,0
720575940623430621,FB.LAL.15,CX,ACH,PFL3,left,central,52,1,53,673,1,674,0.276913,1383.915919,0
720575940623490748,FB.168,CX,ACH,hDeltaM,right,central,97,45,142,1723,762,2485,0.327622,7519.893279,0
720575940625455247,FB.2,CX,GABA,FB5A,right,central,135,256,391,2147,4651,6798,0.391388,100716.543893,0
720575940627109116,FB.319,CX,GLUT,FB5F,right,central,30,44,74,209,663,872,0.350207,2790.697361,0
720575940629922934,FB.LAL.19,CX,ACH,PFL2,left,central,72,5,77,836,28,864,0.260072,9858.270629,0
720575940631151663,FB.LAL.14,CX,ACH,PFL3,right,central,55,1,56,664,1,665,0.288705,1941.317132,0
720575940635467150,FB.LAL.12,CX,ACH,PFL2,right,central,77,2,79,880,4,884,0.206458,32.263859,0
720575940644706083,FB.LAL.2,CX,ACH,PFL3,right,central,76,2,78,1027,7,1034,0.238443,127.825918,0
720575940629315900,FB.1194,CX,ACH,vDeltaA_a,right,central,12,9,21,81,65,146,0.258414,316.971951,4
720575940627174928,FB.1198,CX,ACH,vDeltaA_a,right,central,11,11,22,75,73,148,0.259141,486.83358,4
720575940627712335,FB.1130,CX,ACH,vDeltaA_a,right,central,16,10,26,107,86,193,0.263829,268.869643,4
720575940629899628,FB.968,CX,ACH,vDeltaA_a,right,central,21,14,35,148,155,303,0.271207,3900.961136,4
720575940634752225,FB.1006,CX,ACH,vDeltaA_a,right,central,19,12,31,141,96,237,0.280476,2244.157844,4
720575940645927812,FB.896,CX,ACH,vDeltaA_a,right,central,23,18,41,170,141,311,0.296042,6903.081832,4
720575940631822663,AOTU.FB.13,TuBu,ACH,TuBu03,right,central,2,7,9,11,157,168,0.250216,36.372096,4
720575940606591836,EB.260,CX,GABA,ER3d,right,central,7,4,11,130,4,134,0.245727,695.407636,4
720575940614073315,EB.271,CX,GABA,ER3d,right,central,7,4,11,105,4,109,0.271062,1852.232716,4
720575940625506027,EB.300,CX,GABA,ER3d,right,central,4,2,6,145,2,147,0.268512,160.511824,4
720575940619469147,FB.978,CX,GLUT,FB2K,right,central,6,16,22,35,174,209,0.333059,398.640426,0
720575940605104049,FB.330,CX,GLUT,FB2G,left,central,17,65,82,179,605,784,0.336823,2623.135998,0
720575940618386321,FB.394,CX,GLUT,FB2G,right,central,15,68,83,196,559,755,0.332677,879.896264,0
720575940619673664,FB.343,CX,GLUT,FB2G,right,central,15,64,79,174,647,821,0.31831,1016.844351,0
720575940621490968,FB.359,CX,GLUT,FB2G,left,central,22,67,89,224,564,788,0.333059,3009.068329,0
720575940621501720,FB.118,CX,ACH,hDeltaM,right,central,117,55,172,2181,894,3075,0.337833,12264.423317,0
720575940627965187,FB.311,CX,GLUT,FB2M,left,central,22,68,90,276,656,932,0.315929,2060.012744,0
720575940630057258,FB.269,CX,GLUT,FB2M,right,central,26,65,91,294,861,1155,0.327994,2853.122181,0
720575940607263068,NO.FB.127,CX,unknown,unknown,right,central,2,2,4,6,9,15,0.249969,305.247698,4
720575940615785755,FB.1012,CX,SER,vDeltaA_b,left,central,16,17,33,110,190,300,0.283655,3090.216334,4
720575940637994328,FB.1071,CX,ACH,vDeltaI_b,right,central,13,10,23,124,104,228,0.292286,1274.158808,0
720575940634280288,FB.79,CX,unknown,FB5K,left,central,102,77,179,1452,2253,3705,0.314312,11761.08972,0
720575940602831328,FB.665,CX,ACH,vDeltaG,right,central,24,30,54,282,360,642,0.321542,2526.175672,0
720575940604451505,FB.32,CX,unknown,FB5H,right,central,109,106,215,1344,1060,2404,0.362677,32522.372577,0
720575940605583136,FB.31,CX,unknown,FB4Y,left,central,133,148,281,1420,1323,2743,0.367743,156266.33032,3
720575940607343829,FB.750,CX,ACH,vDeltaF,right,central,18,25,43,348,395,743,0.314654,807.5488,0
720575940608179268,FB.678,CX,ACH,vDeltaI_a,left,central,25,26,51,273,296,569,0.312038,1962.169214,0
720575940609261922,FB.696,CX,ACH,vDeltaF,left,central,22,23,45,262,285,547,0.311511,399.761319,0
720575940611243690,FB.777,CX,ACH,vDeltaG,right,central,18,30,48,207,343,550,0.31821,756.38812,0
720575940614615557,FB.672,CX,ACH,vDeltaG,right,central,23,23,46,257,319,576,0.309324,1243.609585,0
720575940615018838,FB.813,CX,ACH,vDeltaF,left,central,19,23,42,255,309,564,0.311702,347.872361,0
720575940615134011,FB.774,CX,ACH,vDeltaG,right,central,19,21,40,254,324,578,0.308477,952.680043,0
720575940616204091,FB.728,CX,ACH,vDeltaI_a,left,central,22,22,44,282,337,619,0.31583,3142.68222,0
720575940616218452,FB.661,CX,ACH,vDeltaG,right,central,15,30,45,202,323,525,0.326199,437.307238,0
720575940616410171,FB.56,CX,ACH,hDeltaH,left,central,140,61,201,2645,1466,4111,0.306471,8875.42718,0
720575940617225565,FB.100,CX,unknown,FB5L,left,central,71,115,186,1009,2309,3318,0.315045,11326.249992,0
720575940618523585,FB.830,CX,ACH,vDeltaI_a,left,central,18,21,39,221,248,469,0.302267,740.148555,0
720575940618624239,FB.871,CX,ACH,vDeltaG,left,central,16,23,39,200,295,495,0.312086,528.449084,0
720575940618867627,FB.612,CX,ACH,vDeltaG,right,central,22,29,51,320,405,725,0.316719,1190.792373,0
720575940619126950,FB.692,CX,ACH,vDeltaF,right,central,22,24,46,312,406,718,0.310176,407.570825,0
720575940619226689,FB.889,CX,ACH,vDeltaF,right,central,14,26,40,170,290,460,0.31441,291.438804,0
720575940620314304,FB.769,CX,ACH,vDeltaF,right,central,21,28,49,265,354,619,0.306703,451.47808,0
720575940620632652,FB.725,CX,ACH,vDeltaI_a,right,central,23,22,45,302,261,563,0.306564,1132.783157,0
720575940620700886,FB.808,CX,ACH,vDeltaI_a,right,central,22,27,49,235,318,553,0.315585,3043.508456,0
720575940621586628,FB.937,CX,ACH,vDeltaI_b,left,central,17,20,37,176,181,357,0.300341,685.866551,0
720575940622069347,FB.541,CX,ACH,FS1A,right,central,42,14,56,472,96,568,0.317811,16577.958689,3
720575940622392299,FB.791,CX,ACH,vDeltaG,left,central,11,27,38,199,343,542,0.311606,268.08136,0
720575940622471721,FB.97,CX,ACH,hDeltaH,right,central,123,55,178,2067,1313,3380,0.319666,15584.971443,0
720575940624166949,FB.625,CX,ACH,vDeltaF,left,central,25,32,57,325,374,699,0.309986,852.080459,0
720575940624583708,FB.654,CX,ACH,vDeltaI_a,right,central,29,28,57,339,340,679,0.309797,2346.679223,0
720575940626609128,FB.766,CX,ACH,vDeltaI_a,right,central,19,24,43,224,297,521,0.310556,747.989916,0
720575940627269562,FB.906,CX,unknown,vDeltaI_b,left,central,22,19,41,217,193,410,0.299763,1034.76984,0
720575940627460337,FB.653,CX,ACH,vDeltaF,left,central,24,31,55,282,394,676,0.325727,1880.870847,0
720575940628320515,FB.764,CX,ACH,vDeltaF,left,central,26,21,47,324,306,630,0.288459,508.629435,0
720575940628458812,FB.718,CX,ACH,vDeltaF,right,central,25,26,51,355,383,738,0.312038,1245.414887,0
720575940628567034,FB.639,CX,unknown,vDeltaI_a,right,central,29,20,49,334,250,584,0.301682,1460.546714,0
720575940628695034,FB.1150,CX,unknown,vDeltaI_b,left,central,9,18,27,71,144,215,0.302673,704.711603,0
720575940628764268,FB.883,CX,ACH,vDeltaG,right,central,11,21,32,176,271,447,0.312567,260.239337,0
720575940628990713,FB.702,CX,ACH,vDeltaG,right,central,16,28,44,198,374,572,0.31368,773.159762,0
720575940629202681,FB.1023,CX,ACH,vDeltaI_b,left,central,21,11,32,213,137,350,0.297825,1127.077458,0
720575940629827907,FB.762,CX,ACH,vDeltaG,left,central,16,26,42,215,306,521,0.326567,559.731234,0
720575940629955915,FB.684,CX,ACH,vDeltaG,left,central,22,26,48,283,376,659,0.313002,988.884412,0
720575940629983884,FB.1074,CX,unknown,vDeltaI_a,right,central,21,12,33,157,106,263,0.293131,574.89823,0
720575940630087030,FB.588,CX,ACH,vDeltaI_a,left,central,25,30,55,329,391,720,0.313534,2118.052504,0
720575940631303212,FB.671,CX,ACH,vDeltaG,left,central,22,21,43,230,272,502,0.308289,826.658373,0
720575940631372845,FB.1093,CX,ACH,vDeltaI_b,right,central,19,8,27,175,86,261,0.283774,1068.68474,0
720575940632074521,FB.735,CX,ACH,vDeltaF,left,central,14,30,44,236,325,561,0.316175,522.906423,0
720575940632934355,FB.838,CX,unknown,vDeltaI_a,right,central,25,17,42,245,165,410,0.297432,619.70202,0
720575940633437176,FB.51,CX,ACH,hDeltaH,left,central,149,57,206,2623,1332,3955,0.294024,9264.690584,0
720575940634809230,FB.1090,CX,unknown,vDeltaI_a,left,central,20,11,31,187,104,291,0.293343,509.434911,0
720575940636191977,FB.651,CX,ACH,vDeltaG,right,central,18,32,50,244,347,591,0.317264,800.390367,0
720575940638857424,FB.731,CX,ACH,vDeltaI_a,left,central,20,24,44,219,294,513,0.30923,967.680515,0
720575940640164029,FB.775,CX,ACH,vDeltaF,right,central,24,24,48,302,325,627,0.296953,506.679195,0
720575940641715144,FB.876,CX,unknown,vDeltaI_a,left,central,21,20,41,232,220,452,0.302537,711.284305,0
720575940643259336,FB.634,CX,ACH,vDeltaI_a,left,central,25,27,52,272,273,545,0.308008,926.752005,0
720575940643408164,FB.92,CX,ACH,hDeltaH,left,central,133,47,180,2215,1222,3437,0.301144,7300.363395,0
720575940605480806,FB.136,CX,GLUT,FB6W,left,central,67,65,132,626,985,1611,0.316077,4421.916352,0
720575940620156795,FB.272,CX,ACH,FC2B,left,central,87,12,99,1575,165,1740,0.306332,1722.138842,0
720575940621050228,FB.210,CX,GLUT,FB5O,right,central,32,71,103,308,1011,1319,0.310081,1967.117786,0
720575940622156148,FB.MB_ML.3,CX,SER,PFR,left,central,81,22,103,1398,261,1659,0.315535,4182.382444,3
720575940637558618,FB.399,CX,ACH,FC2B,left,central,66,12,78,913,150,1063,0.304629,1430.225086,0
720575940621255011,FB.827,CX,ACH,vDeltaE,right,central,22,26,48,303,327,630,0.299719,782.175123,0
720575940618746491,FB.MB_ML.7,CX,unknown,PFR,right,central,63,18,81,1105,264,1369,0.312857,3613.441717,3
720575940622366540,FB.707,CX,SER,FB6N,right,central,21,28,49,135,431,566,0.290693,638.211109,0
720575940624077517,FB.184,CX,GLUT,FB5AA,right,central,58,61,119,520,882,1402,0.32195,5059.219497,0
720575940624611018,FB.395,CX,ACH,FC2B,right,central,69,8,77,925,107,1032,0.305916,1941.931152,0
720575940635869541,FB.1219,CX,ACH,vDeltaL,right,central,9,10,19,82,87,169,0.27157,75.07232,3
720575940617387732,FB.14,CX,GABA,FB4H,left,central,112,180,292,992,3094,4086,0.31831,46905.539405,3
720575940622265525,FB.1078,CX,ACH,vDeltaK,right,central,17,9,26,147,104,251,0.275109,401.294921,3
720575940626858831,FB.1169,CX,ACH,vDeltaJ,right,central,9,10,19,100,66,166,0.291907,136.779304,3
720575940629272850,FB.1168,CX,ACH,vDeltaL,right,central,13,8,21,134,120,254,0.280321,316.00704,3
720575940634145436,FB.142,CX,GLUT,FB4P_a,right,central,74,69,143,766,794,1560,0.331209,13867.585,3
720575940608702475,FB.465,CX,GLUT,FB5R,right,central,49,29,78,729,499,1228,0.294365,1866.02991,0
720575940610160789,FB.817,CX,ACH,vDeltaE,right,central,19,22,41,251,253,504,0.296172,462.559366,0
720575940611396835,PB.20,CX,ACH,PEG,right,central,6,4,10,33,33,66,0.272593,793.061194,3
720575940611851506,FB.1114,CX,unknown,FS2,right,central,18,2,20,160,11,171,0.22309,90.529353,2
720575940612053106,FB.502,CX,GLUT,FB6,left,central,45,31,76,512,400,912,0.27307,844.476894,2
720575940613605698,FB.389,CX,GLUT,FB5R,left,central,47,29,76,823,591,1414,0.292328,672.713846,0
720575940614546911,FB.406,CX,GLUT,FB5R,left,central,56,30,86,921,457,1378,0.292581,1265.531711,0
720575940616973313,FB.489,CX,GLUT,FB5S,right,central,37,30,67,636,563,1199,0.292412,1115.805635,0
720575940617296155,FB.1328,CX,SER,FC2C,left,central,10,3,13,80,21,101,0.294152,138.958536,0
720575940618225067,FB.756,CX,ACH,vDeltaE,right,central,22,22,44,257,292,549,0.283298,470.380571,0
720575940618463960,FB.529,CX,ACH,FC2B,left,central,53,9,62,654,119,773,0.301144,949.389721,0
720575940618468957,FB.410,CX,GLUT,FB6,left,central,53,31,84,658,484,1142,0.273107,2085.838142,2
720575940618884299,FB.870,CX,ACH,vDeltaE,left,central,15,21,36,188,262,450,0.303489,174.271705,0
720575940619111846,FB.606,CX,GLUT,FB6,left,central,37,18,55,442,111,553,0.269727,1616.225054,2
720575940620156326,FB.509,CX,GLUT,FB5S,right,central,38,31,69,620,504,1124,0.29275,2983.055601,0
720575940621975081,FB.358,CX,DA,PFR,right,central,78,35,113,1375,335,1710,0.344845,8427.032302,3
720575940622051818,FB.SMP.14,CX,ACH,FS2,right,central,21,3,24,193,15,208,0.246624,674.540278,2
720575940622125153,FB.455,CX,GLUT,FB5R,left,central,48,34,82,719,489,1208,0.302041,2906.279759,0
720575940622846099,FB.847,CX,ACH,vDeltaE,left,central,20,21,41,250,314,564,0.27714,448.948935,0
720575940623131319,FB.755,CX,ACH,vDeltaE,left,central,22,23,45,290,289,579,0.296302,730.112684,0
720575940623784231,FB.264,CX,unknown,FC2B,right,central,86,11,97,1284,146,1430,0.304263,2763.627613,0
720575940623815155,FB.655,CX,ACH,FC2C,right,central,38,9,47,480,78,558,0.301368,2329.638286,2
720575940624700674,FB.884,CX,ACH,vDeltaE,right,central,18,19,37,255,267,522,0.274141,133.229261,0
720575940625637562,FB.263,CX,unknown,FC2B,right,central,92,9,101,1377,152,1529,0.30408,2335.614121,0
720575940625968515,FB.526,CX,GLUT,FB5R,left,central,39,28,67,701,601,1302,0.292075,948.791751,0
720575940626375305,FB.468,CX,GLUT,FB5S,left,central,44,29,73,639,527,1166,0.287803,5172.882048,2
720575940626469898,FB.436,CX,GLUT,FB5R,right,central,40,39,79,789,497,1286,0.300118,2191.2656,0
720575940626793871,FB.453,CX,GLUT,FB5S,left,central,50,26,76,850,418,1268,0.288008,1697.655659,0
720575940626798480,FB.388,CX,GLUT,FB5S,right,central,62,24,86,1011,358,1369,0.270628,4135.425634,2
720575940626814666,FB.487,CX,GLUT,FB5R,right,central,38,27,65,633,465,1098,0.295653,723.881593,0
720575940628675948,FB.954,CX,ACH,vDeltaE,left,central,18,16,34,206,198,404,0.273549,280.274748,2
720575940629079084,FB.1277,CX,unknown,FS2,right,central,18,1,19,157,6,163,0.223533,7.941723,0
720575940629342479,FB.281,CX,GLUT,FB5G,right,central,44,31,75,315,702,1017,0.325937,2585.922931,0
720575940629423580,FB.CRE.75,CX,ACH,FS2,right,central,17,1,18,147,6,153,0.229091,13.692715,0
720575940629552633,FB.763,CX,DA,FB5R,left,central,29,10,39,316,80,396,0.274885,166.824775,0
720575940631004728,FB.506,CX,SER,FC2B,right,central,49,12,61,621,134,755,0.336879,7875.532449,0
720575940632424011,FB.565,CX,GLUT,FB5R,left,central,41,28,69,642,529,1171,0.298439,1361.071541,0
720575940635530359,FB.214,CX,ACH,FC2B,left,central,104,7,111,1730,123,1853,0.300163,3303.148975,0
720575940635990640,FB.LAL.1,CX,ACH,PFL2,right,central,92,2,94,1188,4,1192,0.206458,92.724089,0
720575940636735198,FB.466,CX,ACH,FC2B,left,central,63,8,71,913,100,1013,0.302673,2373.117648,0
720575940651558646,FB.633,CX,GLUT,FB5S,left,central,33,17,50,511,139,650,0.277291,614.291096,0
720575940610919778,FB.154,CX,GLUT,FB5D,left,central,76,65,141,663,728,1391,0.342283,16166.529947,0
720575940617244347,FB.36,CX,unknown,FB4Y,right,central,121,129,250,1244,1231,2475,0.372679,67917.687926,3
720575940624863516,FB.844,CX,DA,PFR,left,central,40,20,60,416,136,552,0.303398,533.718897,3
720575940625880472,FB.547,CX,DA,PFR,right,central,59,24,83,833,207,1040,0.320474,4692.261146,3
720575940627730206,FB.488,CX,DA,PFGs,right,central,67,25,92,1028,252,1280,0.31851,4549.917536,3
720575940632402588,FB.459,CX,DA,PFR_a,left,central,73,16,89,1021,177,1198,0.310794,4857.512474,3
720575940638310784,FB.636,CX,ACH,FC1A,left,central,23,33,56,273,330,603,0.299365,697.905012,1
720575940604444081,FB.535,CX,unknown,FB2I_a,left,central,27,35,62,553,618,1171,0.330777,704.799327,1
720575940611263602,FB.832,CX,ACH,FC1C,right,central,21,18,39,173,155,328,0.296432,1186.008995,1
720575940612272424,FB.LAL.46,CX,ACH,PFL1,left,central,34,2,36,412,2,414,0.247105,39.094437,1
720575940615650009,FB.993,CX,ACH,FC1D,left,central,20,17,37,152,185,337,0.293981,256.01928,1
720575940615748025,FB.645,CX,unknown,FB2I_a,right,central,29,31,60,562,502,1064,0.324996,836.81686,1
720575940619271344,FB.991,CX,ACH,FC1D,left,central,19,17,36,144,198,342,0.292792,2550.079084,1
720575940620339438,FB.829,CX,ACH,FC1C,left,central,21,15,36,174,145,319,0.329593,2038.222453,1
720575940623044327,FB.743,CX,ACH,FC1D,left,central,22,19,41,178,186,364,0.301772,1241.289842,1
720575940623175969,FB.856,CX,GLUT,FB2K,left,central,23,23,46,137,263,400,0.346555,2223.061461,0
720575940626471957,FB.LAL.38,CX,ACH,PFL1,right,central,42,2,44,554,2,556,0.266045,1404.91598,1
720575940630539335,FB.652,CX,GLUT,FB2C,left,central,28,45,73,166,322,488,0.353444,6920.446309,0
720575940630631736,FB.LAL.45,CX,ACH,PFL1,left,central,29,1,30,411,1,412,0.25152,66.691162,1
720575940631282247,LAL.FB.3,CX,GLUT,FB2K,right,central,10,19,29,57,224,281,0.347983,1147.292783,0
720575940631814085,FB.815,CX,DA,FB2I_a,left,central,26,24,50,472,411,883,0.321695,3689.172395,1
720575940636924479,FB.372,CX,DA,FB2A,left,central,49,63,112,471,535,1006,0.371927,30785.744165,1
720575940638055024,FB.SMP.23,CX,ACH,FB1B,right,central,19,40,59,116,318,434,0.333608,1619.567745,1
720575940645405060,FB.1310,CX,ACH,vDeltaM,right,central,5,6,11,34,39,73,0.250185,19.837003,3
720575940617716770,FB.1327,CX,ACH,vDeltaL,left,central,6,5,11,45,52,97,0.26311,79.100017,3
720575940627054988,FB.868,CX,ACH,vDeltaD,right,central,20,22,42,182,251,433,0.279741,576.009856,2
720575940624437735,FB.179,CX,GLUT,FB7G,right,central,65,58,123,520,694,1214,0.301547,3267.869877,2
720575940626138008,FB.294,CX,GLUT,FB7G,right,central,53,60,113,465,680,1145,0.303625,3264.574798,2
720575940628174415,FB.178,CX,GLUT,FB6B,right,central,65,86,151,478,820,1298,0.322104,4421.324304,2
720575940631086649,FB.637,CX,GLUT,FB7G,right,central,22,37,59,140,442,582,0.297301,721.389247,2
720575940603925280,FB.1213,CX,ACH,FS2,right,central,18,1,19,137,10,147,0.232748,7.568562,2
720575940626158223,FB.SMP.17,CX,ACH,FS3,left,central,18,2,20,141,12,153,0.244482,162.870336,4
720575940630849325,FB.440,CX,GLUT,FB6,right,central,51,29,80,546,396,942,0.271388,1480.012201,2
720575940661139073,FB.480,CX,GLUT,FB5R,right,central,44,30,74,675,530,1205,0.301457,1914.654037,0
720575940629076473,FB.134,CX,ACH,hDeltaM,right,central,106,43,149,1860,651,2511,0.325205,6165.407052,0
720575940621074835,EB.159,CX,ACH,PEN_a/PEN1,left,central,1,4,5,1,4,5,0.229091,15.527778,3
720575940615177099,EB.140,CX,ACH,PEN_b/PEN2,left,central,4,7,11,4,14,18,0.293768,6580.235568,3
720575940625021796,EB.138,CX,ACH,PEN_b/PEN2,left,central,4,7,11,4,13,17,0.269333,7563.219371,3
720575940626137895,EB.33,CX,ACH,EPG,left,central,4,3,7,6,4,10,0.237911,7480.162503,3
720575940630666404,EB.144,CX,ACH,PEN_b/PEN2,right,central,2,3,5,2,3,5,0.250866,879.788945,3
720575940604064958,FB.962,CX,ACH,FC2C,left,central,24,10,34,256,62,318,0.300965,2395.131713,2
720575940613348271,FB.648,CX,ACH,FC2C,right,central,38,10,48,471,86,557,0.301368,1833.492306,2
720575940622461320,FB.386,CX,GLUT,FB7J,right,central,60,40,100,767,453,1220,0.303625,17026.845427,4
720575940630736170,FB.1000,CX,GLUT,FB8D,left,central,5,23,28,40,266,306,0.280243,242.486889,4
720575940631025219,FB.524,CX,ACH,FC2C,right,central,61,11,72,802,118,920,0.334158,14851.10065,2
720575940641557133,FB.877,CX,ACH,FC2C,left,central,30,8,38,377,57,434,0.300831,2365.184372,4
720575940602747360,FB.382,CX,ACH,hDeltaJ,left,central,68,19,87,644,287,931,0.319213,3261.948813,3
720575940609777476,FB.520,CX,GLUT,FB5X,right,central,25,36,61,261,419,680,0.312857,1022.556177,0
720575940618374558,FB.553,CX,GLUT,FB4Q_b,right,central,38,48,86,336,398,734,0.300563,1184.598912,0
720575940620760429,FB.486,CX,GLUT,FB5X,right,central,28,44,72,293,519,812,0.321033,1702.723424,0
720575940621176564,FB.479,CX,GLUT,FB5X,left,central,25,36,61,249,446,695,0.313583,1220.924382,0
720575940624730638,FB.271,CX,GLUT,FB5W,left,central,34,68,102,395,1161,1556,0.318061,1807.368473,0
720575940624754981,FB.LAL.5,CX,ACH,PFL2,left,central,80,3,83,962,4,966,0.284931,3707.801181,0
720575940626973821,FB.507,CX,GLUT,FB5X,left,central,34,42,76,357,441,798,0.313147,1108.718077,0
720575940627557909,FB.334,CX,GLUT,FB5X,left,central,23,49,72,190,560,750,0.349784,4085.577482,0
720575940631398308,FB.340,CX,GLUT,FB5X,right,central,25,44,69,202,518,720,0.357685,5931.81976,0
720575940631572305,FB.302,CX,GLUT,FB5W,right,central,26,60,86,313,841,1154,0.303125,1232.623694,0
720575940643177495,FB.248,CX,GLUT,FB5D,left,central,53,64,117,406,848,1254,0.349302,16992.993581,0
720575940609648942,FB.994,CX,GLUT,FB3B,left,central,9,19,28,79,210,289,0.320525,487.982693,1
720575940631255656,FB.800,CX,GLUT,FB3B,right,central,16,27,43,101,328,429,0.329379,2521.601461,1
720575940641306765,FB.595,CX,GLUT,FB3B,left,central,10,41,51,133,323,456,0.34508,3085.66293,1
720575940616913339,FB.SMP.1,CX,GLUT,FB8F_b,right,central,6,16,22,38,140,178,0.285212,98.472994,4
720575940624449428,FB.597,CX,GLUT,FB8I,left,central,16,30,46,111,350,461,0.28887,462.390273,4
720575940617241019,FB.289,CX,unknown,FB5K,right,central,54,64,118,417,1397,1814,0.328845,7012.022693,0
720575940606683228,FB.649,CX,unknown,hDeltaJ,right,central,33,27,60,361,428,789,0.322719,1093.856151,0
720575940615673949,FB.1052,CX,unknown,PFGs,left,central,30,8,38,374,101,475,0.289737,2045.557175,2
720575940616813858,FB.MB_ML.8,CX,unknown,PFR,right,central,64,16,80,1177,254,1431,0.302222,3527.279053,3
720575940629483735,FB.385,CX,DA,PFR,left,central,82,32,114,1371,312,1683,0.334931,5958.238499,3
720575940633442468,FB.MB_ML.5,CX,unknown,PFR,left,central,66,18,84,1387,330,1717,0.306147,5107.500162,3
720575940644658542,FB.390,CX,DA,PFR,left,central,69,42,111,1567,501,2068,0.34263,6548.224444,3
720575940603197408,FB.350,CX,GLUT,FB2E,left,central,29,63,92,401,666,1067,0.321033,850.904133,1
720575940605554354,FB.583,CX,unknown,FB2I_a,right,central,29,25,54,654,711,1365,0.301637,103.966798,1
720575940608207317,FB.231,CX,GLUT,FB2H_b,right,central,37,77,114,294,613,907,0.339702,2717.608414,1
720575940610642289,FB.895,CX,ACH,FC1A,right,central,18,17,35,217,142,359,0.296953,2435.680507,1
720575940611453041,FB.1032,CX,unknown,FC1A,right,central,16,18,34,193,154,347,0.304172,639.630516,1
720575940612334946,FB.723,CX,DA,FB2I_a,right,central,24,23,47,445,319,764,0.315781,424.072609,1
720575940613505703,FB.407,CX,GLUT,FB2J_b,right,central,24,64,88,227,505,732,0.345315,2291.797255,1
720575940614638011,FB.647,CX,unknown,FB2I_a,left,central,27,36,63,505,555,1060,0.339077,2102.275151,1
720575940614920379,NO.2,CX,ACH,PFNa,left,central,3,38,41,10,344,354,0.311415,262.219514,1
720575940616005009,FB.380,CX,GLUT,FB2M,right,central,27,57,84,258,756,1014,0.341706,6375.695608,0
720575940616377659,FB.261,CX,GLUT,FB2B_b,right,central,58,68,126,546,653,1199,0.327994,12737.77922,1
720575940616983862,FB.443,CX,GLUT,FB2I_a,right,central,36,39,75,697,704,1401,0.302718,477.414094,1
720575940618403719,NO.FB.2,CX,ACH,PFNa,right,central,1,38,39,3,374,377,0.319213,30.352115,1
720575940619085478,NO.5,CX,ACH,PFNa,right,central,2,34,36,9,351,360,0.311894,29.370161,1
720575940619100180,FB.387,CX,GLUT,FB2J_b,left,central,23,58,81,198,450,648,0.345786,2230.310726,1
720575940619718209,FB.422,CX,GLUT,FB2E,right,central,23,60,83,363,707,1070,0.312519,435.813823,1
720575940620657243,FB.335,CX,GLUT,FB2I_a,left,central,37,45,82,674,761,1435,0.330723,1117.693481,1
720575940620719273,FB.828,CX,ACH,FC1D,left,central,23,24,47,190,248,438,0.295309,238.639937,1
720575940623233259,NO.20,CX,ACH,PFNa,right,central,4,21,25,9,143,152,0.30299,10155.725308,1
720575940624023480,FB.919,CX,ACH,FC1A,left,central,18,25,43,222,202,424,0.310937,1112.335292,1
720575940624617397,NO.6,CX,ACH,PFNa,left,central,1,25,26,2,254,256,0.302854,17.660971,1
720575940625395096,FB.1002,CX,ACH,FC1A,left,central,19,20,39,189,161,350,0.300207,561.44232,1
720575940626314061,FB.609,CX,DA,FB2A,right,central,49,40,89,444,303,747,0.342399,7489.139661,1
720575940628144254,FB.537,CX,GLUT,FB2I_a,right,central,30,33,63,549,643,1192,0.329969,1057.103165,1
720575940629196283,FB.882,CX,ACH,FC1A,right,central,26,26,52,318,248,566,0.312134,1113.948501,1
720575940631638073,FB.759,CX,GLUT,FB2C,right,central,18,41,59,102,328,430,0.351849,3739.658895,0
720575940633620132,EB.FB.2,CX,GLUT,ExR5,left,central,30,152,182,164,1399,1563,0.421589,120142.869953,1
720575940634221935,FB.367,CX,GLUT,FB2G_a,right,central,20,66,86,157,673,830,0.333937,1860.375778,0
720575940635038309,FB.530,CX,unknown,FB2I_a,left,central,34,23,57,686,673,1359,0.302808,316.395383,1
720575940636455280,EB.FB.1,CX,GLUT,ExR5,left,central,34,169,203,188,1600,1788,0.413083,119190.053814,1
720575940636841840,FB.227,CX,GLUT,FB2H_a,right,central,22,77,99,176,843,1019,0.342978,1030.479882,1
720575940639065472,FB.240,CX,GLUT,CB4171,right,central,37,65,102,375,606,981,0.338002,5946.299575,1
720575940612243918,CRE.FB.5,CX,GLUT,FB4O,left,central,28,92,120,257,946,1203,0.339474,900.252304,3
720575940610877098,FB.220,CX,DA,PFR,left,central,92,32,124,1506,320,1826,0.334931,11033.78439,3
720575940617236667,FB.475,CX,DA,PFGs,left,central,62,23,85,947,218,1165,0.327887,4476.927021,3
720575940618295376,FB.169,CX,GLUT,FB4P,right,central,33,101,134,340,1282,1622,0.361964,7572.401675,3
720575940618704043,FB.552,CX,DA,PFGs,left,central,61,30,91,920,253,1173,0.330561,3237.226451,3
720575940619376577,CRE.FB.1,CX,GLUT,FB4O,right,central,25,83,108,222,862,1084,0.33902,697.993817,3
720575940620492373,CRE.FB.6,CX,GLUT,FB4O,left,central,31,89,120,236,920,1156,0.345021,1893.414282,3
720575940621811182,FB.186,CX,GLUT,FB4P,right,central,39,89,128,432,1449,1881,0.337721,2852.892395,3
720575940623897955,FB.351,CX,DA,PFR,right,central,77,36,113,1284,364,1648,0.328845,9703.131547,3
720575940624905404,FB.140,CX,ACH,hDeltaI,left,central,119,39,158,1940,554,2494,0.321695,14559.639638,3
720575940625146109,FB.376,CX,GLUT,FB5W,left,central,21,57,78,208,618,826,0.303489,1029.882985,0
720575940625703824,FB.183,CX,GLUT,FB4P,left,central,25,95,120,316,1182,1498,0.335596,1048.379332,3
720575940626196732,FB.202,CX,GLUT,FB4O,right,central,38,88,126,337,987,1324,0.320272,1106.699927,3
720575940626316606,FB.194,CX,GLUT,FB4P,right,central,34,101,135,414,1238,1652,0.344494,4868.31676,3
720575940627038792,FB.234,CX,GLUT,FB4P,right,central,38,92,130,353,1105,1458,0.341648,1940.415298,3
720575940627162344,FB.216,CX,ACH,FC2B,left,central,97,11,108,1488,135,1623,0.305225,2785.549466,0
720575940627357969,FB.191,CX,GLUT,FB4P,left,central,33,81,114,359,1369,1728,0.32794,5605.081048,3
720575940628120402,FB.151,CX,ACH,hDeltaI,right,central,105,34,139,1795,529,2324,0.330777,13248.835966,3
720575940628789626,FB.435,CX,DA,PFGs,left,central,72,25,97,1174,199,1373,0.324632,3320.591243,3
720575940628860476,FB.344,CX,ACH,FC2B,left,central,90,12,102,1420,187,1607,0.337946,6329.970665,0
720575940629000603,FB.244,CX,GLUT,FB4O,left,central,23,90,113,237,976,1213,0.317115,495.74672,3
720575940630256402,FB.374,CX,unknown,FC2A,right,central,76,16,92,923,149,1072,0.310985,4673.732505,0
720575940632862177,FB.228,CX,GLUT,FB4P,left,central,37,84,121,367,1214,1581,0.335263,1474.691517,3
720575940638006128,FB.312,CX,ACH,hDeltaI,left,central,68,19,87,865,175,1040,0.318961,7135.85838,3
720575940643937316,FB.195,CX,ACH,hDeltaI,right,central,87,29,116,1476,457,1933,0.316126,9293.399367,3
720575940644733975,FB.384,CX,DA,PFR,right,central,77,32,109,1610,374,1984,0.327622,6842.895174,3
720575940650420726,FB.174,CX,ACH,hDeltaI,left,central,109,28,137,1650,396,2046,0.304492,8779.173658,3
720575940606951893,EB.154,CX,GABA,ER2,left,central,2,2,4,2,2,4,0.292665,3069.278474,4
720575940637862062,EB.77,CX,GABA,ER2,left,central,2,2,4,34,2,36,0.230945,1028.165105,4
720575940607001045,FB.SMP.8,CX,GLUT,FB8F_a,right,central,5,11,16,36,70,106,0.270267,194.987064,4
720575940635886057,FB.1144,CX,ACH,vDeltaA_a,right,central,11,9,20,67,93,160,0.265106,3556.007134,4
720575940610716786,FB.1115,CX,GLUT,SA2,left,central,14,16,30,94,114,208,0.239797,4277.818344,4
720575940612122152,FB.910,CX,GLUT,SA1,right,central,21,15,36,165,100,265,0.277026,2607.741701,4
720575940614639035,FB.1053,CX,GLUT,FB8A,left,central,8,21,29,49,300,349,0.303262,1700.914474,4
720575940616839654,FB.1082,CX,ACH,vDeltaA_a,left,central,19,13,32,147,108,255,0.268086,2747.223417,4
720575940619906219,FB.809,CX,ACH,vDeltaA_a,left,central,30,18,48,221,199,420,0.26752,11730.644698,4
720575940603731168,FB.331,CX,GLUT,FB7D,left,central,62,35,97,714,400,1114,0.278932,5866.60444,2
720575940612286259,FB.362,CX,GLUT,FB7D,right,central,62,29,91,633,311,944,0.277785,5196.192997,2
720575940615929584,FB.438,CX,GLUT,FB6,left,central,48,28,76,580,362,942,0.275146,1165.217683,2
720575940622087816,FB.887,CX,ACH,FS2,left,central,34,3,37,342,17,359,0.255547,659.993985,2
720575940626012072,FB.477,CX,GLUT,FB7E,right,central,24,40,64,180,517,697,0.279741,271.022942,2
720575940626500233,FB.986,CX,ACH,FS3,left,central,23,5,28,222,31,253,0.245846,360.44446,2
720575940629947704,FB.SMP.9,CX,ACH,FS2,right,central,22,1,23,181,6,187,0.217443,61.024833,2
720575940630748876,FB.230,CX,GLUT,FB7D,right,central,69,44,113,889,517,1406,0.281489,6371.860098,2
720575940634909807,FB.393,CX,GLUT,FB6,left,central,52,31,83,653,391,1044,0.278396,2450.022472,2
720575940629823993,FB.969,CX,unknown,vDeltaD,left,central,20,18,38,168,221,389,0.26894,716.096119,2
720575940612599013,FB.408,CX,GLUT,FB4F_a,right,central,27,52,79,239,757,996,0.322976,3134.477602,3
720575940612824978,FB.776,CX,ACH,FC1D,left,central,29,18,47,208,191,399,0.29561,471.043218,1
720575940615193138,FB.599,CX,ACH,hDeltaJ,right,central,43,24,67,398,377,775,0.327887,2691.27436,0
720575940619935152,FB.239,CX,ACH,FC2B,right,central,96,11,107,1524,151,1675,0.30495,2435.54446,0
720575940622438634,FB.540,CX,ACH,hDeltaJ,left,central,45,29,74,389,469,858,0.326356,1864.687445,0
720575940622942868,FB.257,CX,ACH,FC2B,right,central,92,10,102,1486,134,1620,0.305732,2037.216066,0
720575940623310780,FB.498,CX,ACH,hDeltaJ,left,central,44,28,72,491,531,1022,0.325361,1653.941471,0
720575940632841367,FB.865,CX,ACH,FC1D,right,central,15,18,33,167,185,352,0.296562,234.671943,1
720575940650516214,FB.781,CX,ACH,FC1C,right,central,28,9,37,219,61,280,0.291277,2721.671419,1
720575940650870774,FB.650,CX,ACH,hDeltaJ,left,central,34,26,60,351,462,813,0.33148,863.484086,0
720575940616764731,FB.LAL.40,CX,ACH,PFL1,left,central,38,4,42,474,10,484,0.313729,3891.938277,1
720575940622422507,FB.LAL.48,CX,ACH,PFL1,left,central,36,3,39,422,3,425,0.265418,489.248656,1
720575940630434430,FB.1070,CX,ACH,FC1C,left,central,18,17,35,126,144,270,0.294408,238.927726,1
720575940637475561,FB.LAL.47,CX,ACH,PFL1,right,central,28,2,30,375,2,377,0.249017,128.283507,1
720575940619829765,EB.280,CX,GABA,ER3d,right,central,8,5,13,117,5,122,0.280787,467.055097,4
720575940616445250,EB.285,CX,GABA,ER3d,right,central,4,2,6,81,2,83,0.218074,1.833333,4
720575940617068066,FB.1349,CX,ACH,vDeltaA_a,right,central,9,7,16,51,50,101,0.263864,415.024355,4
720575940620040780,FB.1324,CX,ACH,vDeltaA_a,right,central,7,7,14,43,39,82,0.258151,1134.221357,4
720575940626541075,FB.1281,CX,ACH,vDeltaA_a,right,central,10,4,14,74,29,103,0.25743,177.745542,4
720575940618787841,FB.419,CX,GLUT,PFGs,right,central,51,22,73,873,362,1235,0.3148,14098.70996,2
720575940623693320,FB.807,CX,GLUT,FB4A,left,central,20,16,36,137,125,262,0.285855,100.014433,0
720575940605124482,FB.751,CX,GLUT,FB3B,right,central,10,28,38,136,245,381,0.324788,2788.384991,1
720575940608548619,FB.339,CX,GLUT,FB6W,left,central,39,52,91,331,906,1237,0.322411,4723.420828,0
720575940620776662,PB.34,CX,ACH,EPGt,right,central,2,2,4,13,10,23,0.263486,109.052988,3
720575940623023287,FB.956,CX,ACH,vDeltaD,left,central,16,17,33,212,219,431,0.272666,160.69082,2
720575940624126183,FB.1154,CX,unknown,FC2C,right,central,10,8,18,108,70,178,0.301144,883.951726,0
720575940624689130,FB.SMP.57,CX,unknown,FS4A,right,central,6,2,8,58,10,68,0.255902,328.38482,4
720575940625308162,FB.LAL.7,CX,ACH,PFL3,right,central,61,3,64,851,7,858,0.29561,3686.183578,0
720575940631089256,FB.SMP.26,CX,ACH,FS2,right,central,17,1,18,146,6,152,0.232748,25.52581,0
720575940633242449,FB.601,CX,GLUT,FB4Z,left,central,40,24,64,602,228,830,0.297957,5974.360197,3
720575940638124656,FB.381,CX,GLUT,FB6K,left,central,53,50,103,549,613,1162,0.297694,6481.340772,2
720575940606734182,FB.218,CX,GLUT,FB5O,left,central,34,66,100,315,994,1309,0.33482,5867.889071,0
720575940607309577,FB.534,CX,ACH,hDeltaJ,right,central,43,26,69,454,435,889,0.322309,1228.718986,0
720575940610051733,CRE.FB.4,CX,GLUT,FB4O,right,central,36,99,135,301,914,1215,0.35978,5677.768568,3
720575940612772077,FB.212,CX,GLUT,FB5D,right,central,47,58,105,397,695,1092,0.346141,12425.845423,3
720575940621765313,FB.250,CX,unknown,FB4K,right,central,34,88,122,265,1291,1556,0.333992,5696.563069,3
720575940622234326,FB.LAL.24,CX,ACH,PFL3,left,central,55,3,58,783,11,794,0.282982,917.960025,0
720575940622683491,FB.508,CX,ACH,hDeltaJ,left,central,44,34,78,465,536,1001,0.33235,2958.646596,0
720575940623280457,FB.604,CX,ACH,hDeltaA,left,central,48,31,79,418,718,1136,0.289282,1266.325271,3
720575940625796133,FB.196,CX,GLUT,FB5O,right,central,42,61,103,367,860,1227,0.32375,3730.033421,0
720575940626355081,FB.901,CX,unknown,FB4F_a,left,central,19,36,55,135,364,499,0.309702,997.034647,3
720575940626972090,FB.238,CX,unknown,FB4K,left,central,28,96,124,228,1264,1492,0.33885,9270.984275,3
720575940630444625,FB.65,CX,ACH,hDeltaA,left,central,160,38,198,2581,1099,3680,0.294879,12856.272258,3
720575940638901875,FB.LAL.29,CX,ACH,PFL3,right,central,56,1,57,734,1,735,0.288705,1930.280349,0
720575940644188439,FB.427,CX,unknown,FB4K,right,central,25,83,108,168,983,1151,0.350753,3977.037538,3
720575940615612066,FB.42,CX,unknown,FB4Y,right,central,122,123,245,1300,1133,2433,0.366679,88430.521987,3
720575940621595888,FB.29,CX,unknown,FB4Y,left,central,128,148,276,1341,1404,2745,0.374538,82028.658569,3
720575940623260201,FB.41,CX,unknown,FB4Y,right,central,108,105,213,1067,1011,2078,0.366679,53502.330983,3
720575940628972119,NO.146,CX,ACH,PFNm,left,central,4,6,10,18,35,53,0.286948,604.428547,4
720575940603807422,FB.1141,CX,unknown,vDeltaB,right,central,12,11,23,91,125,216,0.280904,277.420424,4
720575940620649292,NO.108,CX,ACH,PFNm,left,central,9,9,18,19,44,63,0.278625,3744.291344,4
720575940624824963,FB.1100,CX,unknown,vDeltaB,left,central,14,18,32,98,163,261,0.292286,1034.714413,4
720575940647872889,NO.116,CX,ACH,PFNm,left,central,6,9,15,14,38,52,0.295481,1477.280194,4
720575940628710014,FB.SMP.24,CX,ACH,FS3,right,central,12,1,13,106,5,111,0.232962,8.832302,2
720575940630758014,NO.100,CX,ACH,PFNm,left,central,3,8,11,10,55,65,0.30661,2060.528376,0
720575940622455369,NO.84,CX,ACH,PFNm,left,central,1,13,14,2,68,70,0.314507,30.241784,0
720575940659184257,FB.522,CX,GLUT,FB5Z,right,central,10,30,40,92,602,694,0.270989,1032.858135,2
720575940611216099,EB.44,CX,ACH,EPG,right,central,5,1,6,12,3,15,0.185725,2026,2
720575940621832942,FB.170,CX,GLUT,FB5Y,left,central,36,89,125,329,1131,1460,0.326514,1991.668565,0
720575940644178468,FB.175,CX,GLUT,FB5Y,left,central,44,92,136,396,1109,1505,0.328047,3452.10765,0
720575940629112060,FB.267,CX,GLUT,FB5F,left,central,21,61,82,155,748,903,0.363718,5214.580029,0
720575940631119827,FB.276,CX,GLUT,FB5Q,left,central,31,43,74,208,700,908,0.353505,5885.385637,0
720575940612107762,FB.411,CX,GLUT,FB5N,right,central,25,55,80,358,665,1023,0.339987,6184.06808,0
720575940623759591,FB.295,CX,GLUT,FB7G,right,central,46,56,102,393,643,1036,0.307494,2904.132476,2
720575940625535621,FB.484,CX,GLUT,FB7E,left,central,18,52,70,158,641,799,0.285453,606.740191,2
720575940629174012,FB.166,CX,GLUT,FB6V,left,central,70,58,128,601,850,1451,0.311942,5100.90288,2
720575940631639972,FB.354,CX,GLUT,FB5M,left,central,24,46,70,334,507,841,0.317115,3614.677071,3
720575940631863583,FB.301,CX,GLUT,FB5N,left,central,20,47,67,335,580,915,0.320424,3045.123588,0
720575940637906803,FB.682,CX,ACH,vDeltaE,left,central,26,27,53,316,326,642,0.290276,947.564067,0
720575940640850595,SMP.1792,CX,GLUT,FB7F,left,central,1,7,8,5,56,61,0.263521,0.925449,4
720575940606646962,FB.834,CX,ACH,FC1A,right,central,20,19,39,235,144,379,0.307075,1513.960687,1
720575940612852898,FB.927,CX,ACH,FC3,left,central,13,29,42,102,216,318,0.310747,1926.680514,1
720575940613704615,FB.224,CX,GLUT,FB2H_a,left,central,23,84,107,190,885,1075,0.347267,7828.945816,1
720575940615889638,FB.662,CX,ACH,FC3,left,central,26,30,56,211,270,481,0.325361,2315.687287,1
720575940616885824,FB.LAL.44,CX,ACH,PFL1,right,central,33,1,34,397,1,398,0.245281,380.958428,1
720575940619327041,FB.922,CX,ACH,FC1C,right,central,24,13,37,185,137,322,0.298571,688.959175,1
720575940625437706,FB.905,CX,ACH,FC1C,left,central,24,9,33,183,68,251,0.291194,1160.843187,1
720575940628999929,FB.753,CX,ACH,FC3,left,central,20,27,47,172,263,435,0.324164,2082.117571,1
720575940629606475,FB.LAL.37,CX,ACH,PFL1,right,central,35,2,37,519,2,521,0.251926,228.273891,1
720575940629860683,FB.801,CX,ACH,FC3,left,central,25,30,55,190,277,467,0.309939,1693.907164,1
720575940630941783,FB.373,CX,GLUT,FB2H_b,left,central,27,57,84,208,458,666,0.328578,1276.070169,1
720575940637477565,FB.798,CX,ACH,FC3,left,central,16,25,41,93,251,344,0.303443,1258.645026,0
720575940643922724,FB.555,CX,ACH,FC3,right,central,32,34,66,259,362,621,0.311463,2880.783934,1
720575940631724717,NO.211,CX,unknown,PFNp,right,central,1,2,3,5,7,12,0.243835,2108.708509,3
720575940626859599,FB.1242,CX,ACH,vDeltaK,right,central,13,9,22,107,82,189,0.275146,1254.297508,3
720575940638845648,NO.128,CX,ACH,PFNp,right,central,1,8,9,2,38,40,0.306332,1527.99843,0
720575940619469488,NO.66,CX,ACH,PFNm,left,central,5,12,17,19,81,100,0.289737,2297.08643,2
720575940610268366,FB.816,CX,ACH,vDeltaD,right,central,23,22,45,256,269,525,0.278358,851.940952,2
720575940614738956,FB.448,CX,ACH,FC2B,left,central,59,9,68,825,107,932,0.303171,1310.754653,2
720575940619087013,NO.110,CX,ACH,PFNm,left,central,4,14,18,21,90,111,0.314117,415.719537,0
720575940629331663,FB.514,CX,ACH,FC2C,left,central,52,12,64,608,126,734,0.301413,2700.597575,2
720575940630410321,NO.173,CX,DA,PFNp,left,central,1,1,2,6,8,14,0.241424,2.965268,0
720575940634036159,NO.63,CX,ACH,PFNm,left,central,9,17,26,84,112,196,0.305547,3306.211664,4
720575940602920364,FB.545,CX,ACH,hDeltaJ,left,central,41,25,66,422,421,843,0.323492,850.305842,0
720575940616330267,FB.491,CX,ACH,hDeltaJ,right,central,41,33,74,456,591,1047,0.332731,1508.935671,0
720575940621515391,FB.MB_ML.6,CX,unknown,PFR,right,central,59,18,77,1385,287,1672,0.308148,2117.409988,3
720575940626429383,FB.624,CX,ACH,hDeltaJ,left,central,36,24,60,346,392,738,0.322668,634.215255,0
720575940630892344,FB.622,CX,ACH,hDeltaJ,left,central,41,25,66,365,433,798,0.32954,1381.159283,0
720575940636702174,FB.714,CX,ACH,hDeltaJ,right,central,33,24,57,280,376,656,0.323957,1326.344993,0
720575940639468789,FB.584,CX,ACH,hDeltaJ,right,central,40,28,68,380,427,807,0.330507,1100.396428,0
720575940626449082,GA.PB.2,CX,ACH,EPG,right,central,1,2,3,1,4,5,0.295137,1290.022668,1
720575940619006272,EB.355,CX,ACH,EPG,right,central,3,3,6,5,3,8,0.247346,4610.589636,3
720575940638278333,SMP.FB.10,CX,GLUT,FB6C,right,central,24,90,114,216,1135,1351,0.306564,271.887277,2
720575940604349630,FB.458,CX,unknown,FB6R,right,central,22,58,80,151,591,742,0.301996,1027.361396,2
720575940609079854,SMP.FB.15,CX,GLUT,FB6C,left,central,20,76,96,166,810,976,0.321236,524.838797,2
720575940613982514,FB.120,CX,GLUT,FB6F,left,central,29,127,156,298,2272,2570,0.338737,2335.845857,2
720575940616967508,FB.447,CX,ACH,FC2C,right,central,67,8,75,918,98,1016,0.300252,2313.835223,2
720575940618945985,SMP.FB.13,CX,unknown,FB6C,left,central,22,88,110,246,1139,1385,0.312616,391.483744,2
720575940624307658,SMP.FB.8,CX,GLUT,FB6C,left,central,29,99,128,286,1195,1481,0.326409,2813.994845,2
720575940626140420,SMP.FB.2,CX,GLUT,FB6F,right,central,25,129,154,298,2368,2666,0.334103,1548.556824,2
720575940626753935,SMP.FB.14,CX,unknown,FB6C,left,central,24,89,113,195,841,1036,0.311702,655.159365,2
720575940627227654,SMP.FB.7,CX,GLUT,FB6C,right,central,23,88,111,225,1123,1348,0.307447,557.021693,2
720575940631839827,SMP.FB.9,CX,GLUT,FB6I,left,central,50,79,129,465,1139,1604,0.302131,2092.6258,2
720575940636381673,SMP.FB.11,CX,GLUT,FB6I,right,central,37,81,118,411,1195,1606,0.312567,1538.5873,2
720575940620032123,FB.11,CX,ACH,FB5AB,right,central,29,234,263,834,4064,4898,0.372542,27988.039049,0
720575940624940336,FB.559,CX,ACH,hDeltaJ,right,central,36,26,62,357,459,816,0.329808,1934.550957,0
720575940606198473,CRE.FB.24,CX,GLUT,FB4R,left,central,11,37,48,89,690,779,0.320272,3343.683285,3
720575940614230499,FB.117,CX,ACH,hDeltaB,right,central,54,116,170,2327,3622,5949,0.359525,10730.202628,3
720575940617784118,FB.159,CX,ACH,hDeltaB,left,central,50,99,149,1780,2491,4271,0.363327,8966.769142,3
720575940620317564,CRE.FB.27,CX,GLUT,FB4R,right,central,11,32,43,98,580,678,0.320474,4968.398451,3
720575940625680784,CRE.FB.34,CX,GLUT,FB4R,left,central,9,34,43,68,505,573,0.333114,3659.693738,3
720575940627899900,FB.158,CX,ACH,hDeltaB,left,central,56,88,144,2254,3033,5287,0.364765,17754.237167,3
720575940630941994,FB.148,CX,ACH,hDeltaB,left,central,53,99,152,1669,2351,4020,0.359525,11907.159403,3
720575940636923108,FB.95,CX,ACH,hDeltaB,right,central,48,124,172,2208,3726,5934,0.381517,36968.386154,3
720575940606436384,FB.538,CX,GLUT,FB4Z,right,central,36,29,65,770,340,1110,0.292623,896.444605,3
720575940608185986,FB.839,CX,unknown,FB4Z,right,central,28,16,44,431,152,583,0.276384,142.242425,3
720575940614837222,FB.1261,CX,ACH,vDeltaK,left,central,11,8,19,118,75,193,0.285815,320.558555,3
720575940616819345,FB.342,CX,GLUT,FB4Z,left,central,54,40,94,724,466,1190,0.286583,3035.838078,3
720575940618745424,FB.379,CX,GLUT,FB4Z,right,central,47,35,82,744,493,1237,0.295352,3365.385215,3
720575940618995541,FB.481,CX,GLUT,FB4Z,left,central,45,31,76,898,444,1342,0.295869,1700.648471,3
720575940619322221,FB.474,CX,GLUT,FB4Z,left,central,46,27,73,857,424,1281,0.295051,1264.625161,3
720575940620129694,FB.454,CX,GLUT,FB4Z,right,central,51,32,83,924,433,1357,0.30299,2106.855971,3
720575940621355034,FB.605,CX,unknown,FB4Z,right,central,36,30,66,387,295,682,0.298835,1264.49492,3
720575940622610726,FB.626,CX,unknown,FB4Z,left,central,34,16,50,619,192,811,0.280282,131.816282,3
720575940626315207,PB.17,CX,ACH,EPG,left,central,6,7,13,67,46,113,0.291655,4027.784919,3
720575940628386942,FB.578,CX,unknown,FB4Z,left,central,38,18,56,393,175,568,0.292286,506.761105,3
720575940637066352,FB.620,CX,GLUT,FB4Z,right,central,36,15,51,619,200,819,0.278702,144.28415,3
720575940637804915,FB.451,CX,GLUT,FB4Z,left,central,48,29,77,830,375,1205,0.296388,1672.886714,3
720575940642860192,FB.523,CX,GLUT,FB4Z,right,central,40,33,73,489,311,800,0.277747,807.228294,3
720575940644492055,FB.332,CX,GLUT,FB4Z,left,central,57,41,98,1007,539,1546,0.294622,2767.607367,3
720575940632216289,NO.FB.97,CX,ACH,PFNp,right,central,2,2,4,11,12,23,0.242871,4.426739,4
720575940614530098,FB.371,CX,ACH,FC2B,right,central,78,11,89,937,140,1077,0.338454,15447.74044,2
720575940622943731,FB.561,CX,ACH,FC2B,left,central,57,8,65,633,87,720,0.30408,1031.161348,2
720575940608370866,FB.243,CX,ACH,hDeltaI,left,central,88,26,114,1189,324,1513,0.331209,11859.93481,3
720575940611091780,FB.417,CX,ACH,hDeltaI,left,central,56,33,89,766,480,1246,0.332241,9236.897461,3
720575940620007589,FB.1133,CX,ACH,vDeltaM,right,central,9,9,18,149,94,243,0.272117,118.793642,3
720575940621585446,FB.1252,CX,ACH,vDeltaM,left,central,11,5,16,105,46,151,0.265418,122.879268,3
720575940632097965,FB.290,CX,ACH,hDeltaI,left,central,74,22,96,892,205,1097,0.319414,7976.543902,3
720575940631626491,CRE.71,CX,ACH,ExR7,right,central,1,16,17,1,97,98,0.347148,87.299769,4
720575940621268830,EB.FB.3,CX,GLUT,ExR5,right,central,19,154,173,110,1396,1506,0.418111,63131.379863,3
720575940632742099,EB.FB.4,CX,GLUT,ExR5,right,central,24,140,164,103,1259,1362,0.420104,126173.3973,1
720575940645057828,EB.107,CX,ACH,ExR7,right,central,6,19,25,13,178,191,0.353505,23085.036884,4
720575940650785401,EB.174,CX,unknown,ExR7,left,central,3,14,17,4,97,101,0.333224,1262.111302,4
720575940622746365,FB.1156,CX,unknown,vDeltaA_b,right,central,11,14,25,76,126,202,0.279432,1251.800907,4
720575940616811584,FB.726,CX,GLUT,FB8G,right,central,18,24,42,136,434,570,0.274401,1626.277149,4
720575940635395429,FB.913,CX,GLUT,FB8I,right,central,11,23,34,89,267,356,0.299852,3006.989366,4
720575940621861637,MB_PED.1,DAN,DA,PAM09,right,central,1,1,2,5,5,10,0.238611,4.757812,2
720575940630479631,FB.1343,CX,ACH,vDeltaL,right,central,6,4,10,47,41,88,0.25924,12.827479,3
720575940604798910,FB.780,CX,GLUT,FB8G,left,central,18,27,45,140,514,654,0.287681,875.023999,4
720575940625029925,FB.1153,CX,unknown,vDeltaA_b,right,central,10,14,24,88,120,208,0.292792,1207.57096,4
720575940626090782,FB.767,CX,GLUT,FB8G,right,central,23,26,49,161,448,609,0.271935,924.355657,4
720575940627342211,FB.864,CX,GLUT,FB8E,left,central,11,29,40,69,483,552,0.301413,6995.33873,4
720575940620059425,FB.1257,CX,ACH,vDeltaA_a,right,central,7,9,16,50,107,157,0.262633,1051.701531,4
720575940623902307,FB.867,CX,GLUT,FB8E,right,central,6,31,37,36,509,545,0.301144,2381.28098,4
720575940638305853,FB.965,CX,GLUT,FB8A,right,central,7,18,25,36,312,348,0.299985,2204.748715,4
720575940617787550,FB.873,CX,ACH,FC2C,left,central,31,9,40,390,72,462,0.299056,2245.482274,4
720575940632735545,FB.378,CX,GLUT,FB5G,left,central,41,31,72,283,729,1012,0.315486,924.65044,0
720575940619296365,EB.42,CX,ACH,EPG,left,central,3,4,7,3,5,8,0.274475,4244.216187,3
720575940621076144,FB.MB_ML.17,CX,ACH,PFGs,left,central,24,8,32,288,64,352,0.293428,5035.330171,3
720575940632614295,EB.35,CX,ACH,EPG,left,central,2,1,3,3,1,4,0.227013,4.575629,3
720575940625733909,FB.1245,CX,ACH,vDeltaL,right,central,9,7,16,83,72,155,0.273808,366.641768,3
720575940629758762,NO.FB.32,CX,ACH,PFNd,left,central,9,30,39,89,615,704,0.321491,27.354261,3
720575940613754527,PB.FB.1,CX,ACH,PFNd,left,central,17,42,59,214,964,1178,0.332186,220.337338,3
720575940618198977,NO.FB.18,CX,ACH,PFNd,right,central,20,40,60,204,1055,1259,0.345198,425.252452,3
720575940638542424,NO.FB.28,CX,ACH,PFNd,left,central,8,32,40,71,540,611,0.326777,63.705595,3
720575940639590528,NO.FB.26,CX,ACH,PFNd,left,central,10,33,43,106,661,767,0.332186,33.771538,3
720575940616231252,FB.812,CX,ACH,vDeltaE,left,central,22,20,42,258,278,536,0.276384,377.488776,0
720575940618177739,FB.757,CX,unknown,FC2C,right,central,34,12,46,435,121,556,0.30472,2403.34172,2
720575940623498476,NO.132,CX,ACH,PFNm,left,central,5,8,13,27,42,69,0.281411,765.802804,4
720575940628207951,FB.971,CX,ACH,vDeltaD,left,central,18,16,34,155,180,335,0.273993,473.159241,2
720575940638494416,NO.69,CX,ACH,PFNm,left,central,3,12,15,7,59,66,0.313195,2632.119201,0
720575940604481760,FB.205,CX,GLUT,FB4P_a,left,central,62,53,115,614,672,1286,0.318911,6358.767866,3
720575940619866759,FB.211,CX,GLUT,FB4P_a,left,central,56,55,111,545,752,1297,0.316768,5703.699065,3
720575940623018983,FB.527,CX,unknown,FB4E,right,central,13,33,46,129,363,492,0.301368,459.971673,3
720575940624383892,FB.171,CX,GLUT,FB4P_a,right,central,53,54,107,591,761,1352,0.333005,9019.474644,3
720575940628812548,FB.1236,CX,GABA,FB4E,right,central,3,6,9,20,63,83,0.282587,13.037346,3
720575940634288595,FB.799,CX,GABA,FB4E,right,central,9,24,33,82,271,353,0.299852,358.138841,3
720575940634407520,FB.200,CX,SER,FB4Y,right,central,52,64,116,384,467,851,0.330777,15037.109867,3
720575940638890192,FB.1218,CX,ACH,vDeltaK,right,central,12,8,20,97,94,191,0.27552,282.837823,3
720575940648742777,FB.439,CX,unknown,FB4E,left,central,32,38,70,249,637,886,0.304035,1446.001166,3
720575940654697377,FB.619,CX,unknown,FB4E,left,central,17,26,43,153,288,441,0.297957,336.020289,3
720575940654856353,FB.566,CX,unknown,FB4E,left,central,17,32,49,154,426,580,0.30101,427.872417,3
720575940616586077,FB.891,CX,ACH,vDeltaC,left,central,20,19,39,171,215,386,0.282273,375.753895,2
720575940634575711,NO_CONS.2567,CX,unknown,vDeltaA_b,left,central,1,5,6,9,49,58,0.25924,0,4
720575940642476448,FB.125,CX,GLUT,FB7B,left,central,90,94,184,1121,1199,2320,0.319012,24407.707083,4
720575940637344613,FB.903,CX,ACH,FC1C,left,central,25,7,32,195,54,249,0.280787,758.914312,1
720575940613152175,CRE.FB.9,CX,GLUT,FB5V,right,central,15,56,71,119,774,893,0.325152,1308.431081,3
720575940622016169,CRE.FB.2,CX,GLUT,FB5V,right,central,14,65,79,101,722,823,0.325832,1306.735508,3
720575940640785267,NO.FB.31,CX,ACH,PFNd,right,central,8,26,34,74,560,634,0.317911,7.545514,3
720575940604074174,FB.600,CX,GLUT,FB7G,left,central,30,40,70,213,374,587,0.300653,1351.704936,2
720575940612012566,SMP.FB.41,CX,GLUT,FB8I,left,central,9,21,30,56,225,281,0.292243,746.644777,4
720575940619615936,FB.499,CX,GLUT,FB7G,right,central,31,41,72,302,423,725,0.296388,2246.434018,4
720575940628716360,FB.391,CX,GLUT,FB7G,right,central,35,55,90,272,515,787,0.302718,2780.650215,2
720575940617828731,NO.EB.3,CX,ACH,PEN_b/PEN2,left,central,3,7,10,3,30,33,0.291403,8491.974001,3
720575940624483216,FB.885,CX,ACH,FC1A,left,central,15,29,44,165,227,392,0.310461,930.811181,1
720575940614515398,FB.495,CX,ACH,FC3,right,central,36,32,68,287,283,570,0.326304,3962.58387,1
720575940622709065,FB.990,CX,ACH,FC1D,right,central,12,13,25,79,138,217,0.30661,221.335747,1
720575940623279357,FB.550,CX,ACH,FC3,right,central,23,39,62,232,378,610,0.319767,2982.752331,1
720575940624861017,FB.1039,CX,ACH,FC1C,left,central,14,10,24,84,71,155,0.290609,81.703328,1
720575940626646790,FB.1027,CX,ACH,FC1D,left,central,11,13,24,70,146,216,0.295438,204.25752,1
720575940627929722,FB.754,CX,ACH,FC3,left,central,22,26,48,202,239,441,0.303716,1489.863223,1
720575940628639735,FB.1075,CX,ACH,FC1C,left,central,12,10,22,75,77,152,0.292961,126.513676,1
720575940636330729,FB.998,CX,ACH,FC1C,right,central,20,7,27,145,56,201,0.281959,882.544183,1
720575940611210866,FB.1033,CX,ACH,FS2,right,central,26,1,27,263,6,269,0.232135,20.271003,2
720575940627426919,FB.840,CX,ACH,FS2,left,central,40,1,41,383,11,394,0.231446,45.00468,2
720575940645203235,FB.SMP.12,CX,ACH,FS3,left,central,15,1,16,149,6,155,0.233552,4.240746,2
720575940618306469,EB.192,CX,GABA,ER3w,right,central,3,1,4,112,1,113,0.228446,7.736729,4
720575940626363654,EB.158,CX,GABA,ER3w,right,central,4,2,6,68,3,71,0.296042,3297.130763,4
720575940614773032,FB.608,CX,GLUT,FB7E,left,central,20,32,52,141,458,599,0.278396,367.517846,2
720575940629424202,FB.590,CX,GLUT,FB8G,left,central,25,35,60,170,474,644,0.295137,887.192526,4
720575940648482425,FB.594,CX,GLUT,FB7E,right,central,16,29,45,124,380,504,0.278817,256.545779,2
720575940618994603,AOTU.FB.34,TuBu,ACH,TuBu07,left,central,3,2,5,14,20,34,0.224648,28.647093,4
720575940607040981,EB.249,CX,GABA,ER3w,left,central,4,2,6,66,6,72,0.197583,2492.818892,4
720575940611181518,FB.MB_ML.9,CX,unknown,PFR,right,central,71,21,92,1342,251,1593,0.311176,3079.808895,3
720575940625144604,FB.470,CX,unknown,FB4Z,right,central,48,22,70,540,212,752,0.288623,737.374558,3
720575940628386686,FB.719,CX,GLUT,FB4Z,left,central,33,22,55,298,217,515,0.286542,617.957015,3
720575940636063204,FB.PB.1,CX,ACH,PFGs,right,central,29,19,48,396,123,519,0.310651,5275.311235,3
720575940653053857,FB.1055,CX,ACH,vDeltaK,left,central,16,12,28,157,99,256,0.294793,504.701655,3
720575940612327446,FB.875,CX,ACH,vDeltaD,left,central,22,20,42,192,230,422,0.279009,720.199916,2
720575940612488615,FB.1138,CX,ACH,vDeltaC,left,central,8,19,27,66,174,240,0.296042,158.155839,4
720575940617047297,SMP.FB.12,CX,GLUT,FB6Z,left,central,27,76,103,369,951,1320,0.308242,791.067321,2
720575940620356822,FB.1007,CX,ACH,vDeltaD,left,central,18,14,32,153,143,296,0.273845,398.68531,2
720575940625683077,FB.843,CX,unknown,vDeltaC,left,central,19,27,46,173,271,444,0.276497,595.280356,2
720575940626408177,FB.441,CX,GLUT,FB6Y,right,central,17,58,75,133,682,815,0.306425,277.672882,2
720575940626658577,FB.497,CX,GLUT,FB6,right,central,43,28,71,528,307,835,0.273993,2711.099249,2
720575940629700138,FB.915,CX,ACH,vDeltaD,left,central,22,17,39,204,211,415,0.273254,319.255619,2
720575940629801291,FB.SMP.41,CX,ACH,FS3,right,central,9,1,10,82,5,87,0.23105,73.336957,2
720575940632716128,FB.734,CX,ACH,vDeltaD,right,central,26,35,61,292,359,651,0.295137,855.785306,2
720575940639812304,FB.997,CX,unknown,vDeltaC,left,central,14,18,32,127,151,278,0.284212,409.920659,2
720575940622092522,FB.1175,CX,ACH,vDeltaI_b,right,central,11,10,21,104,95,199,0.280515,215.71568,0
720575940615285919,FB.141,CX,GLUT,FB5C,left,central,60,67,127,518,904,1422,0.312905,5380.200524,0
720575940632259865,FB.898,CX,ACH,FC2C,left,central,29,10,39,361,101,462,0.301996,1279.69643,2
720575940632943199,FB.984,CX,ACH,vDeltaD,right,central,16,16,32,141,216,357,0.271316,215.811713,2
720575940636330217,FB.861,CX,ACH,vDeltaE,right,central,19,22,41,251,246,497,0.278167,444.79698,0
720575940617585624,NO.FB.38,CX,ACH,PFNd,right,central,12,25,37,102,526,628,0.330939,59.443759,3
720575940630019323,NO.FB.12,CX,ACH,PFNd,right,central,15,39,54,180,944,1124,0.34321,104.436131,3
720575940618814424,FB.1161,CX,SER,vDeltaI_a,right,central,11,12,23,85,94,179,0.287722,2424.431908,0
720575940620476843,FB.1254,CX,unknown,vDeltaI_b,left,central,13,8,21,111,71,182,0.279895,98.860468,0
720575940613440479,FB.1182,CX,ACH,vDeltaA_a,left,central,13,11,24,106,75,181,0.261346,2323.251709,4
720575940613818690,SLP.FB.11,CX,GLUT,FB8A,left,central,3,22,25,14,334,348,0.284851,288.936585,4
720575940614337130,FB.695,CX,GLUT,SAF,right,central,16,36,52,128,259,387,0.280631,3704.779144,4
720575940618236752,FB.1081,CX,ACH,vDeltaA_a,left,central,15,14,29,116,118,234,0.272008,2463.025097,4
720575940621800586,FB.1004,CX,ACH,vDeltaA_a,right,central,29,10,39,203,88,291,0.2665,3903.0561,4
720575940625328842,SLP.FB.15,CX,GLUT,FB8A,right,central,7,21,28,39,321,360,0.28188,1669.207088,4
720575940645002019,FB.1370,CX,unknown,vDeltaA_a,left,central,4,4,8,27,38,65,0.251364,259.143453,4
720575940612047853,AOTU.BU.44,TuBu,ACH,TuBu09,right,central,3,3,6,6,10,16,0.245965,0,4
720575940610813682,FB.894,CX,ACH,vDeltaD,right,central,24,18,42,206,209,415,0.268335,1026.889802,2
720575940613682602,FB.992,CX,ACH,vDeltaD,left,central,23,16,39,179,221,400,0.266711,453.32077,2
720575940616617245,FB.581,CX,ACH,FC2C,right,central,41,13,54,497,138,635,0.303716,2439.481376,2
720575940619370416,FB.1135,CX,ACH,FS2,left,central,25,3,28,191,19,210,0.243835,186.839265,2
720575940628352000,FB.1335,CX,unknown,FS3,right,central,8,1,9,67,5,72,0.232962,11.944217,2
720575940630644132,FB.967,CX,ACH,vDeltaD,right,central,15,15,30,132,170,302,0.272483,62.718355,2
720575940631058861,FB.1373,CX,GLUT,FS3,left,central,4,1,5,30,6,36,0.23633,126.679386,4
720575940633519514,FB.577,CX,ACH,FC2C,left,central,44,10,54,574,100,674,0.303716,2605.161273,2
720575940622451699,FB.1302,CX,ACH,vDeltaA_a,left,central,10,9,19,66,95,161,0.264518,1864.910994,4
720575940626526986,SLP.FB.13,CX,GLUT,FB9A,left,central,4,16,20,21,142,163,0.266325,234.799226,4
720575940634248184,FB.1045,CX,ACH,vDeltaK,right,central,23,11,34,248,121,369,0.290443,624.142837,3
720575940609604875,FB.MB_ML.10,CX,SER,PFR,left,central,62,18,80,1086,248,1334,0.292075,1845.363385,3
720575940609663442,FB.CRE.4,CX,unknown,FR1,left,central,47,1,48,626,1,627,0.26622,114.349322,0
720575940625932275,FB.MB_ML.11,CX,SER,PFR,left,central,47,19,66,759,210,969,0.308102,2119.378108,3
720575940622713897,FB.SMP.54,CX,ACH,FS4A,right,central,6,1,7,52,1,53,0.245876,81.952419,4
720575940621216169,SMP.FB.29,CX,GLUT,FB5G,left,central,12,32,44,68,404,472,0.325884,3099.118051,0
720575940619060289,FB.1063,CX,ACH,vDeltaK,right,central,21,6,27,213,89,302,0.266535,421.895685,3
720575940620202266,FB.LAL.26,CX,ACH,PFL3,left,central,58,1,59,599,1,600,0.281332,3356.54116,0
720575940623539976,FB.345,CX,GLUT,FB5Q,left,central,33,36,69,236,750,986,0.320171,873.451643,0
720575940643921444,FB.274,CX,GLUT,FB5Q,right,central,33,30,63,250,675,925,0.3148,554.339583,0
720575940628218959,NO.139,CX,ACH,PFNm,left,central,8,9,17,35,68,103,0.268406,334.268782,4
720575940610615269,NO.FB.40,CX,ACH,PFNm,right,central,8,14,22,58,82,140,0.280787,578.44695,4
720575940616221401,FB.1306,CX,unknown,PFNm,left,central,9,13,22,59,61,120,0.267273,444.328328,4
720575940620391337,NO.114,CX,ACH,PFNm,left,central,7,16,23,32,77,109,0.302267,2982.668016,4
720575940626898504,FB.869,CX,ACH,vDeltaD,left,central,20,20,40,218,247,465,0.276346,480.52806,2
720575940628763002,NO.FB.65,CX,ACH,PFNm,right,central,7,11,18,61,77,138,0.290443,1697.9623,4
720575940610908057,FB.349,CX,GLUT,FB6U,left,central,29,59,88,240,778,1018,0.301368,2138.439489,2
720575940632769175,FB.496,CX,GLUT,FB6R,left,central,14,51,65,95,548,643,0.298351,1062.568859,2
720575940643323592,FB.247,CX,GLUT,FB6U,right,central,28,57,85,246,905,1151,0.300786,1375.50547,2
720575940627399783,FB.1318,CX,unknown,vDeltaJ,left,central,11,9,20,111,65,176,0.287559,1107.437011,3
720575940619781229,NO.49,CX,ACH,PFNa,right,central,2,15,17,4,81,85,0.295094,2039.357049,1
720575940606933634,FB.572,CX,ACH,FC1A,right,central,33,31,64,372,298,670,0.309182,765.236008,1
720575940607250697,NO.36,CX,ACH,PFNa,right,central,1,18,19,1,147,148,0.301637,11.128424,1
720575940610665445,FB.631,CX,ACH,FC3,right,central,26,27,53,198,279,477,0.307075,3071.474387,1
720575940614939990,FB.745,CX,ACH,FC1A,left,central,23,28,51,238,232,470,0.31441,1144.76309,1
720575940617819185,NO.46,CX,ACH,PFNa,right,central,2,17,19,2,108,110,0.287029,2038.149542,1
720575940619989765,FB.1008,CX,ACH,FC1A,left,central,18,17,35,211,121,332,0.307494,427.608104,1
720575940624282430,FB.705,CX,ACH,FC1A,left,central,21,31,52,220,252,472,0.302899,681.439499,1
720575940625938856,FB.738,CX,ACH,FC3,right,central,27,20,47,216,192,408,0.31402,2168.941294,1
720575940626510666,FB.602,CX,ACH,FC1A,right,central,29,34,63,313,276,589,0.315339,1518.723634,1
720575940641981600,FB.713,CX,ACH,FC1A,left,central,24,24,48,248,221,469,0.294665,362.49729,1
720575940613275311,CRE.FB.16,CX,GLUT,FB5V,right,central,12,51,63,101,459,560,0.312857,522.56629,3
720575940615914613,FB.1011,CX,SER,vDeltaA_b,left,central,10,17,27,95,191,286,0.294237,650.555428,4
720575940626479674,FB.1047,CX,GLUT,FB8A,left,central,4,23,27,24,404,428,0.297345,341.71514,4
720575940649647225,FB.1165,CX,SER,FB5W,left,central,5,24,29,38,181,219,0.282312,59.881753,0
720575940624827523,NO.23,CX,ACH,PFNa,left,central,1,16,17,2,109,111,0.300385,1.690172,1
720575940610810482,FB.833,CX,ACH,FC1A,left,central,20,31,51,244,278,522,0.316077,678.409732,1
720575940619891060,FB.957,CX,ACH,FC1D,right,central,12,18,30,88,181,269,0.292665,168.405919,1
720575940621512291,FB.658,CX,ACH,FC1A,left,central,24,32,56,295,275,570,0.312567,474.709821,1
720575940621731475,FB.627,CX,ACH,FC3,right,central,24,29,53,214,319,533,0.307121,1906.100777,1
720575940623889552,FB.580,CX,ACH,FC1A,right,central,29,40,69,386,451,837,0.317761,1719.46432,1
720575940632669977,NO.FB.8,CX,ACH,PFNa,left,central,3,26,29,5,224,229,0.305962,4089.400382,1
720575940637898072,FB.782,CX,ACH,FC1D,right,central,18,22,40,193,222,415,0.296258,234.528954,1
720575940607864841,FB.749,CX,GLUT,FB3B,right,central,11,37,48,121,312,433,0.330453,1387.206682,1
720575940635427982,EB.45,CX,ACH,EPG,left,central,2,1,3,2,2,4,0.26837,0,3
720575940610237394,FB.859,CX,GLUT,FB7M,left,central,11,29,40,75,318,393,0.291823,209.56485,4
720575940634040244,FB.1147,CX,SER,vDeltaB,right,central,12,13,25,82,142,224,0.282194,146.216565,4
720575940635319407,FB.1018,CX,unknown,vDeltaB,right,central,15,18,33,129,209,338,0.284292,1399.786498,4
720575940611425429,AOTU.FB.46,TuBu,ACH,TuBu09,right,central,3,2,5,31,27,58,0.245578,0,4
720575940611243946,FB.946,CX,ACH,FC1C,left,central,15,14,29,115,124,239,0.290901,134.967365,1
720575940626347848,FB.825,CX,ACH,FC1C,left,central,29,8,37,235,61,296,0.289861,224.903215,1
720575940631701499,CRE.FB.39,CX,GLUT,FB2C,left,central,16,33,49,90,262,352,0.354185,3536.116388,0
720575940618781861,FB.924,CX,ACH,FC1A,left,central,19,24,43,186,235,421,0.294579,635.089602,1
720575940621117684,FB.920,CX,ACH,FC1D,left,central,17,18,35,126,171,297,0.295956,379.373948,1
720575940627798654,FB.804,CX,unknown,FB2I_a,right,central,21,24,45,412,369,781,0.324528,3039.068578,1
720575940628141818,FB.933,CX,ACH,FC1D,right,central,16,13,29,120,125,245,0.291277,185.525744,1
720575940637912739,FB.819,CX,ACH,FC3,left,central,25,28,53,207,235,442,0.33744,5349.43079,1
720575940618437979,FB.852,CX,ACH,vDeltaD,left,central,19,22,41,171,274,445,0.277671,141.422313,2
720575940631165613,FB.1020,CX,SER,vDeltaC,right,central,12,19,31,97,170,267,0.281371,784.218358,2
720575940638888819,FB.585,CX,GLUT,FB7C,right,central,12,45,57,96,567,663,0.287885,258.424898,4
720575940639279679,FB.975,CX,ACH,vDeltaD,right,central,20,22,42,212,252,464,0.274736,630.516144,2
720575940633658559,NO.9,CX,ACH,PFNa,left,central,3,27,30,12,224,236,0.305593,711.870667,1
720575940604065470,FB.1016,CX,ACH,FC1D,left,central,11,20,31,132,225,357,0.294365,394.015142,1
720575940609370466,FB.948,CX,ACH,FC1D,left,central,16,22,38,197,273,470,0.306332,161.724956,1
720575940618963694,FB.693,CX,ACH,FC3,right,central,27,29,56,250,255,505,0.319263,2183.508897,1
720575940619140262,FB.528,CX,ACH,FC3,left,central,35,34,69,291,367,658,0.310034,2843.66337,1
720575940622345933,FB.689,CX,ACH,FC1A,left,central,21,30,51,272,342,614,0.31583,1137.424956,1
720575940626102790,FB.902,CX,ACH,FC1A,left,central,22,28,50,277,248,525,0.312327,4121.086667,1
720575940626781522,NO.FB.9,CX,ACH,PFNa,left,central,3,26,29,6,325,331,0.301862,114.56429,1
720575940628708624,FB.686,CX,ACH,FC3,left,central,23,29,52,233,279,512,0.323234,7029.314906,1
720575940638070505,FB.574,CX,ACH,FC3,left,central,24,35,59,208,480,688,0.327147,2753.149584,1
720575940634772671,FB.1036,CX,unknown,FB1A,left,central,11,16,27,85,121,206,0.322463,828.430692,4
720575940612689645,FB.563,CX,GLUT,FB1E,left,central,16,49,65,127,370,497,0.308571,1985.780647,2
720575940620925899,SMP.FB.40,CX,GLUT,FB2F_c,left,central,7,33,40,52,266,318,0.302357,314.147295,0
720575940622228918,FB.879,CX,GLUT,FB3B,right,central,10,26,36,126,244,370,0.324788,822.61936,1
720575940629229586,FB.900,CX,GLUT,FB1A,left,central,11,29,40,91,206,297,0.329433,1964.994813,1
720575940630404655,FB.899,CX,GLUT,FB3B,left,central,10,31,41,108,271,379,0.328632,2574.358633,1
720575940608279747,FB.571,CX,ACH,FC3,left,central,39,23,62,303,246,549,0.31441,3696.82093,1
720575940628766780,FB.824,CX,ACH,vDeltaE,right,central,17,17,34,236,237,473,0.287722,197.205862,0
720575940658531713,FB.546,CX,ACH,vDeltaE,right,central,29,32,61,372,397,769,0.301682,986.508757,0
720575940628137222,CRE.FB.33,CX,GLUT,FB4O,right,central,7,40,47,44,308,352,0.302357,668.542315,3
720575940637354047,FB.586,CX,GLUT,FB3D,left,central,22,41,63,146,563,709,0.319968,1288.23004,3
720575940625378121,FB.724,CX,GLUT,FB7C,right,central,14,35,49,106,479,585,0.290568,375.511127,4
720575940630696399,FB.429,CX,GLUT,FB4F_a,left,central,30,54,84,251,734,985,0.309797,2094.023603,3
720575940624323475,EB.354,CX,DA,ExR2_2,left,central,11,15,26,51,55,106,0.32344,11764.675017,4
720575940625653223,EB.116,CX,DA,ExR2_1,right,central,10,14,24,21,61,82,0.313195,6961.918531,4
720575940627299483,EB.337,CX,GABA,ER3p_b,right,central,8,3,11,114,4,118,0.224598,2062.141667,4
720575940615250235,FB.1181,CX,ACH,vDeltaI_b,right,central,14,8,22,117,89,206,0.278128,660.54704,0
720575940615961739,FB.1066,CX,ACH,vDeltaI_b,right,central,21,14,35,178,126,304,0.301055,2582.823549,0
720575940618734575,FB.1231,CX,ACH,vDeltaJ,right,central,8,9,17,93,82,175,0.297214,774.21686,0
720575940622184701,FB.1049,CX,ACH,vDeltaJ,left,central,22,13,35,201,101,302,0.328578,5098.915162,0
720575940622994151,FB.1202,CX,unknown,vDeltaI_b,left,central,12,12,24,127,131,258,0.282785,487.185274,0
720575940623299772,FB.1101,CX,unknown,vDeltaI_b,right,central,18,13,31,147,124,271,0.281176,408.121314,0
720575940629703722,FB.685,CX,ACH,vDeltaE,left,central,23,22,45,305,274,579,0.292243,570.694064,0
720575940630017593,FB.1192,CX,ACH,vDeltaI_b,left,central,12,9,21,101,78,179,0.290651,253.55988,0
720575940630306095,FB.558,CX,GLUT,FB5B,left,central,7,53,60,58,529,587,0.303898,1864.633859,0
720575940630800066,FB.494,CX,unknown,FB5B,left,central,8,56,64,125,536,661,0.313923,397.840874,0
720575940634308959,FB.576,CX,unknown,FB5B,right,central,7,52,59,71,453,524,0.311319,938.080845,0
720575940649126009,FB.835,CX,ACH,vDeltaF,right,central,19,18,37,266,248,514,0.288295,378.886779,0
720575940619927322,SLP.SMP.219,CX,GLUT,FB8F_b,right,central,5,8,13,26,52,78,0.26643,11.84189,4
720575940626327046,FB.SMP.112,CX,GLUT,FB8F_b,left,central,2,6,8,12,39,51,0.262463,0.803272,4
720575940629576960,FB.1356,CX,GLUT,FS4A,left,central,6,2,8,53,10,63,0.243894,395.623249,4
720575940636996324,SMP.FB.33,CX,GLUT,FB8F_a,left,central,8,24,32,55,228,283,0.286138,154.251824,4
720575940608352451,FB.1043,CX,SER,vDeltaA_b,left,central,9,17,26,72,186,258,0.284611,491.556477,4
720575940610151130,FB.1117,CX,ACH,vDeltaA_b,right,central,6,19,25,79,193,272,0.286502,1054.355705,4
720575940611006170,FB.1085,CX,SER,vDeltaA_b,right,central,11,18,29,92,209,301,0.300207,1923.34499,4
720575940616470417,FB.1108,CX,unknown,vDeltaA_b,right,central,9,12,21,86,132,218,0.293726,958.8429,4
720575940620004590,FB.1206,CX,ACH,vDeltaA_b,left,central,6,16,22,61,137,198,0.293343,955.180247,4
720575940620228641,FB.1285,CX,unknown,vDeltaA_b,left,central,9,8,17,62,75,137,0.262633,598.84063,4
720575940623540813,FB.1155,CX,ACH,vDeltaA_b,left,central,9,18,27,72,163,235,0.291949,2488.885294,4
720575940624175653,FB.1249,CX,ACH,vDeltaA_b,left,central,7,8,15,51,116,167,0.289241,897.173556,4
720575940624364474,FB.1061,CX,unknown,vDeltaA_b,left,central,7,19,26,71,171,242,0.293981,1391.909086,4
720575940626048711,FB.1038,CX,SER,vDeltaA_b,right,central,8,18,26,59,179,238,0.295309,202.514804,4
720575940626302982,FB.987,CX,unknown,vDeltaB,left,central,14,18,32,118,220,338,0.290443,220.835106,4
720575940626666857,FB.1200,CX,unknown,vDeltaB,left,central,6,19,25,54,196,250,0.287233,298.1619,4
720575940627306124,FB.1197,CX,ACH,vDeltaA_b,left,central,9,13,22,70,93,163,0.284332,1240.833497,4
720575940629139708,FB.1282,CX,SER,vDeltaA_b,left,central,8,15,23,76,156,232,0.293428,697.115022,4
720575940629535788,FB.1001,CX,unknown,vDeltaB,left,central,13,21,34,101,236,337,0.285493,422.664076,4
720575940630844447,FB.1094,CX,SER,vDeltaA_b,right,central,6,18,24,60,206,266,0.283735,457.036728,4
720575940634376440,SLP.FB.9,CX,GLUT,FB8A,right,central,6,25,31,33,330,363,0.283695,1605.738131,4
720575940637794163,FB.1035,CX,SER,vDeltaA_b,right,central,7,17,24,54,170,224,0.284491,193.051386,4
720575940642051232,FB.1296,CX,SER,vDeltaA_b,right,central,5,13,18,53,93,146,0.281959,332.004268,4
720575940646707076,FB.679,CX,GLUT,FB3B,left,central,14,35,49,133,296,429,0.334544,2555.384617,3
720575940652733089,FB.1142,CX,unknown,vDeltaA_b,right,central,8,14,22,63,167,230,0.28145,661.861465,4
720575940606681099,FB.928,CX,ACH,FC1C,right,central,24,11,35,197,85,282,0.285413,1401.624323,1
720575940608242756,FB.1054,CX,ACH,FC1C,right,central,27,10,37,194,72,266,0.291823,597.530409,1
720575940628720079,FB.1024,CX,ACH,FC1D,right,central,16,17,33,99,140,239,0.293131,201.497369,1
720575940640257152,FB.1058,CX,ACH,FC1C,right,central,20,5,25,144,33,177,0.287518,622.369525,1
720575940618798470,NO.FB.55,CX,ACH,PFNm,right,central,2,7,9,8,35,43,0.303761,11.930754,0
720575940630050105,NO.FB.51,CX,ACH,PFNm,right,central,3,9,12,6,56,62,0.282391,76.552797,0
720575940635814512,NO.78,CX,ACH,PFNm,right,central,7,15,22,30,85,115,0.301144,5449.688784,0
720575940621616518,SMP.FB.45,CX,GLUT,FB8I,right,central,9,25,34,55,270,325,0.297607,1466.066586,4
720575940617155742,FB.569,CX,GLUT,FB5Z,left,central,13,32,45,109,624,733,0.274624,2737.785624,2
720575940625636964,FB.548,CX,GLUT,FB3D,right,central,20,40,60,167,497,664,0.324113,1210.562494,3
720575940634488939,FB.698,CX,GLUT,FB4A,left,central,13,29,42,118,289,407,0.312134,1109.60451,3
720575940607287305,NO.FB.48,CX,ACH,PFNd,left,central,9,24,33,57,423,480,0.323337,96.034865,3
720575940608312924,FB.457,CX,unknown,FB4L,right,central,32,53,85,345,509,854,0.363197,12941.556707,3
720575940611939026,PB.FB.6,CX,ACH,PFNd,left,central,15,29,44,137,820,957,0.333882,100.264383,3
720575940612892670,NO.FB.39,CX,ACH,PFNd,left,central,11,26,37,127,770,897,0.328845,81.444882,3
720575940612922339,FB.482,CX,GLUT,FB2L,right,central,16,53,69,133,418,551,0.352583,4592.276571,0
720575940612939154,NO.FB.46,CX,ACH,PFNd,right,central,10,30,40,77,482,559,0.313971,28.957343,3
720575940613214098,NO.FB.22,CX,ACH,PFNd,right,central,15,29,44,144,959,1103,0.324372,60.268899,3
720575940613674663,NO.FB.56,CX,ACH,PFNd,right,central,10,20,30,73,407,480,0.314849,27.838487,3
720575940613714430,NO.FB.24,CX,ACH,PFNd,right,central,16,28,44,133,770,903,0.326514,138.465347,3
720575940615183755,NO.FB.25,CX,ACH,PFNd,left,central,15,37,52,160,962,1122,0.338341,202.70318,3
720575940615502130,NO.FB.42,CX,ACH,PFNd,right,central,15,23,38,144,641,785,0.333498,71.04757,3
720575940615654100,NO.FB.41,CX,ACH,PFNd,left,central,15,28,43,89,427,516,0.324996,317.927555,3
720575940618997440,NO.FB.44,CX,ACH,PFNd,right,central,9,23,32,103,702,805,0.327622,48.852129,3
720575940620789697,PB.FB.8,CX,ACH,PFNd,right,central,5,24,29,51,478,529,0.32794,72.7864,3
720575940620818977,NO.FB.34,CX,ACH,PFNd,right,central,17,27,44,144,567,711,0.336264,185.842551,3
720575940621088536,NO.FB.11,CX,ACH,PFNd,left,central,17,41,58,198,1002,1200,0.337159,225.235017,3
720575940621276952,PB.FB.3,CX,ACH,PFNd,left,central,10,30,40,135,806,941,0.324113,79.228467,3
720575940621749261,PB.FB.9,CX,ACH,PFNd,left,central,8,23,31,52,302,354,0.32088,70.338725,3
720575940621764490,NO.FB.36,CX,ACH,PFNd,left,central,14,29,43,89,518,607,0.330561,68.662613,3
720575940622296573,NO.FB.27,CX,ACH,PFNd,left,central,10,21,31,73,611,684,0.31816,30.071264,3
720575940622760682,LAL.FB.5,CX,SER,FB4L,right,central,7,26,33,46,165,211,0.322874,1825.951812,3
720575940622940967,NO.FB.35,CX,ACH,PFNd,right,central,9,26,35,96,563,659,0.326356,29.121765,3
720575940622986219,PB.FB.2,CX,ACH,PFNd,left,central,17,44,61,163,926,1089,0.341937,200.114259,3
720575940624562952,NO.FB.17,CX,ACH,PFNd,right,central,19,34,53,158,927,1085,0.341418,328.030816,3
720575940625541434,PB.FB.4,CX,ACH,PFNd,left,central,12,26,38,140,870,1010,0.325518,104.848386,3
720575940627385031,NO.FB.19,CX,ACH,PFNd,right,central,12,29,41,91,663,754,0.337047,112.600271,3
720575940627934449,PB.81,CX,unknown,PFNd,left,central,2,8,10,6,73,79,0.28243,0.241044,3
720575940628029634,NO.FB.33,CX,ACH,PFNd,left,central,13,24,37,85,635,720,0.329862,77.304048,3
720575940629699781,FB.326,CX,GLUT,FB2F_b,left,central,22,67,89,191,664,855,0.339304,2007.897089,0
720575940631049519,NO.FB.30,CX,ACH,PFNd,left,central,16,32,48,107,485,592,0.333169,90.31779,3
720575940632339682,NO.FB.10,CX,ACH,PFNd,right,central,20,44,64,227,1020,1247,0.350268,308.658003,3
720575940633515420,FB.333,CX,GLUT,FB2F_b,right,central,16,64,80,113,591,704,0.314898,1633.979339,0
720575940638060632,PB.FB.5,CX,ACH,PFNd,left,central,11,30,41,135,814,949,0.332568,173.143969,3
720575940645009699,NO.FB.15,CX,ACH,PFNd,right,central,13,33,46,159,945,1104,0.328685,78.621397,3
720575940634258131,FB.988,CX,unknown,FB5R,right,central,23,13,36,299,104,403,0.281332,194.259761,0
720575940621485552,FB.1253,CX,ACH,vDeltaL,left,central,12,7,19,99,77,176,0.274178,273.908129,3
720575940609214072,FB.818,CX,ACH,vDeltaD,right,central,22,18,40,238,235,473,0.272336,780.322212,2
720575940612316847,FB.858,CX,ACH,vDeltaD,left,central,24,23,47,233,286,519,0.27695,654.524189,2
720575940650338038,FB.797,CX,ACH,vDeltaD,right,central,25,23,48,214,262,476,0.273439,654.415649,2
720575940643915300,EB.122,CX,GABA,ER4d,right,central,6,7,13,7,8,15,0.236109,2231.209866,5
720575940622609299,EB.134,CX,GABA,ER4d,left,central,4,4,8,4,4,8,0.221942,135.22029,5
720575940627890072,EB.115,CX,GABA,ER4d,right,central,5,5,10,7,6,13,0.23393,609.176445,5
720575940620584497,FB.952,CX,GLUT,FB2K,right,central,12,10,22,91,133,224,0.328525,1921.991665,1
720575940633741613,FB.314,CX,GLUT,FB4F_a,right,central,40,55,95,308,815,1123,0.311033,3087.47933,3
720575940644047908,FB.483,CX,GLUT,FB4F_a,right,central,29,47,76,292,630,922,0.312567,2112.460889,3
720575940629907052,FB.1334,CX,GLUT,FB4Q_b,left,central,4,18,22,23,140,163,0.280437,13.600448,0
720575940620142196,NO.93,CX,ACH,PFNm,right,central,6,8,14,23,34,57,0.252397,237.31624,4
720575940607290633,NO.126,CX,ACH,PFNm,right,central,6,7,13,25,25,50,0.254297,322.087773,4
720575940629609167,NO.112,CX,ACH,PFNm,right,central,5,8,13,18,45,63,0.26111,226.579015,4
720575940635586851,NO.97,CX,ACH,PFNm,right,central,3,8,11,10,49,59,0.26636,391.487659,0
720575940629497462,NO.58,CX,ACH,PFNm,right,central,9,9,18,37,65,102,0.280476,317.993795,4
720575940619967727,FB.977,CX,unknown,vDeltaC,right,central,19,22,41,149,202,351,0.298791,1473.524177,2
720575940620478847,NO.FB.37,CX,ACH,PFNm,right,central,10,16,26,54,101,155,0.32557,1174.510639,4
720575940609558136,FB.677,CX,SER,FB2M,left,central,25,51,76,203,670,873,0.295653,3246.330438,0
720575940613839116,FB.981,CX,ACH,FC1D,right,central,17,18,35,122,146,268,0.293343,208.527975,1
720575940620027515,EB.5,CX,GLUT,ExR6,left,central,1,6,7,1,10,11,0.292496,32862.641596,3
720575940620571953,EB.6,CX,ACH,ExR4,left,central,2,5,7,2,7,9,0.228369,20917.323639,3
720575940660921985,EB.41,CX,ACH,EPG,right,central,2,1,3,6,1,7,0.234661,79.213056,1
720575940626692039,NO.41,CX,ACH,PFNv,right,central,6,17,23,22,323,345,0.330561,2377.127022,3
720575940611475097,FB.1211,CX,unknown,vDeltaA_b,right,central,6,11,17,65,92,157,0.279317,421.049122,4
720575940654122657,FB.1215,CX,ACH,vDeltaM,left,central,6,6,12,69,46,115,0.259639,12.158437,3
720575940626166012,FB.1322,CX,ACH,vDeltaK,left,central,12,7,19,106,72,178,0.27612,330.798747,3
720575940629846636,FB.1193,CX,ACH,vDeltaK,left,central,16,9,25,137,110,247,0.291991,553.062519,3
720575940640698064,FB.996,CX,ACH,vDeltaK,left,central,22,11,33,208,105,313,0.298791,2268.750288,3
720575940605380274,FB.1185,CX,ACH,vDeltaA_a,right,central,11,8,19,78,82,160,0.261077,703.340057,4
720575940630427340,FB.1059,CX,ACH,vDeltaA_a,left,central,21,14,35,142,96,238,0.269763,6153.513223,4
720575940614735558,NO.231,CX,unknown,PFNp,left,central,2,2,4,9,12,21,0.276233,5.703138,4
720575940610694067,FB.1293,CX,ACH,vDeltaA_a,left,central,5,7,12,31,97,128,0.259872,1492.977079,4
720575940612824239,FB.1265,CX,ACH,vDeltaA_a,right,central,6,10,16,49,132,181,0.291277,413.007177,4
720575940615706966,FB.646,CX,GLUT,FB1A,right,central,15,24,39,128,189,317,0.328738,1762.83877,4
720575940618875886,FB.1207,CX,ACH,vDeltaA_b,left,central,6,16,22,64,145,209,0.294622,1069.552672,4
720575940619972446,FB.1286,CX,ACH,vDeltaA_a,left,central,7,13,20,43,146,189,0.291319,2828.83234,4
720575940621231459,FB.849,CX,ACH,vDeltaC,left,central,20,21,41,159,227,386,0.27597,1387.301796,2
720575940621581526,FB.1337,CX,unknown,vDeltaA_b,right,central,5,8,13,41,83,124,0.279548,156.862733,4
720575940622908660,FB.1064,CX,ACH,vDeltaB,left,central,15,18,33,101,173,274,0.289076,460.142881,4
720575940630792275,FB.1189,CX,ACH,vDeltaA_a,right,central,11,9,20,89,124,213,0.290526,2887.28532,4
720575940611376882,FB.1014,CX,ACH,vDeltaK,left,central,22,14,36,255,123,378,0.288993,982.045338,3
720575940623088565,FB.1102,CX,ACH,vDeltaK,right,central,19,8,27,178,81,259,0.282942,1418.51068,3
720575940630504991,FB.1095,CX,ACH,vDeltaL,left,central,19,6,25,174,64,238,0.277709,548.294161,3
720575940637783971,FB.1088,CX,ACH,vDeltaJ,right,central,16,14,30,155,102,257,0.299144,898.963794,0
720575940625925892,FB.1243,CX,ACH,vDeltaL,left,central,9,7,16,89,76,165,0.267273,125.722808,3
720575940617337413,FB.1179,CX,ACH,vDeltaK,right,central,14,9,23,152,104,256,0.281841,377.032419,3
720575940620494708,FB.1106,CX,GLUT,FB2K,left,central,13,13,26,82,161,243,0.326094,816.874706,0
720575940626827024,EB.290,CX,GABA,ER3d,right,central,5,1,6,67,1,68,0.268477,786.535505,4
720575940625630993,FB.1132,CX,GLUT,FB9C,right,central,8,14,22,76,136,212,0.278205,1959.501808,4
720575940612892306,FB.1264,CX,GLUT,FB9B,left,central,8,9,17,63,108,171,0.272923,144.508243,4
720575940615102127,FB.1269,CX,GLUT,FB9B,left,central,6,7,13,48,63,111,0.272263,60.057419,4
720575940625952584,FB.1170,CX,GLUT,FB9B,right,central,8,9,17,64,130,194,0.276988,233.09646,4
720575940628805327,FB.1239,CX,GLUT,FB9B,left,central,5,8,13,28,102,130,0.260439,5715.629533,4
720575940633227055,FB.1323,CX,GLUT,FB9C,right,central,2,9,11,9,57,66,0.274959,3.80352,4
720575940627826448,FB.1241,CX,ACH,vDeltaM,left,central,6,7,13,79,74,153,0.247921,17.747635,3
720575940643702551,NO.55,CX,ACH,PFNv,right,central,5,13,18,20,262,282,0.323854,97.444758,3
720575940622681889,AVLP.ME.4,unknown,ACH,cM11,left,visual_centrifugal,5,16,21,34,143,177,0.317115,61.614506,3
720575940612310824,NO.FB.137,CX,unknown,PFNp,left,central,1,1,2,3,5,8,0.234661,3.447857,0
720575940604067761,FB.632,CX,ACH,FC3,right,central,25,29,54,181,290,471,0.316077,2709.743497,1
720575940614336106,FB.629,CX,ACH,FC3,left,central,28,24,52,237,224,461,0.319666,3408.936601,1
720575940615133755,FB.942,CX,ACH,FC1A,right,central,16,23,39,201,185,386,0.326883,858.103648,1
720575940615985449,FB.855,CX,ACH,FC1D,right,central,17,23,40,134,203,337,0.294152,208.58102,1
720575940616826409,FB.853,CX,ACH,FC3,right,central,21,22,43,184,187,371,0.314996,1384.088058,1
720575940616829481,FB.644,CX,ACH,FC1A,right,central,18,31,49,189,282,471,0.304126,998.255701,1
720575940617736827,FB.890,CX,ACH,FC1D,right,central,11,20,31,125,233,358,0.286704,64.238987,1
720575940620147067,FB.959,CX,ACH,FC1D,left,central,10,20,30,103,186,289,0.295438,206.754334,1
720575940620831308,FB.921,CX,ACH,FC1A,left,central,19,24,43,181,181,362,0.312519,452.670614,1
720575940625604098,FB.1048,CX,GLUT,FB2C,left,central,11,29,40,63,199,262,0.347208,1015.462168,0
720575940626063944,FB.721,CX,ACH,FC1A,left,central,16,35,51,229,280,509,0.316966,1294.891458,1
720575940626819088,FB.805,CX,ACH,FC1A,right,central,14,30,44,177,263,440,0.311894,655.308846,1
720575940627426069,FB.737,CX,ACH,FC1A,right,central,20,35,55,253,289,542,0.326883,1127.730104,1
720575940627543171,FB.958,CX,ACH,FC1D,left,central,15,18,33,167,164,331,0.292033,154.161526,1
720575940627618801,FB.985,CX,ACH,FC1A,right,central,12,26,38,137,212,349,0.305916,173.756917,1
720575940627831657,FB.720,CX,ACH,FC3,right,central,17,22,39,171,183,354,0.317363,1168.881758,1
720575940628707858,FB.932,CX,ACH,FC1D,right,central,13,22,35,125,187,312,0.293896,110.078092,1
720575940628797512,FB.850,CX,ACH,FC1A,right,central,17,26,43,184,246,430,0.310034,1328.913078,1
720575940630836807,FB.822,CX,ACH,FC1A,right,central,19,29,48,227,239,466,0.308383,418.894131,1
720575940630993581,FB.966,CX,ACH,FC1A,right,central,17,12,29,114,121,235,0.309182,3175.387032,1
720575940631080552,FB.821,CX,ACH,FC1A,right,central,14,25,39,161,220,381,0.308759,514.134201,1
720575940633791571,FB.740,CX,ACH,FC1A,left,central,19,30,49,246,239,485,0.311415,1258.447533,1
720575940633913239,FB.1019,CX,ACH,FC1D,right,central,15,13,28,109,113,222,0.291865,101.186995,1
720575940636212964,FB.666,CX,ACH,FC3,right,central,30,30,60,291,246,537,0.319968,2981.058553,1
720575940638252672,FB.697,CX,ACH,FC1A,left,central,17,35,52,194,274,468,0.310318,1419.87475,1
720575940643638807,FB.860,CX,ACH,FC1D,left,central,16,23,39,137,260,397,0.293896,322.859585,1
720575940618733377,AOTU.FB.11,TuBu,ACH,TuBu03,right,central,4,10,14,15,237,252,0.253217,88.096355,4
720575940624469444,AOTU.FB.1,unknown,unknown,AOTU046,right,central,28,56,84,206,480,686,0.295008,46209.177326,4
720575940627433288,LAL.FB.6,CX,GLUT,FB5V,right,central,1,42,43,5,511,516,0.324268,18.288109,3
720575940623256757,CRE.FB.7,CX,GLUT,FB5V,right,central,17,62,79,120,616,736,0.320069,1002.150928,3
720575940611718885,FB.519,CX,GLUT,FB5M,right,central,15,43,58,218,544,762,0.31108,473.281219,3
720575940632646189,CRE.FB.20,CX,GLUT,FB5V,left,central,8,52,60,47,370,417,0.311894,717.461692,3
720575940619503445,NO.14,CX,ACH,PFNa,right,central,1,34,35,1,328,329,0.312905,64.930148,1
720575940621587396,FB.516,CX,ACH,FC3,right,central,23,41,64,187,423,610,0.320525,1986.851345,1
720575940613441442,NO.24,CX,ACH,PFNa,right,central,2,18,20,3,168,171,0.278587,4122.365352,1
720575940616855074,NO.59,CX,ACH,PFNa,right,central,2,11,13,4,84,88,0.295697,2058.798343,1
720575940626660358,FB.525,CX,ACH,FC3,left,central,29,36,65,202,331,533,0.334158,4044.83373,1
720575940610623402,FB.1086,CX,ACH,vDeltaK,left,central,13,10,23,115,120,235,0.280515,396.01763,3
720575940633738903,FB.1424,CX,ACH,FS4A,right,central,3,1,4,22,5,27,0.242464,77.889036,4
720575940621496956,NO.99,CX,ACH,PFNm,right,central,9,14,23,63,101,164,0.278167,1086.259236,4
720575940638017862,NO.52,CX,ACH,PFNm,right,central,9,10,19,56,67,123,0.26752,362.274602,4
720575940642071968,NO.135,CX,ACH,PFNm,right,central,8,11,19,45,71,116,0.30092,902.760573,4
720575940646796932,SLP.142,unknown,ACH,SLP355,right,central,2,15,17,11,162,173,0.32794,2273.135472,4
720575940607613707,FB.511,CX,GLUT,FB6Y,left,central,13,53,66,90,576,666,0.290152,181.647798,2
720575940615957853,FB.1041,CX,ACH,vDeltaC,right,central,8,17,25,69,156,225,0.277026,199.214793,4
720575940624602957,FB.589,CX,GLUT,FB7C,left,central,10,39,49,96,463,559,0.282037,136.656477,4
720575940625760017,FB.904,CX,ACH,vDeltaD,right,central,21,21,42,169,272,441,0.272813,613.598449,2
720575940635887593,FB.951,CX,unknown,vDeltaC,right,central,18,19,37,157,197,354,0.282273,804.071964,2
720575940608839800,FB.664,CX,ACH,FC2C,right,central,33,14,47,459,145,604,0.302718,3100.687493,2
720575940628088823,FB.1195,CX,ACH,vDeltaA_a,left,central,16,9,25,110,67,177,0.259141,1290.613274,4
720575940642984471,FB.1121,CX,ACH,vDeltaA_a,left,central,12,12,24,89,101,190,0.261751,1601.431868,4
720575940628858873,FB.SMP.64,CX,ACH,FS4A,right,central,4,1,5,26,1,27,0.222625,749.041017,2
720575940618424149,SLP.FB.7,CX,GLUT,FB8F_b,left,central,6,19,25,28,125,153,0.286299,2158.733863,4
720575940635119758,FB.1145,CX,ACH,FS2,left,central,14,5,19,151,30,181,0.254074,137.161505,2
720575940627446090,CRE.FB.15,CX,GLUT,FB5V,left,central,6,51,57,47,726,773,0.328047,584.065398,3
720575940627779560,CRE.FB.8,CX,GLUT,FB5V,left,central,17,51,68,127,434,561,0.316323,2039.435081,3
720575940616828969,FB.570,CX,ACH,FC3,right,central,25,39,64,254,410,664,0.319263,2367.799716,1
720575940617073876,FB.1404,CX,SER,hDeltaJ,left,central,8,20,28,45,206,251,0.321185,90.985038,0
720575940621765467,CRE.FB.10,CX,GLUT,FB5V,right,central,7,48,55,42,640,682,0.326988,726.283051,3
720575940630293445,SLP.533,CX,GLUT,FB8F_b,right,central,6,17,23,45,117,162,0.296172,251.844755,4
720575940636395610,EB.195,CX,GABA,ER2,left,central,1,2,3,54,2,56,0.237076,1048.086073,4
720575940620872669,EB.157,CX,GABA,ER2,left,central,4,2,6,53,2,55,0.268655,1042.094532,4
720575940621289571,NO.FB.121,CX,unknown,PFNp,left,central,2,1,3,5,4,9,0.265976,0,4
720575940607527381,FB.949,CX,ACH,vDeltaD,left,central,15,17,32,162,213,375,0.274178,340.564559,2
720575940635852766,FB.930,CX,ACH,vDeltaD,left,central,20,18,38,168,222,390,0.274624,283.534513,2
720575940603676774,FB.1361,CX,ACH,vDeltaM,right,central,7,3,10,53,20,73,0.238414,50.372538,3
720575940615877410,FB.1180,CX,ACH,vDeltaK,right,central,15,8,23,155,73,228,0.271171,322.312929,3
720575940617797169,FB.811,CX,ACH,FS2,left,central,37,4,41,393,29,422,0.248285,142.036624,0
720575940625349961,FB.1005,CX,GLUT,FB2K,left,central,9,14,23,60,203,263,0.331588,1240.201927,1
720575940628105353,FB.1288,CX,SER,FB4K,left,central,4,24,28,22,238,260,0.306657,158.99394,3
720575940630268044,FB.1190,CX,ACH,vDeltaK,right,central,13,9,22,155,81,236,0.297083,1038.59406,3
720575940635412622,NO.FB.43,CX,ACH,PFNm,right,central,4,16,20,16,114,130,0.317463,2402.550273,0
720575940614900127,NO.86,CX,ACH,PFNm,right,central,2,11,13,6,70,76,0.316323,2042.934325,0
720575940618153153,NO.65,CX,ACH,PFNm,left,central,6,13,19,29,91,120,0.293046,286.077716,0
720575940619196398,FB.793,CX,ACH,FC2C,right,central,23,14,37,323,129,452,0.305593,3238.701954,2
720575940621132065,NO.FB.101,CX,unknown,PFNp,right,central,1,4,5,4,26,30,0.285453,53.195135,4
720575940626894588,NO.45,CX,ACH,PFNm,right,central,6,16,22,29,94,123,0.297171,2451.971305,2
720575940633815800,NO.FB.117,CX,ACH,PFNp,right,central,3,9,12,9,49,58,0.297913,104.744322,0
720575940604833982,FB.1164,CX,ACH,vDeltaM,left,central,8,11,19,115,99,214,0.260942,206.347716,3
720575940605361841,FB.1294,CX,ACH,FS2,left,central,16,4,20,129,25,154,0.248133,32.435182,0
720575940612249651,FB.1266,CX,ACH,vDeltaL,left,central,13,9,22,99,84,183,0.27552,455.432245,3
720575940612828926,FB.1290,CX,ACH,vDeltaL,right,central,7,10,17,47,94,141,0.275745,134.861018,3
720575940616072861,FB.1350,CX,ACH,vDeltaM,left,central,9,8,17,67,42,109,0.256452,124.111963,3
720575940620224801,FB.1050,CX,ACH,vDeltaM,left,central,10,13,23,168,123,291,0.275109,256.263342,3
720575940620629364,FB.1228,CX,ACH,vDeltaL,right,central,8,9,17,82,102,184,0.274587,34.13303,3
720575940620639152,FB.1104,CX,ACH,vDeltaL,left,central,13,8,21,117,94,211,0.279934,210.889881,3
720575940622781624,FB.1103,CX,ACH,vDeltaM,left,central,13,9,22,148,102,250,0.274773,2509.465446,3
720575940623043732,FB.1227,CX,ACH,vDeltaL,right,central,12,7,19,104,68,172,0.276837,63.525078,3
720575940624560392,FB.688,CX,unknown,FB4J,right,central,12,45,57,102,448,550,0.337665,639.643897,3
720575940625346362,FB.1171,CX,ACH,vDeltaL,right,central,8,10,18,79,77,156,0.278014,134.278003,3
720575940627666793,FB.1279,CX,ACH,vDeltaL,left,central,9,8,17,99,67,166,0.286138,53.037886,3
720575940628789698,FB.1317,CX,unknown,vDeltaM,right,central,7,9,16,61,64,125,0.25484,33.279519,3
720575940632640703,FB.1221,CX,ACH,vDeltaM,left,central,9,10,19,107,78,185,0.281098,26.013273,3
720575940633054874,FB.1273,CX,ACH,vDeltaM,left,central,6,4,10,64,39,103,0.256582,13.624567,3
720575940634338515,LAL.491,CX,unknown,FB4L,left,central,3,12,15,19,76,95,0.312567,3.592552,3
720575940636260442,FB.1272,CX,ACH,vDeltaL,right,central,8,6,14,106,65,171,0.264518,12.861003,3
720575940638013759,CRE.FB.30,CX,unknown,FB4G,right,central,11,52,63,101,484,585,0.32344,2233.63567,3
720575940612589735,NO.87,CX,ACH,PFNv,right,central,1,8,9,1,135,136,0.300742,2.237811,3
720575940616027037,FB.892,CX,GLUT,FB7M,right,central,14,27,41,95,317,412,0.282391,525.55988,4
720575940610165205,CRE.FB.19,CX,GLUT,FB5V,right,central,4,39,43,28,466,494,0.303489,180.401433,3
720575940610440049,FB.676,CX,ACH,FC3,right,central,20,33,53,191,326,517,0.306055,1214.042151,0
720575940611527794,NO.34,CX,ACH,PFNv,right,central,4,16,20,18,218,236,0.339873,8444.701265,3
720575940613300722,LAL.FB.2,CX,GLUT,FB5V,left,central,2,48,50,9,535,544,0.327147,127.387398,3
720575940619845547,EB.FB.5,CX,DA,ExR2_2,right,central,10,17,27,25,90,115,0.310699,11901.133068,4
720575940620941003,FB.398,CX,GLUT,FB2J_a,left,central,10,64,74,92,666,758,0.328419,1777.766268,1
720575940621613508,CRE.FB.14,CX,GLUT,FB5V,right,central,4,45,49,34,554,588,0.306982,202.096947,3
720575940622523101,SMP.FB.30,CX,GLUT,FB5P,left,central,4,27,31,30,357,387,0.295137,130.754743,0
720575940622605320,CRE.FB.26,CX,GLUT,FB5V,left,central,4,41,45,30,435,465,0.304766,270.611814,3
720575940623317321,FB.55,unknown,unknown,AOTU046,right,central,27,58,85,194,487,681,0.280554,48412.167319,4
720575940628856514,CRE.FB.25,CX,GLUT,FB5V,left,central,4,41,45,23,492,515,0.322258,302.73517,3
720575940637899197,AOTU.FB.2,unknown,GLUT,AOTU046,left,central,25,56,81,195,547,742,0.287559,37383.638114,4
720575940637924324,CRE.FB.11,CX,GLUT,FB5V,left,central,10,51,61,80,730,810,0.320171,799.323769,3
720575940613005937,FB.617,CX,ACH,FC2C,left,central,35,15,50,376,147,523,0.301996,1565.464732,2
720575940618292901,SMP.1590,CX,GLUT,FB6S,right,central,1,2,3,5,8,13,0.25743,43.318937,0
720575940619025232,FB.1348,CX,ACH,FS3,left,central,8,1,9,75,9,84,0.244129,13.322238,2
720575940624295096,FB.845,CX,ACH,FC2B,left,central,22,8,30,339,98,437,0.302854,538.195504,2
720575940624895821,FB.918,CX,ACH,vDeltaC,right,central,24,12,36,221,163,384,0.277976,936.303921,2
720575940627617866,FB.1037,CX,unknown,FC2C,left,central,18,8,26,277,68,345,0.300118,1123.616279,2
720575940631621145,FB.SMP.70,CX,ACH,FS3,left,central,8,2,10,71,10,81,0.253946,60.220007,2
720575940637519165,FB.SMP.50,CX,ACH,FS4A,left,central,6,1,7,54,6,60,0.238162,21.781348,4
720575940639426805,EB.129,CX,GABA,ER2,left,central,3,1,4,58,1,59,0.242406,350.43506,4
720575940609913646,FB.582,CX,GLUT,FB1E,right,central,15,37,52,172,249,421,0.330292,1202.093189,4
720575940625899751,FB.863,CX,GLUT,FB1F,left,central,17,22,39,113,195,308,0.347983,4325.313357,4
720575940633924653,FB.674,CX,GLUT,FB1E,left,central,15,37,52,169,294,463,0.337608,1568.829299,4
720575940651290358,SMP.2115,CX,unknown,FB1F,right,central,11,22,33,80,165,245,0.336599,1855.243521,4
720575940623059214,NO.224,CX,DA,PFNp,right,central,1,1,2,2,3,5,0.265976,0,4
720575940625516830,EB.152,CX,GABA,ER4d,left,central,5,12,17,6,15,21,0.221264,761.328412,5
720575940623973837,EB.55,CX,GABA,EL,right,central,16,19,35,68,32,100,0.257954,43454.63076,5
720575940624180263,EB.162,CX,GABA,ER4d,left,central,10,7,17,10,9,19,0.245162,2461.356341,5
720575940624373837,EB.125,CX,GABA,ER4d,right,central,6,5,11,7,5,12,0.25743,5660.699523,5
720575940626456083,EB.151,CX,GABA,ER4d,left,central,5,2,7,6,2,8,0.205266,330.093588,5
720575940629720848,EB.137,CX,GABA,ER4d,right,central,5,5,10,5,5,10,0.231843,794.969154,5
720575940635152153,EB.118,CX,GABA,ER4d,right,central,7,7,14,9,9,18,0.234335,827.663252,5
720575940627958046,EB.219,CX,GABA,ER3d,right,central,3,1,4,112,1,113,0.228137,7.864429,4
720575940613760927,FB.1263,CX,ACH,vDeltaK,left,central,10,7,17,114,77,191,0.28953,93.913986,3
720575940627296396,FB.1344,CX,ACH,vDeltaK,left,central,8,5,13,75,60,135,0.264208,67.697417,3
720575940627852226,FB.1240,CX,ACH,vDeltaK,right,central,12,7,19,119,63,182,0.265976,129.543319,3
720575940628057862,FB.452,CX,GLUT,FB4O,left,central,10,52,62,84,374,458,0.332404,3244.407413,3
720575940630985811,FB.1276,CX,ACH,vDeltaL,right,central,14,9,23,119,88,207,0.273107,238.886674,3
720575940631353683,FB.1316,CX,ACH,vDeltaK,right,central,11,8,19,91,87,178,0.297738,230.57778,3
720575940628072748,NO.164,CX,unknown,PFNp,right,central,1,5,6,7,29,36,0.290943,9.3559,4
720575940614012134,FB.1262,CX,ACH,vDeltaK,left,central,12,7,19,136,83,219,0.284771,294.28832,3
720575940615610836,FB.1232,CX,ACH,vDeltaK,left,central,15,7,22,152,81,233,0.291865,916.299781,3
720575940620958814,FB.1177,CX,ACH,vDeltaK,right,central,8,6,14,100,46,146,0.272263,110.525548,3
720575940628695660,FB.1127,CX,ACH,vDeltaM,right,central,7,13,20,106,103,209,0.265002,89.962685,3
720575940634043640,FB.1166,CX,ACH,vDeltaJ,right,central,14,10,24,125,74,199,0.294579,587.754866,3
720575940614174018,FB.909,CX,GLUT,FB4A,right,central,19,22,41,139,165,304,0.316077,130.968597,0
720575940639924176,FB.365,CX,GLUT,FB6X,left,central,16,53,69,147,792,939,0.290776,604.734523,2
720575940637969222,SLP.FB.5,CX,GLUT,FB8F_b,right,central,3,21,24,15,186,201,0.289654,257.9977,4
720575940615654715,FB.1259,CX,ACH,vDeltaA_a,right,central,16,8,24,116,104,220,0.289158,1749.119582,4
720575940618679280,FB.1080,CX,ACH,vDeltaA_a,right,central,17,10,27,132,81,213,0.263967,2430.1121,4
720575940615712468,FB.1307,CX,ACH,vDeltaA_a,right,central,7,12,19,56,107,163,0.264518,3420.256939,4
720575940629864515,FB.1238,CX,ACH,vDeltaA_a,right,central,12,8,20,101,85,186,0.264621,933.0519,4
720575940604561766,NO.94,CX,ACH,PFNm,right,central,3,18,21,15,119,134,0.327147,2660.262912,0
720575940613301471,NO.200,CX,DA,PFNp,right,central,1,3,4,3,12,15,0.288418,11.767355,0
720575940624280676,NO.83,CX,ACH,PFNm,right,central,6,11,17,20,49,69,0.284611,369.13813,4
720575940620428225,CRE.FB.3,CX,GLUT,FB5V,left,central,10,70,80,90,831,921,0.326988,1148.464391,3
720575940631372369,EB.143,CX,ACH,PEN_b/PEN2,left,central,1,7,8,1,15,16,0.277291,476.669114,5
720575940636730694,EB.39,CX,ACH,EPG,right,central,8,3,11,8,5,13,0.301368,9626.066074,5
720575940617193886,FB.1287,CX,GLUT,FB9B,right,central,5,16,21,22,152,174,0.294536,859.418282,4
720575940611468185,FB.944,CX,ACH,vDeltaA_a,left,central,23,14,37,175,139,314,0.264967,1775.235705,4
720575940620443764,NO.FB.122,CX,SER,PFNp,right,central,3,3,6,15,17,32,0.241568,8.906371,0
720575940611308259,FB.945,CX,ACH,vDeltaD,left,central,14,16,30,146,186,332,0.277862,71.613964,2
720575940612248743,FB.982,CX,SER,vDeltaC,right,central,13,18,31,131,198,329,0.281176,294.476057,4
720575940612377775,FB.1031,CX,SER,vDeltaC,right,central,15,12,27,107,164,271,0.274364,233.711041,2
720575940632423442,FB.939,CX,unknown,vDeltaC,right,central,17,21,38,127,203,330,0.280981,987.233418,4
720575940632803007,FB.931,CX,unknown,vDeltaC,right,central,14,23,37,112,226,338,0.284731,747.278461,2
720575940652886177,SMP.FB.36,CX,GLUT,FB6T,right,central,6,16,22,45,344,389,0.27455,469.311365,2
720575940608068035,NO.FB.66,CX,ACH,PFNm,left,central,4,13,17,18,73,91,0.319263,2228.815046,0
720575940607330825,NO.81,CX,ACH,PFNm,left,central,7,12,19,26,49,75,0.303625,532.39737,0
720575940610363059,NO.111,CX,ACH,PFNm,left,central,1,13,14,3,80,83,0.311702,11.896456,0
720575940635229797,NO.62,CX,ACH,PFNm,left,central,7,14,21,49,57,106,0.307914,841.505149,4
720575940638576462,FB.1122,CX,ACH,vDeltaM,left,central,8,13,21,118,108,226,0.278281,289.310682,3
720575940620932317,FB.SMP.55,CX,ACH,FS3,left,central,9,1,10,68,5,73,0.225598,75.19126,2
720575940627126787,FB.973,CX,ACH,FC2C,left,central,16,11,27,174,80,254,0.301413,1867.730904,0
720575940634192339,FB.1355,CX,GLUT,FB4E,left,central,2,4,6,15,43,58,0.251146,1.737096,3
720575940629711376,EB.184,CX,GABA,ER3d,right,central,3,4,7,108,5,113,0.246025,15.289631,4
720575940617187329,EB.334,CX,GABA,ER3d,right,central,3,3,6,56,4,60,0.2429,11.181682,4
720575940635183728,FB.1363,CX,unknown,FS2,left,central,6,1,7,43,6,49,0.23655,0.720969,0
720575940629842499,FB.1223,CX,ACH,vDeltaK,left,central,12,8,20,98,68,166,0.284691,85.80023,3
720575940609116740,FB.1369,CX,ACH,vDeltaM,left,central,3,6,9,37,42,79,0.246294,38.848886,3
720575940621434150,FB.1284,CX,ACH,vDeltaK,left,central,11,5,16,120,79,199,0.269226,248.542769,3
720575940625817256,FB.1244,CX,ACH,vDeltaK,right,central,13,10,23,113,93,206,0.278625,660.828542,3
720575940627778137,AOTU.FB.14,TuBu,ACH,TuBu07,left,central,4,3,7,23,78,101,0.245965,0,4
720575940624403044,FB.1336,CX,DA,vDeltaM,left,central,8,5,13,82,23,105,0.255322,151.284646,3
720575940644038180,FB.1057,CX,ACH,vDeltaK,left,central,13,6,19,130,99,229,0.264276,85.59396,3
720575940630580255,FB.914,CX,ACH,vDeltaK,right,central,21,11,32,211,140,351,0.295653,929.039967,3
720575940635666409,FB.1123,CX,ACH,vDeltaK,left,central,14,6,20,139,86,225,0.267062,110.679249,3
720575940610973413,SMP.FB.34,CX,GLUT,FB6T,left,central,5,21,26,31,345,376,0.281567,411.006727,2
720575940611974354,FB.1338,CX,ACH,FS3,right,central,10,1,11,69,8,77,0.239428,3.753693,2
720575940630982712,SMP.FB.38,CX,GLUT,FB6T,left,central,4,20,24,25,302,327,0.287029,1407.424432,2
720575940625156745,SMP.1228,CX,GLUT,FB8F_a,left,central,3,12,15,19,79,98,0.26438,131.939934,4
720575940633021084,NO.FB.73,CX,ACH,PFNp,left,central,2,3,5,10,18,28,0.244423,64.361289,3
720575940615711745,FB.1110,CX,ACH,vDeltaL,left,central,11,9,20,104,108,212,0.287844,458.576494,3
720575940654008993,NO.FB.63,CX,ACH,PFNm,right,central,9,17,26,57,102,159,0.303307,996.423345,4
720575940625951321,NO.FB.52,CX,ACH,PFNm,right,central,10,16,26,71,105,176,0.30495,1274.958558,4
720575940638490531,NO.57,CX,ACH,PFNm,right,central,8,11,19,42,62,104,0.306982,1478.702601,4
720575940635462318,NO.171,CX,unknown,PFNm,left,central,2,1,3,5,5,10,0.237939,3.858217,4
720575940639184361,FB.421,CX,GLUT,FB7G,left,central,41,52,93,372,513,885,0.317016,4539.904614,4
720575940610178417,NO.61,CX,ACH,PFNv,left,central,4,15,19,17,341,358,0.311702,222.77032,3
720575940632988351,EB.93,CX,GABA,ER2,right,central,4,2,6,120,3,123,0.224474,2088.956696,4
720575940628733292,EB.76,CX,GABA,ER2,right,central,5,1,6,72,1,73,0.183339,24.748074,4
720575940637625203,FB.1187,CX,ACH,vDeltaL,right,central,13,7,20,96,65,161,0.276045,257.148427,3
720575940616440537,FB.660,CX,GLUT,FB2F_c,right,central,6,45,51,42,344,386,0.30092,654.772918,0
720575940623436531,FB.1172,CX,GLUT,FB9B,right,central,1,17,18,9,125,134,0.286745,150.26004,4
720575940611912362,FB.1360,CX,GLUT,FB9B,left,central,2,5,7,11,37,48,0.253692,0.416667,4
720575940613388753,FB.1309,CX,ACH,vDeltaA_a,right,central,8,4,12,55,52,107,0.256388,338.983096,4
720575940624341436,FB.1365,CX,GLUT,FB9B,left,central,2,7,9,14,55,69,0.250432,2041.688824,4
720575940624773916,FB.1247,CX,unknown,FB9B,right,central,6,9,15,35,101,136,0.291571,2993.319177,4
720575940626397127,FB.1131,CX,GLUT,FB9B,left,central,5,13,18,33,112,145,0.290651,3177.578126,4
720575940627046479,FB.1199,CX,GLUT,FB9C,left,central,6,11,17,49,96,145,0.280282,454.629248,4
720575940629957432,FB.1354,CX,GLUT,FB9B,right,central,3,7,10,13,49,62,0.254456,20.099455,4
720575940630329820,FB.1299,CX,unknown,FB9B,left,central,5,8,13,32,71,103,0.285091,798.714922,4
720575940632677331,FB.1274,CX,GLUT,FB9C,right,central,6,9,15,42,86,128,0.262735,248.912616,4
720575940644614947,FB.1383,CX,GLUT,FB9B,right,central,2,2,4,11,14,25,0.245876,0,4
720575940628073235,FB.1163,CX,GLUT,SA1,right,central,12,14,26,75,97,172,0.242522,426.211112,4
720575940611185123,FB.795,CX,GLUT,SA2,left,central,19,22,41,141,172,313,0.252366,2514.116716,4
720575940616200298,FB.792,CX,GLUT,SA1,right,central,13,28,41,104,220,324,0.261077,2941.957835,4
720575940616400704,FB.727,CX,GLUT,SA1,right,central,20,19,39,158,126,284,0.260272,744.492903,4
720575940619766655,FB.1159,CX,ACH,vDeltaA_a,right,central,15,3,18,116,32,148,0.246504,621.866697,4
720575940623808526,FB.936,CX,GLUT,SA2,left,central,19,10,29,161,70,231,0.27924,1549.013592,4
720575940625863690,FB.739,CX,GLUT,SA2,left,central,23,23,46,176,160,336,0.284931,7425.49074,4
720575940629836611,FB.881,CX,GLUT,SA1,right,central,16,30,46,123,235,358,0.281841,6654.229773,4
720575940631100124,FB.1034,CX,GLUT,SA1,right,central,17,11,28,135,72,207,0.283735,1698.723243,4
720575940635568480,FB.980,CX,GLUT,FB1B,left,central,11,19,30,73,143,216,0.255837,1735.951397,4
720575940637674915,FB.1044,CX,GLUT,SA1,right,central,10,22,32,63,153,216,0.247406,5074.858375,4
720575940633177696,FB.SMP.4,CX,GLUT,FB8F_a,left,central,6,12,18,48,87,135,0.288459,263.343311,4
720575940637653605,SMP.FB.46,CX,GLUT,FB8F_a,left,central,6,16,22,40,136,176,0.271862,200.213768,4
720575940616571682,NO.152,CX,ACH,PFNm,right,central,4,8,12,18,37,55,0.273365,916.809252,4
720575940629597647,NO.90,CX,ACH,PFNa,right,central,3,7,10,10,34,44,0.305179,7627.682937,1
720575940605754033,FB.322,CX,GLUT,FB4F_a,left,central,25,64,89,171,771,942,0.311894,2084.307253,3
720575940607339971,FB.1341,CX,ACH,vDeltaL,left,central,6,8,14,65,91,156,0.285855,80.366995,3
720575940613200559,CRE.FB.31,CX,GLUT,FB5P,right,central,10,36,46,76,591,667,0.308383,491.890223,0
720575940615023628,FB.1393,CX,unknown,vDeltaL,left,central,2,2,4,14,13,27,0.239768,0.034335,3
720575940615484633,FB.1289,CX,ACH,vDeltaM,right,central,8,9,17,104,74,178,0.277178,76.829007,3
720575940615921803,CRE.FB.36,CX,SER,FB4F_a,right,central,15,53,68,113,669,782,0.315388,546.731949,3
720575940618317726,FB.1258,CX,ACH,vDeltaL,left,central,7,5,12,59,58,117,0.276384,73.207863,3
720575940619428272,FB.1178,CX,ACH,vDeltaM,left,central,6,10,16,92,75,167,0.277481,40.330693,3
720575940622514695,FB.1283,CX,ACH,vDeltaM,left,central,5,7,12,103,55,158,0.255934,24.318314,3
720575940622856781,FB.1204,CX,ACH,vDeltaM,left,central,8,8,16,100,73,173,0.276686,57.827196,3
720575940622905869,FB.1203,CX,ACH,vDeltaM,left,central,8,9,17,162,95,257,0.26622,95.322235,3
720575940625609810,FB.1246,CX,ACH,vDeltaM,right,central,8,10,18,136,83,219,0.271679,75.859029,3
720575940625781180,FB.1268,CX,ACH,vDeltaL,left,central,16,7,23,156,83,239,0.275595,638.363698,3
720575940637211957,FB.1072,CX,ACH,vDeltaL,left,central,10,9,19,88,87,175,0.277367,168.293358,3
720575940640241037,FB.1217,CX,ACH,vDeltaM,right,central,6,12,18,84,89,173,0.277481,145.660086,3
720575940646521988,FB.1382,CX,ACH,vDeltaM,left,central,4,5,9,44,30,74,0.253724,28.454988,3
720575940630111628,FB.1191,CX,GLUT,FB9B,left,central,7,14,21,47,117,164,0.285734,8887.938369,4
720575940627097862,CRE.FB.40,CX,GLUT,FB2C,right,central,15,21,36,90,227,317,0.349061,1843.577971,0
720575940635992718,FB.400,CX,GLUT,CB4171,left,central,9,70,79,115,672,787,0.324372,197.419804,1
720575940628843458,EB.9,CX,ACH,EPG,right,central,1,2,3,1,3,4,0.219206,20276.08495,3
720575940631125036,EB.10,CX,ACH,EPG,right,central,2,2,4,3,3,6,0.258678,37063.447204,3
720575940626923029,FB.1076,CX,ACH,vDeltaA_a,left,central,14,15,29,101,126,227,0.262429,19029.915839,4
720575940635622039,FB.1308,CX,GLUT,FB4A,right,central,6,8,14,39,52,91,0.291781,24.677801,0
720575940638542936,NO.191,CX,unknown,PFNp,right,central,2,1,3,7,4,11,0.277026,55.032356,3
720575940619893419,FB.1229,DAN,DA,PAM09,left,central,3,7,10,23,36,59,0.267238,128.981127,2
720575940619586676,FB.1051,CX,ACH,vDeltaA_a,left,central,17,18,35,139,132,271,0.286745,13797.043897,4
720575940619084891,SLP.FB.10,CX,GLUT,FB8A,right,central,8,20,28,48,303,351,0.286502,1968.455451,4
720575940622085389,FB.1303,CX,unknown,FB9B,right,central,5,9,14,32,80,112,0.260406,7117.853033,4
720575940629372747,FB.787,CX,GLUT,FB9A,left,central,9,31,40,73,280,353,0.275932,1799.390948,4
720575940642870820,FB.964,CX,GLUT,SA1,right,central,12,22,34,75,157,232,0.282037,3448.930802,4
720575940612937073,EB.111,CX,ACH,ExR7,left,central,4,20,24,10,150,160,0.362612,22335.463224,4
720575940628164140,FB.765,CX,GLUT,FB2C,right,central,15,40,55,81,289,370,0.352767,2399.565522,0
720575940637195895,FB.938,CX,GLUT,FB3B,right,central,5,30,35,56,244,300,0.332241,330.970158,1
720575940623816848,FB.1226,CX,ACH,vDeltaK,left,central,9,7,16,104,81,185,0.261447,17.949329,3
720575940628471868,FB.1128,CX,ACH,vDeltaK,left,central,13,5,18,110,61,171,0.259905,180.116772,3
720575940624323592,CRE.FB.22,CX,GLUT,FB6X,right,central,15,39,54,117,495,612,0.282155,1059.601279,2
720575940619160769,NO.50,CX,ACH,PFNa,right,central,2,19,21,2,117,119,0.301413,25.072718,1
720575940617211968,FB.979,CX,ACH,FC1D,right,central,12,19,31,100,153,253,0.295266,118.842333,1
720575940636413176,EB.221,CX,GABA,ER3d,left,central,7,2,9,118,2,120,0.268512,1182.171135,4
720575940602783968,EB.310,CX,GABA,ER3d,left,central,4,2,6,29,2,31,0.265662,61.963009,4
720575940627877114,EB.179,CX,GABA,ER3w,left,central,2,1,3,68,1,69,0.164998,0,4
720575940617178369,FB.1368,CX,ACH,vDeltaM,left,central,3,2,5,36,10,46,0.252649,5.254385,3
720575940621978904,FB.1079,CX,ACH,vDeltaK,right,central,12,6,18,105,67,172,0.273254,418.700917,3
720575940621372713,FB.1347,CX,GLUT,FB9B,left,central,1,16,17,7,155,162,0.295352,47.456086,4
720575940608434883,FB.748,CX,GLUT,SAF,left,central,19,38,57,153,300,453,0.277026,20311.842698,4
720575940623738516,FB.1201,CX,ACH,vDeltaA_a,right,central,15,10,25,113,87,200,0.259539,2376.851778,4
720575940628802632,FB.1105,CX,ACH,vDeltaA_a,left,central,17,18,35,123,130,253,0.265279,10069.472468,4
720575940630596921,NO.252,CX,DA,PFNp,right,central,2,3,5,9,12,21,0.288213,3.758144,4
720575940627798266,FB.CRE.89,CX,ACH,FR2,right,central,8,1,9,47,1,48,0.269011,609.059025,1
720575940608047299,NO.8,CX,ACH,PFNa,right,central,1,30,31,4,275,279,0.311367,18.132167,1
720575940642486747,NO.43,CX,ACH,PFNa,left,central,1,22,23,5,158,163,0.293301,33.939852,1
720575940633120151,FB.1332,CX,GLUT,FB5W,left,central,4,6,10,30,35,65,0.259672,10.493579,0
720575940630252955,SMP.FB.42,CX,GLUT,FB8A,right,central,3,27,30,19,369,388,0.288131,239.473974,4
720575940610070626,SLP.FB.6,CX,GLUT,SA3,right,central,9,21,30,70,146,216,0.267555,939.690561,4
720575940610095322,FB.1140,CX,GLUT,SA2,left,central,13,10,23,95,66,161,0.284132,848.549933,4
720575940613429314,FB.943,CX,GLUT,SA1,right,central,22,14,36,169,90,259,0.276913,3113.079757,4
720575940614038751,FB.1111,CX,GLUT,SAF,right,central,6,14,20,48,96,144,0.258678,167.635009,4
720575940619082405,FB.907,CX,GLUT,SA3,right,central,10,27,37,76,195,271,0.271935,1697.3782,4
720575940632223132,FB.1237,CX,GLUT,SAF,left,central,6,8,14,47,53,100,0.224573,12.266793,4
720575940634062328,FB.820,CX,GLUT,SAF,left,central,12,30,42,85,239,324,0.27296,1953.39854,4
720575940622226870,FB.950,CX,GLUT,FB3B,left,central,7,28,35,74,250,324,0.348162,1498.233126,1
720575940604278705,AOTU.FB.37,TuBu,ACH,TuBu07,right,central,4,3,7,45,31,76,0.245965,0,4
720575940606697858,AOTU.BU.31,TuBu,ACH,TuBu03,right,central,3,4,7,5,20,25,0.251458,0,4
720575940609648226,AOTU.FB.49,TuBu,ACH,TuBu09,left,central,4,3,7,29,76,105,0.245281,3037.324605,4
720575940610931058,AOTU.FB.28,TuBu,ACH,TuBu03,right,central,3,5,8,9,155,164,0.246115,51.046485,4
720575940612942998,AOTU.FB.19,TuBu,ACH,TuBu04,right,central,2,11,13,14,165,179,0.25452,49.509174,4
720575940613090710,AOTU.FB.16,TuBu,ACH,TuBu04,right,central,2,9,11,10,165,175,0.251864,51.830207,4
720575940615846356,AOTU.FB.10,TuBu,ACH,TuBu07,right,central,3,5,8,31,106,137,0.246354,1611.877826,4
720575940615935325,AOTU.FB.35,TuBu,ACH,TuBu09,right,central,4,4,8,33,129,162,0.246085,2020.490608,4
720575940617172436,AOTU.FB.3,TuBu,ACH,TuBu07,right,central,4,6,10,36,255,291,0.26622,48.293848,4
720575940618014343,AOTU.FB.40,TuBu,ACH,TuBu04,left,central,2,8,10,8,63,71,0.254233,7.410778,4
720575940618606715,AOTU.BU.6,TuBu,ACH,TuBu07,right,central,2,5,7,8,22,30,0.26192,21.553785,4
720575940619172079,AOTU.FB.4,TuBu,ACH,TuBu07,right,central,5,5,10,51,315,366,0.246294,10271.380363,4
720575940619784374,AOTU.FB.12,TuBu,ACH,TuBu09,right,central,5,3,8,34,101,135,0.243367,6.070751,4
720575940620139643,EB.82,CX,GABA,ER2,right,central,4,1,5,96,2,98,0.268512,267.751958,4
720575940620423518,AOTU.BU.19,TuBu,ACH,TuBu07,left,central,3,4,7,12,9,21,0.247921,0,4
720575940621022685,AOTU.FB.33,TuBu,ACH,TuBu09,right,central,5,4,9,50,142,192,0.246025,22.172431,4
720575940622073235,AOTU.FB.32,TuBu,ACH,TuBu09,left,central,6,2,8,29,16,45,0.247709,59.932241,4
720575940624346917,AOTU.FB.31,TuBu,ACH,TuBu07,right,central,4,3,7,21,38,59,0.245965,0,4
720575940624634040,AOTU.FB.43,TuBu,ACH,TuBu09,right,central,4,2,6,14,19,33,0.245578,0,4
720575940625175960,AOTU.FB.52,TuBu,ACH,TuBu09,left,central,4,1,5,20,13,33,0.243483,0,4
720575940625805906,AOTU.FB.27,TuBu,ACH,TuBu03,left,central,4,10,14,13,150,163,0.254616,46.379747,4
720575940625819535,AOTU.BU.13,TuBu,ACH,TuBu07,right,central,3,4,7,12,75,87,0.246234,9.847729,4
720575940625848330,AOTU.FB.21,TuBu,ACH,TuBu04,right,central,1,11,12,9,169,178,0.254616,19.402295,4
720575940626048540,AOTU.FB.20,TuBu,ACH,TuBu03,right,central,2,5,7,10,158,168,0.264208,11.613873,4
720575940626780422,AOTU.FB.26,TuBu,ACH,TuBu07,left,central,4,5,9,31,149,180,0.246174,5627.14962,4
720575940627243267,AOTU.FB.42,TuBu,ACH,TuBu09,left,central,3,5,8,26,108,134,0.250773,60.030202,4
720575940627640475,AOTU.FB.30,TuBu,ACH,TuBu04,left,central,2,6,8,5,45,50,0.252554,19.145407,4
720575940628078908,AOTU.FB.39,TuBu,ACH,TuBu03,left,central,2,4,6,13,115,128,0.24404,44.979342,4
720575940629681168,AOTU.FB.41,TuBu,ACH,TuBu09,right,central,4,3,7,26,32,58,0.245965,0,4
720575940630706247,AOTU.FB.45,TuBu,ACH,TuBu09,left,central,5,2,7,25,36,61,0.243571,105.009308,4
720575940631831879,AOTU.FB.25,TuBu,ACH,TuBu03,right,central,2,6,8,10,148,158,0.253915,25.38136,4
720575940632880224,AOTU.BU.41,TuBu,ACH,TuBu09,right,central,4,3,7,12,16,28,0.245965,0,4
720575940632894304,AOTU.FB.38,TuBu,ACH,TuBu09,right,central,4,2,6,34,35,69,0.243688,874.45609,4
720575940633228615,AOTU.FB.8,TuBu,ACH,TuBu07,right,central,4,4,8,29,98,127,0.246234,12.414396,4
720575940634996878,AOTU.FB.24,TuBu,ACH,TuBu09,right,central,5,7,12,40,119,159,0.253153,1158.716445,4
720575940637567822,AOTU.FB.6,TuBu,ACH,TuBu07,right,central,4,4,8,35,245,280,0.246294,2019,4
720575940638612190,AOTU.FB.36,TuBu,ACH,TuBu04,left,central,4,4,8,18,24,42,0.238246,18.444898,4
720575940643182372,AOTU.FB.23,TuBu,ACH,TuBu03,right,central,4,9,13,26,172,198,0.254456,43.911893,4
720575940647317113,AOTU.FB.50,TuBu,ACH,TuBu09,left,central,4,4,8,23,52,75,0.246234,3034.858486,4
720575940639935963,NO.FB.13,CX,ACH,PFNa,right,central,2,20,22,4,209,213,0.305639,1791.58278,1
720575940638663000,NO.19,CX,ACH,PFNa,right,central,3,18,21,11,145,156,0.306193,617.214757,1
720575940643567652,NO.103,CX,ACH,PFNa,right,central,2,10,12,4,74,78,0.292961,4.078434,1
720575940644745120,SAD.FB.2,unknown,OCT,OA-VPM3,left,central,12,54,66,66,377,443,0.373297,7834.652587,0
720575940610306146,FB.983,CX,GLUT,FB3B,left,central,8,21,29,72,217,289,0.325205,2380.703387,1
720575940610355186,FB.1340,CX,ACH,vDeltaA_a,left,central,6,5,11,46,60,106,0.260573,781.567089,4
720575940614413106,FB.673,CX,ACH,FC3,left,central,21,27,48,165,272,437,0.324684,1574.845935,1
720575940618129355,FB.542,CX,ACH,FC3,left,central,26,42,68,246,448,694,0.315535,2926.050669,1
720575940618622191,FB.1137,CX,ACH,vDeltaA_a,left,central,12,12,24,96,98,194,0.264898,4937.691574,4
720575940622810697,FB.SMP.93,CX,ACH,FS4A,left,central,3,1,4,23,6,29,0.242464,11.223045,4
720575940625649726,FB.1099,CX,GLUT,FB1B,right,central,10,16,26,92,110,202,0.311271,6838.391351,4
720575940626304936,FB.687,CX,ACH,FC3,right,central,15,29,44,129,307,436,0.297694,1642.425331,1
720575940628585978,FB.916,CX,GLUT,FB3B,right,central,8,27,35,70,269,339,0.319414,434.938801,3
720575940628805636,FB.1372,CX,GLUT,FB3B,left,central,2,9,11,12,56,68,0.30624,2.03441,1
720575940629902206,EB.18,CX,GABA,EL,right,central,4,1,5,10,1,11,0.26837,12.373912,3
720575940634076115,FB.709,CX,GLUT,FB3B,left,central,15,35,50,134,318,452,0.337271,26201.090302,1
720575940642492360,FB.1216,CX,ACH,vDeltaA_a,left,central,11,11,22,77,123,200,0.260707,3701.453841,4
720575940644765463,EB.20,CX,GABA,EL,right,central,3,2,5,16,2,18,0.273623,264.126085,1
720575940609019512,NO.FB.58,CX,ACH,PFNp,left,central,1,14,15,3,81,84,0.312616,6376.284981,3
720575940608064707,FB.1381,CX,unknown,PFNp,left,central,1,2,3,6,14,20,0.238246,3.307286,0
720575940616287377,NO.229,CX,unknown,PFNp,left,central,1,1,2,6,6,12,0.237354,1.74186,0
720575940631468258,FB.1315,CX,ACH,vDeltaM,right,central,7,6,13,67,47,114,0.257528,61.859197,3
720575940620095100,FB.1357,CX,unknown,vDeltaM,left,central,4,5,9,50,27,77,0.258414,27.458745,3
720575940627418750,NO.17,CX,ACH,PFNa,left,central,1,19,20,1,176,177,0.285051,0.87581,1
720575940622030861,EB.329,CX,GABA,ER3p_b,left,central,4,2,6,33,2,35,0.270989,394.602019,4
720575940627653502,CRE.FB.35,CX,GLUT,FB4R,right,central,4,36,40,24,418,442,0.326514,720.375343,3
720575940608859694,FB.1212,CX,unknown,vDeltaJ,right,central,10,9,19,87,70,157,0.269548,230.604966,3
720575940615677780,FB.1083,CX,ACH,vDeltaK,right,central,14,8,22,126,59,185,0.274847,258.953905,3
720575940618901553,FB.1305,CX,ACH,vDeltaL,right,central,7,6,13,79,79,158,0.272997,86.143795,3
720575940618956198,FB.1160,CX,ACH,vDeltaK,left,central,11,8,19,135,64,199,0.287395,192.271521,3
720575940624167973,FB.1225,CX,ACH,vDeltaJ,right,central,10,6,16,112,42,154,0.313389,1844.637677,3
720575940626216177,FB.1345,CX,ACH,vDeltaK,left,central,8,9,17,89,81,170,0.286259,200.588671,3
720575940626721835,EB.61,CX,ACH,EPG,right,central,1,1,2,1,2,3,0.271534,0,3
720575940627048976,FB.1097,CX,ACH,vDeltaL,left,central,11,10,21,88,112,200,0.277747,445.099888,3
720575940631729720,FB.401,CX,GLUT,FB4F_a,left,central,26,49,75,209,677,886,0.310556,1134.157655,3
720575940632180909,FB.1092,CX,ACH,vDeltaK,right,central,13,9,22,142,89,231,0.287681,1233.67681,3
720575940629008079,FB.1375,CX,SER,vDeltaL,right,central,1,4,5,5,38,43,0.262259,0.226232,3
720575940609175758,NO.202,CX,DA,PFNp,left,central,1,1,2,6,4,10,0.271388,33.645766,4
720575940613497490,NO.125,CX,ACH,PFNm,left,central,3,12,15,6,59,65,0.312857,302.711374,0
720575940603238828,FB.1120,CX,ACH,vDeltaM,left,central,7,12,19,92,105,197,0.28887,87.939964,3
720575940611964882,EB.38,CX,GABA,EL,right,central,1,1,2,6,1,7,0.205599,16269.456201,3
720575940612109363,FB.1267,CX,ACH,vDeltaL,left,central,11,10,21,131,74,205,0.275745,113.818946,3
720575940612154664,FB.1084,CX,ACH,vDeltaL,right,central,13,6,19,146,94,240,0.275445,548.951518,3
720575940622200042,FB.1173,CX,ACH,vDeltaM,right,central,7,10,17,99,85,184,0.266045,278.949613,3
720575940627526376,FB.1415,CX,unknown,vDeltaL,right,central,2,5,7,10,31,41,0.260741,11.156448,3
720575940628083712,FB.1129,CX,ACH,vDeltaM,right,central,9,9,18,135,65,200,0.266325,53.086223,3
720575940628182722,FB.1376,CX,unknown,PFNp,left,central,5,2,7,44,12,56,0.24407,0.438954,3
720575940631552204,FB.1167,CX,ACH,vDeltaM,right,central,7,6,13,114,75,189,0.265523,18.784702,3
720575940635911396,FB.1235,CX,ACH,vDeltaM,right,central,5,11,16,117,95,212,0.264691,69.894337,3
720575940625821017,NO.118,CX,ACH,PFNa,right,central,10,8,18,61,41,102,0.294237,547.378301,4
720575940623540007,NO.FB.78,CX,ACH,PFNp,right,central,1,5,6,4,42,46,0.292201,17.612522,0
720575940621537023,NO.266,CX,DA,PFNp,right,central,1,1,2,2,6,8,0.2394,3.206126,0
720575940625511762,EB.110,CX,GABA,ER4d,right,central,3,4,7,3,4,7,0.20562,14.549823,5
720575940603844017,FB.1351,CX,ACH,vDeltaM,right,central,7,8,15,87,56,143,0.259307,101.914766,3
720575940606615561,FB.1184,CX,ACH,vDeltaL,left,central,5,8,13,72,92,164,0.267308,26.946602,3
720575940615645841,FB.1330,CX,ACH,vDeltaJ,left,central,9,8,17,105,78,183,0.261751,150.889971,0
720575940621424854,FB.1304,CX,ACH,vDeltaM,left,central,10,9,19,98,64,162,0.268086,288.154037,3
720575940622559882,FB.1205,CX,ACH,vDeltaL,right,central,13,7,20,135,55,190,0.27366,126.415726,3
720575940622733607,FB.1251,CX,ACH,vDeltaL,right,central,9,6,15,77,55,132,0.272997,82.311223,3
720575940624135205,FB.1250,CX,ACH,vDeltaJ,left,central,7,10,17,56,76,132,0.291781,127.199452,0
720575940624576258,FB.1248,CX,ACH,vDeltaK,left,central,6,6,12,90,67,157,0.262701,22.707757,3
720575940625294217,FB.1224,CX,ACH,vDeltaM,right,central,8,12,20,93,81,174,0.269548,138.496754,3
720575940627145627,FB.1280,CX,ACH,vDeltaK,right,central,8,7,15,105,84,189,0.269871,42.023493,3
720575940627799808,FB.1278,CX,ACH,vDeltaM,right,central,10,7,17,127,96,223,0.25068,54.349038,3
720575940627851458,FB.1196,CX,ACH,vDeltaM,right,central,9,11,20,138,103,241,0.292243,266.809776,3
720575940632059673,FB.1222,CX,ACH,vDeltaL,left,central,9,10,19,85,76,161,0.273365,84.795863,3
720575940634309565,FB.1220,CX,ACH,vDeltaL,right,central,7,8,15,90,77,167,0.262191,32.970008,3
720575940636271706,FB.1313,CX,ACH,vDeltaM,right,central,6,9,15,88,83,171,0.25881,28.967071,3
720575940637487694,FB.1297,CX,ACH,vDeltaL,left,central,11,7,18,97,71,168,0.280205,278.791909,3
720575940638251904,FB.1342,CX,ACH,vDeltaJ,left,central,9,7,16,93,71,164,0.27661,2231.846213,0
720575940639400307,FB.1311,CX,ACH,vDeltaL,right,central,6,7,13,70,83,153,0.284252,92.781051,3
720575940610686938,NO.FB.85,CX,ACH,PFNp,right,central,5,3,8,24,17,41,0.253185,50.762109,3
720575940615267933,FB.1260,CX,ACH,vDeltaM,left,central,5,10,15,126,83,209,0.282273,57.741427,3
720575940627424199,FB.596,CX,GLUT,FB5P,left,central,5,34,39,38,493,531,0.321389,172.110106,0
720575940628909950,SMP.1375,CX,GLUT,FB7F,left,central,1,10,11,6,61,67,0.269871,1.461374,4
720575940605890434,NO.FB.112,CX,ACH,PFNp,left,central,2,2,4,14,14,28,0.23957,4.499476,0
720575940615442315,FB.1392,CX,DA,vDeltaA_a,right,central,3,3,6,23,16,39,0.243806,1.928123,4
720575940635201422,NO.82,CX,ACH,PFNm,right,central,3,9,12,10,61,71,0.304812,127.999077,0
720575940613434786,NO.101,CX,ACH,PFNm,right,central,5,8,13,18,54,72,0.312375,366.281854,2
720575940613711614,FB.758,CX,GLUT,FB8E,right,central,4,48,52,26,567,593,0.305363,1316.352734,4
720575940613748895,SMP.FB.43,CX,GLUT,FB8A,left,central,5,16,21,26,233,259,0.279471,1190.979394,4
720575940610682261,NO.115,CX,ACH,PFNm,right,central,10,16,26,63,88,151,0.297388,956.884329,4
720575940611612018,NO.FB.57,CX,ACH,PFNm,left,central,6,14,20,36,107,143,0.292581,2298.342822,4
720575940616842141,NO.60,CX,ACH,PFNm,right,central,7,18,25,53,118,171,0.312905,1367.965717,4
720575940619051088,NO.141,CX,ACH,PFNm,left,central,6,13,19,46,63,109,0.268122,653.534629,4
720575940626534986,NO.105,CX,ACH,PFNm,right,central,9,10,19,41,56,97,0.26745,378.219387,4
720575940633368171,NO.131,CX,ACH,PFNm,left,central,9,11,20,37,59,96,0.278167,503.994741,4
720575940621750285,NO.FB.120,CX,unknown,PFNp,right,central,1,4,5,5,21,26,0.267768,8.655077,4
720575940615973771,NO.33,CX,ACH,PFNv,left,central,3,14,17,9,250,259,0.325048,18.873403,3
720575940616543745,NO.47,CX,ACH,PFNv,left,central,6,16,22,21,299,320,0.320677,1893.085227,3
720575940621712166,NO.48,CX,ACH,PFNv,left,central,4,18,22,11,259,270,0.334213,1546.879049,3
720575940638647459,FB.1143,CX,GLUT,SA1,right,central,7,7,14,48,37,85,0.239005,426.291401,4
720575940625453145,NO.92,CX,ACH,PFNm,left,central,7,12,19,37,61,98,0.304583,1003.223146,4
720575940610177203,NO.68,CX,ACH,PFNm,left,central,6,13,19,41,78,119,0.31199,2332.426138,4
720575940612710184,NO.FB.110,CX,ACH,PFNp,left,central,2,1,3,10,8,18,0.23644,2.598278,0
720575940633623743,NO.96,CX,ACH,PFNm,left,central,3,6,9,10,45,55,0.278319,86.112462,0
720575940627425276,CRE.FB.29,CX,unknown,FB5P,right,central,7,27,34,54,444,498,0.294622,129.651286,0
720575940628967168,CRE.FB.28,CX,GLUT,FB5Z,right,central,9,34,43,74,591,665,0.305685,436.329868,0
720575940620669110,FB.SMP.67,CX,ACH,FS4A,right,central,6,1,7,35,7,42,0.221797,3011.619237,4
720575940645179592,EB.302,CX,GABA,ER3d,right,central,4,1,5,37,1,38,0.265627,101.146341,4
720575940632088857,FB.1275,CX,GLUT,SA2,left,central,7,9,16,41,50,91,0.239825,263.014915,4
720575940604498208,NO.205,CX,unknown,PFNp,right,central,2,8,10,4,50,54,0.288582,37.185529,0
720575940631132985,FB.1386,CX,unknown,FC1A,right,central,8,7,15,50,46,96,0.274252,78.156132,1
720575940620358012,FB.1367,CX,ACH,unknown,left,central,2,3,5,13,20,33,0.225548,196.64298,4
720575940630286639,SMP.1861,CX,GLUT,FB6S,left,central,1,5,6,5,21,26,0.277671,31.739005,2
720575940615098683,NO.FB.109,CX,unknown,PFNp,left,central,2,3,5,6,14,20,0.285855,218.709047,4
720575940622569827,PB.78,CX,unknown,PFNa,left,central,1,26,27,5,223,228,0.303944,813.980365,1
720575940615748753,NO.142,CX,ACH,PFNm,left,central,7,11,18,41,65,106,0.282548,2113.006218,4
720575940616966557,NO.44,CX,ACH,PFNv,right,central,4,13,17,9,227,236,0.325152,667.181172,3
720575940606734258,NO.282,CX,unknown,PFNp,right,central,2,2,4,5,13,18,0.241281,7.199707,0
720575940606597724,FB.1396,CX,unknown,unknown,left,central,4,4,8,35,23,58,0.266851,489.606741,3
720575940610448307,FB.1339,CX,ACH,vDeltaM,right,central,4,8,12,82,77,159,0.263144,24.960831,3
720575940616267348,FB.1329,CX,ACH,vDeltaM,left,central,5,5,10,64,30,94,0.255837,28.991407,3
720575940622014471,FB.1366,CX,ACH,vDeltaM,left,central,4,1,5,49,8,57,0.232082,0.23886,3
720575940629516793,NO.193,CX,unknown,PFNp,right,central,2,5,7,8,25,33,0.290152,42.493881,0
720575940629391179,FB.1096,CX,GLUT,FB9C,left,central,5,14,19,45,138,183,0.27874,537.471574,4
720575940616884765,NO.186,CX,unknown,PFNp,right,central,3,3,6,14,14,28,0.285292,26.527619,4
720575940618774352,NO.157,CX,ACH,PFNm,left,central,3,9,12,5,60,65,0.292286,129.018354,2
720575940619835892,NO.109,CX,ACH,PFNm,right,central,3,9,12,14,40,54,0.298527,294.030836,2
720575940625863336,FB.1346,CX,GLUT,FB9B,right,central,2,8,10,11,68,79,0.285332,183.1952,4
720575940635223152,FB.556,CX,GLUT,FB8I,left,central,17,29,46,137,330,467,0.288664,834.419881,4
720575940620664741,EB.352,CX,ACH,EPG,right,central,1,2,3,3,2,5,0.22806,2026,2
720575940622897917,CRE.FB.17,CX,GLUT,FB5V,right,central,2,49,51,10,626,636,0.343618,289.024249,3
720575940629615417,SMP.FB.27,CX,GLUT,FB5P,left,central,4,31,35,24,554,578,0.304537,125.089326,0
720575940617425781,EB.262,CX,GABA,ER3d,left,central,5,2,7,82,2,84,0.243542,2040.378355,4
720575940624356234,EB.321,CX,GABA,ER3d,left,central,4,1,5,49,1,50,0.265627,205.120634,4
720575940603409632,NO.239,CX,DA,PFNp,left,central,1,3,4,4,14,18,0.288459,12.318374,4
720575940625176092,NO.106,CX,ACH,PFNm,left,central,4,8,12,13,41,54,0.293896,138.889581,4
720575940629345527,SMP.1178,CX,GLUT,FB7F,right,central,3,3,6,21,18,39,0.256745,14.381731,4
720575940629550039,NO.80,CX,ACH,PFNm,right,central,5,10,15,21,69,90,0.270555,245.937922,4
720575940636802532,NO.FB.49,CX,ACH,PFNm,right,central,3,14,17,9,92,101,0.315339,1706.634001,0
720575940606958859,FB.SMP.49,CX,ACH,FS4A,left,central,12,1,13,85,6,91,0.193453,1997.041467,4
720575940610603214,FB.778,CX,GLUT,SA2,left,central,13,29,42,107,241,348,0.264691,1337.103767,4
720575940611550701,FB.1291,CX,unknown,SA1,right,central,7,4,11,53,23,76,0.241137,197.99671,4
720575940613793302,SLP.FB.17,CX,GLUT,SA3,left,central,9,13,22,62,73,135,0.317761,6483.708511,4
720575940626038403,SLP.FB.14,CX,GLUT,SA3,left,central,4,18,22,28,117,145,0.275595,1442.256169,4
720575940628883838,FB.1060,CX,GLUT,SA2,left,central,12,20,32,75,142,217,0.28243,1651.527889,4
720575940636129758,FB.862,CX,GLUT,FB2L,left,central,10,30,40,61,211,272,0.33013,1489.097109,0
720575940618146901,NO.FB.124,CX,ACH,PFNp,right,central,2,1,3,15,9,24,0.223533,41.651892,3
720575940611363954,FB.1292,CX,ACH,vDeltaA_a,right,central,10,8,18,70,80,150,0.259439,1186.810358,4
720575940634360824,NO.40,CX,ACH,PFNv,right,central,6,18,24,28,265,293,0.338397,1692.358943,3
720575940612920466,EB.163,CX,ACH,PEN_b/PEN2,right,central,3,9,12,6,18,24,0.277938,1697.463207,3
720575940619476126,EB.161,CX,ACH,PEN_a/PEN1,right,central,3,2,5,3,3,6,0.276045,2490.265664,3
720575940610545561,FB.1380,CX,ACH,vDeltaA_a,left,central,8,3,11,52,19,71,0.243864,53.360746,4
720575940611568686,FB.1255,CX,GLUT,FB8D,left,central,5,7,12,38,130,168,0.273439,34.378578,4
720575940619550708,FB.1358,CX,ACH,vDeltaA_a,right,central,2,4,6,11,27,38,0.254808,1.288292,4
720575940630145071,SLP.FB.12,CX,GLUT,FB9A,right,central,6,24,30,45,196,241,0.284971,945.40607,4
720575940632827496,FB.1158,CX,GLUT,FB9C,left,central,5,13,18,41,136,177,0.27809,657.719435,4
720575940637503603,FB.1188,CX,GLUT,FB8D,right,central,8,9,17,55,136,191,0.270989,110.476389,4
720575940618867888,FB.1230,CX,ACH,vDeltaM,left,central,7,9,16,104,87,191,0.281528,73.144804,3
720575940610776900,FB.1295,CX,ACH,vDeltaM,left,central,8,4,12,81,24,105,0.238808,25.739587,3
720575940629526570,NO.FB.21,CX,ACH,PFNv,right,central,3,14,17,17,340,357,0.310509,117.111229,3
720575940622805798,FB.1301,CX,ACH,vDeltaM,right,central,3,7,10,52,55,107,0.251614,32.410567,3
720575940623066126,SLP.FB.16,CX,GLUT,FB9C,left,central,1,5,6,5,39,44,0.277633,196.200809,4
720575940632736703,EB.170,CX,ACH,PEN_a/PEN1,right,central,1,1,2,1,1,2,0.21649,679.726704,3
720575940612248883,NO.FB.126,CX,ACH,PFNp,left,central,1,1,2,2,5,7,0.215661,0,3
720575940637791549,SMP.FB.35,CX,GLUT,FB6T,right,central,1,19,20,6,178,184,0.293343,815.437713,4
720575940631024977,NO.104,CX,ACH,PFNm,left,central,10,9,19,32,50,82,0.271898,328.912659,4
720575940613958412,NO.77,CX,ACH,PFNm,left,central,6,13,19,20,58,78,0.304172,695.501678,4
720575940637487593,EB.108,CX,GABA,ER2,right,central,2,1,3,87,1,88,0.268548,2151.72941,4
720575940642837870,AOTU.BU.53,TuBu,ACH,TuBu09,left,central,1,2,3,3,3,6,0.248956,0,4
720575940631369149,NO.153,CX,ACH,PFNp,right,central,1,10,11,2,58,60,0.305685,6328.186418,3
720575940624039370,NO.FB.143,CX,ACH,PFNp,right,central,1,1,2,5,6,11,0.219681,0.5,0
720575940619818593,NO.FB.133,CX,ACH,PFNp,right,central,1,1,2,2,10,12,0.237381,4.370859,0
720575940620899964,NO.183,CX,DA,PFNp,right,central,1,5,6,4,29,33,0.286664,7.696863,4
720575940623325932,FB.955,CX,GLUT,FB8A,left,central,7,22,29,45,330,375,0.2991,1088.076636,4
720575940608147413,NO.FB.111,CX,ACH,PFNp,left,central,2,5,7,7,28,35,0.281489,27.356854,0
720575940609843349,NO.281,CX,DA,PFNp,right,central,1,2,3,5,7,12,0.281645,0,4
720575940612712401,NO.236,CX,ACH,PFNp,left,central,1,2,3,4,8,12,0.278434,20.97042,0
720575940612765330,NO.161,CX,unknown,PFNp,right,central,1,5,6,4,23,27,0.29011,5.284113,0
720575940614123570,NO.FB.62,CX,ACH,PFNp,left,central,1,5,6,4,32,36,0.29518,69.673665,3
720575940617559125,NO.227,CX,unknown,PFNp,left,central,1,4,5,4,18,22,0.29347,15.579404,4
720575940619114689,NO.FB.90,CX,ACH,PFNp,left,central,3,2,5,14,17,31,0.241281,42.064048,0
720575940619968892,NO.FB.69,CX,ACH,PFNp,right,central,2,4,6,7,35,42,0.295008,24.572353,3
720575940621073246,NO.FB.89,CX,ACH,PFNp,right,central,2,7,9,6,41,47,0.290818,1421.674489,0
720575940623440381,NO.263,CX,SER,PFNp,right,central,1,2,3,3,8,11,0.280981,0,4
720575940628031531,NO.91,CX,ACH,PFNm,left,central,8,9,17,36,47,83,0.296345,374.654888,4
720575940628819447,NO.FB.71,CX,ACH,PFNp,left,central,1,5,6,4,42,46,0.264725,55.461507,3
720575940630278028,NO.79,CX,ACH,PFNm,left,central,5,9,14,20,48,68,0.290152,1679.057829,0
720575940630786733,NO.251,CX,DA,PFNp,left,central,1,3,4,4,13,17,0.281411,30.582032,4
720575940634244207,NO.192,CX,ACH,PFNp,right,central,1,3,4,1,17,18,0.289282,27.531251,0
720575940634360056,NO.295,CX,ACH,PFNp,left,central,1,2,3,2,15,17,0.253185,9.924706,0
720575940636916713,NO.95,CX,ACH,PFNm,right,central,6,8,14,21,46,67,0.265106,178.55016,4
720575940638662232,NO.39,CX,ACH,PFNm,right,central,2,18,20,7,141,148,0.322411,2765.438095,0
720575940643221271,NO.107,CX,ACH,PFNm,right,central,6,7,13,32,66,98,0.26064,231.410596,4
720575940650362614,NO.241,CX,DA,PFNp,right,central,1,2,3,3,10,13,0.276724,4.370859,4
720575940658852481,NO.189,CX,unknown,PFNp,left,central,3,2,5,10,16,26,0.277595,119.926142,4
720575940620474072,AOTU.FB.29,TuBu,ACH,TuBu09,right,central,3,2,5,26,20,46,0.243923,0,4
720575940611102469,NO.FB.45,CX,ACH,PFNm,left,central,5,19,24,19,138,157,0.32683,3164.166669,0
720575940621656815,NO.98,CX,ACH,PFNm,left,central,2,12,14,4,75,79,0.317861,2170.686019,0
720575940607285001,NO.FB.5,CX,ACH,PFNa,left,central,1,33,34,5,330,335,0.312423,2041.194658,1
720575940638076733,NO.7,CX,ACH,PFNa,left,central,1,30,31,4,326,330,0.309655,4.229014,1
720575940617180955,FB.SMP.6,CX,GLUT,FB8F_a,right,central,4,12,16,33,98,131,0.261954,88.364272,4
720575940644525859,AOTU.FB.44,TuBu,ACH,TuBu04,left,central,1,5,6,5,63,68,0.252491,0,4
720575940630755276,EB.270,CX,GABA,ER3d,right,central,7,6,13,109,6,115,0.265801,2831.153781,4
720575940630058827,NO.122,CX,ACH,PFNm,right,central,3,11,14,4,56,60,0.306657,7820.048518,0
720575940615661661,NO.144,CX,ACH,PFNp,right,central,1,5,6,3,9,12,0.302899,4059.541923,3
720575940643346336,FB.1371,CX,GABA,FB4E,right,central,2,2,4,12,16,28,0.247709,1.004753,3
720575940617644372,AOTU.FB.15,TuBu,ACH,TuBu04,right,central,3,11,14,16,109,125,0.254648,18.075991,4
720575940619658111,EB.330,CX,GABA,ER3d,right,central,5,4,9,77,4,81,0.278549,195.327735,4
720575940625218685,EB.277,CX,GABA,ER3d,right,central,7,2,9,99,2,101,0.213346,7.808135,4
720575940627299227,EB.251,CX,GABA,ER3p_b,right,central,7,1,8,87,2,89,0.183422,0.666667,4
720575940625061918,FB.1399,CX,unknown,FS4A,right,central,7,1,8,48,5,53,0.21992,3333.863715,4
720575940614297640,EB.348,CX,ACH,EPG,right,central,1,1,2,2,1,3,0.191842,12.903058,3
720575940623219463,EB.199,CX,GABA,ER4d,right,central,1,8,9,1,9,10,0.235561,2145.515379,5
720575940638070862,NO.170,CX,DA,PFNp,right,central,2,6,8,8,29,37,0.294237,52.000583,4
720575940618858837,NO.FB.6,CX,ACH,PFNa,left,central,2,37,39,6,286,292,0.332786,332.998196,1
720575940629469378,AOTU.CRE.16,TuBu,ACH,TuBu03,right,central,2,5,7,12,79,91,0.252052,33.404168,4
720575940625537301,NO.119,CX,ACH,PFNm,right,central,1,8,9,3,35,38,0.306749,4078.251224,0
720575940624608714,NO.221,CX,unknown,PFNp,right,central,1,1,2,2,8,10,0.237354,0.477466,0
720575940635239342,NO.129,CX,ACH,PFNm,right,central,1,10,11,2,64,66,0.274104,18.138046,0
720575940610440371,FB.730,CX,GLUT,FB2F_c,left,central,5,47,52,35,341,376,0.332404,958.911799,0
720575940619737510,NO.70,CX,ACH,PFNa,right,central,1,16,17,2,117,119,0.286989,20.792239,1
720575940613403042,NO.232,CX,DA,PFNp,left,central,1,2,3,5,10,15,0.27924,6.482779,4
720575940618710918,NO.151,CX,ACH,PFNp,left,central,1,7,8,5,50,55,0.301996,2083.466605,3
720575940623022315,NO.264,CX,DA,PFNp,left,central,1,1,2,4,5,9,0.237326,0,4
720575940625131913,NO.FB.50,CX,ACH,PFNp,right,central,1,17,18,7,112,119,0.306564,5471.164532,3
720575940630411823,NO.253,CX,DA,PFNp,left,central,1,1,2,2,5,7,0.23727,0.987394,0
720575940633423255,NO.FB.67,CX,ACH,PFNp,left,central,1,10,11,5,59,64,0.296953,246.3358,3
720575940638846848,NO.246,CX,DA,PFNp,left,central,1,2,3,4,10,14,0.281606,0,4
720575940643535982,NO.FB.129,CX,ACH,PFNp,right,central,1,2,3,5,10,15,0.239202,7.451105,0
720575940609579470,AOTU.FB.22,TuBu,ACH,TuBu03,left,central,2,3,5,7,23,30,0.242958,18.94991,4
720575940624135060,EB.353,CX,unknown,ER3d,left,central,2,1,3,13,1,14,0.195902,1.333333,4
720575940623164856,FB.846,CX,GLUT,SAF,right,central,10,23,33,90,210,300,0.267485,1672.522397,4
720575940603943456,FB.1422,CX,unknown,vDeltaA_a,left,central,5,3,8,26,18,44,0.252712,2.177976,4
720575940612861842,NO.38,CX,ACH,PFNa,left,central,2,15,17,4,95,99,0.301727,12.05554,1
720575940619234241,FB.1040,CX,GLUT,SA2,left,central,8,19,27,58,150,208,0.242088,233.594288,4
720575940636322367,FB.1312,CX,ACH,vDeltaA_a,left,central,9,3,12,65,27,92,0.242261,83.776237,4
720575940625390266,SMP.1384,CX,GLUT,FB7F,right,central,3,8,11,19,59,78,0.267344,16.558067,4
720575940633303743,NO.89,CX,ACH,PFNv,left,central,1,8,9,2,130,132,0.294194,12.85343,3
720575940620957353,NO.85,CX,ACH,PFNv,left,central,2,8,10,4,122,126,0.302267,5.212889,3
720575940638113085,FB.1017,CX,GLUT,SA3,left,central,6,23,29,36,173,209,0.27157,1720.861266,4
720575940604967270,EB.338,CX,GABA,ER2,right,central,2,1,3,33,1,34,0.211786,4.509392,4
720575940613184362,NO.234,CX,ACH,PFNp,right,central,1,4,5,4,20,24,0.282706,39.856528,0
720575940620245926,FB.641,CX,GLUT,FB8E,left,central,1,53,54,7,572,579,0.346141,1024.960462,4
720575940626800400,FB.1319,CX,ACH,vDeltaA_a,left,central,7,6,13,43,53,96,0.260105,299.167988,4
720575940630898515,FB.1374,CX,ACH,vDeltaA_a,left,central,3,6,9,21,43,64,0.254169,1892.738818,4
720575940625439690,CRE.FB.32,CX,GLUT,FB5Z,left,central,4,34,38,61,603,664,0.324009,350.505462,0
720575940627212806,SMP.FB.28,CX,GLUT,FB2F_c,right,central,6,52,58,38,377,415,0.343385,278.780153,0
720575940621343764,NO.76,CX,ACH,PFNv,left,central,2,10,12,9,156,165,0.316867,23.746055,3
720575940638498000,NO.FB.145,CX,ACH,PFNp,left,central,1,6,7,4,42,46,0.301862,2.970952,3
720575940644674851,CRE.FB.13,CX,GLUT,FB5V,right,central,3,52,55,21,595,616,0.328419,350.421614,3
720575940616199892,CRE.FB.23,CX,unknown,FB5P,right,central,2,31,33,18,476,494,0.31662,78.655076,0
720575940627602814,FB.SMP.83,CX,ACH,FS3,right,central,2,1,3,23,6,29,0.242261,4.418103,4
720575940638055869,EB.142,CX,ACH,PEN_b/PEN2,left,central,1,3,4,1,4,5,0.235315,0.333333,5
720575940628585922,NO.215,CX,DA,PFNp,left,central,3,2,5,13,4,17,0.280981,126.928345,4
720575940615220802,NO.56,CX,ACH,PFNv,left,central,6,11,17,20,359,379,0.311894,98.83081,3
720575940630815059,SMP.1258,CX,GLUT,FB7F,right,central,3,8,11,16,51,67,0.263521,175.819784,4
720575940634539877,SMP.939,CX,GLUT,FB8F_a,right,central,3,14,17,24,104,128,0.264518,286.193517,4
720575940625424642,NO.FB.54,CX,ACH,PFNp,right,central,1,14,15,1,93,94,0.317861,14.907456,3
720575940621746154,FB.1403,CX,unknown,vDeltaM,left,central,1,1,2,10,6,16,0.216768,3.26218,3
720575940634173176,FB.1411,CX,unknown,FS4A,right,central,1,2,3,6,14,20,0.242871,0,4
720575940604518432,NO.71,CX,ACH,PFNv,right,central,2,10,12,5,156,161,0.310794,13.418906,3
720575940624163109,NO.127,CX,ACH,PFNm,left,central,2,10,12,8,42,50,0.305363,3795.715867,0
720575940630984749,NO.250,CX,DA,PFNp,left,central,1,3,4,3,13,16,0.287395,85.68503,4
720575940653654433,NO.FB.95,CX,ACH,vDeltaM,left,central,1,5,6,6,33,39,0.254584,22.733564,0
720575940627653114,EB.80,CX,ACH,PEN_b/PEN2,right,central,1,13,14,1,78,79,0.269727,1052.113445,4
720575940621066776,EB.191,CX,GABA,ER3w,right,central,3,1,4,104,5,109,0.19764,6076,4
720575940604518944,NO.FB.128,CX,ACH,PFNp,left,central,1,2,3,3,17,20,0.241137,2.7411,0
720575940619215451,AOTU.FB.51,TuBu,ACH,TuBu03,left,central,2,3,5,7,18,25,0.245965,0,4
720575940632994399,EB.274,CX,GABA,ER3d,left,central,4,2,6,75,2,77,0.268512,315.247633,4
720575940627161700,EB.239,CX,GABA,ER3d,right,central,4,3,7,121,6,127,0.271026,103.427879,4
720575940633305951,AOTU.FB.47,TuBu,ACH,TuBu03,left,central,1,6,7,4,147,151,0.247951,7.796945,4
720575940610974577,LAL.116,unknown,ACH,LAL184,right,central,1,2,3,1,3,4,0.24177,0,4
720575940621656966,AOTU.FB.48,TuBu,ACH,TuBu03,left,central,1,4,5,7,95,102,0.242987,33.096698,4
720575940616891698,EB.307,CX,GABA,ER3d,left,central,4,2,6,77,3,80,0.268619,182.323676,4
720575940636779753,AOTU.CRE.27,TuBu,ACH,TuBu03,left,central,1,2,3,3,3,6,0.243923,0,4
720575940629691753,GA.PB.1,CX,ACH,EPG,left,central,1,1,2,7,2,9,0.238892,0.790059,1
720575940622873095,SLP.FB.8,CX,GLUT,FB8F_b,left,central,3,21,24,15,196,211,0.293088,384.378296,4
720575940626561448,SMP.FB.44,CX,GLUT,FB9B,right,central,2,8,10,12,59,71,0.254744,3454.573125,4
720575940615742977,NO.FB.93,CX,ACH,PFNp,right,central,1,3,4,5,25,30,0.251458,2.044546,3
720575940612498984,AOTU.CRE.14,TuBu,ACH,TuBu07,left,central,1,3,4,4,7,11,0.245965,0,4
720575940631520839,NO.64,CX,ACH,PFNv,left,central,3,12,15,11,278,289,0.315585,17.931674,3
720575940624737869,NO.72,CX,ACH,PFNv,left,central,2,13,15,9,190,199,0.311033,114.805338,3
720575940637681267,EB.173,CX,GABA,ER3w,right,central,4,1,5,124,1,125,0.141709,2033,4
720575940612979090,EB.183,CX,GABA,ER3w,right,central,2,2,4,131,2,133,0.165092,4056,4
720575940628211340,NO.113,CX,ACH,PFNp,right,central,1,8,9,1,41,42,0.298615,8422.786386,0
720575940622331786,NO.FB.79,CX,ACH,PFNp,right,central,1,3,4,1,21,22,0.246624,6.574118,3
720575940624082725,NO.FB.53,CX,ACH,PFNm,left,central,2,16,18,3,109,112,0.313292,123.494623,0
720575940610505701,EB.165,CX,GABA,ER3w,right,central,3,1,4,41,1,42,0.124173,257.741811,4
720575940604667825,NO.238,CX,unknown,PFNp,left,central,1,9,10,2,49,51,0.302222,2275.853505,3
720575940619253869,NO.FB.74,CX,ACH,PFNp,left,central,1,2,3,2,7,9,0.247075,3.953691,3
720575940617497211,FB.SMP.96,CX,unknown,FS4A,left,central,2,1,3,10,5,15,0.198395,2777.219057,4
720575940645448995,NO.121,CX,ACH,PFNp,right,central,2,7,9,2,37,39,0.297476,2042.76155,3
720575940624836810,NO.73,CX,ACH,PFNm,right,central,1,12,13,4,68,72,0.321134,476.943972,0
720575940618742864,NO.FB.135,CX,ACH,PFNp,right,central,2,2,4,11,12,23,0.262735,12.001873,3
720575940627900871,CRE.FB.21,CX,GLUT,FB5V,left,central,1,46,47,5,575,580,0.326409,44.653184,3
720575940628802041,EB.22,CX,ACH,EPG,left,central,3,2,5,3,2,5,0.292581,3386.349311,1
720575940614926475,EB.59,CX,ACH,EPG,left,central,2,2,4,2,2,4,0.246594,2033.218248,1
720575940618648235,NO.123,CX,ACH,PFNm,left,central,2,10,12,7,52,59,0.328259,2379.764777,0
720575940623298535,SLP.1009,CX,GLUT,FB8F_b,left,central,2,8,10,14,42,56,0.262361,10.862099,4
720575940612831486,NO.235,CX,unknown,PFNp,right,central,1,3,4,1,14,15,0.274067,2032.465332,4
720575940612862882,NO.FB.84,CX,ACH,PFNp,left,central,1,3,4,3,21,24,0.26138,122.152196,3
720575940625824999,LAL.496,CX,unknown,FB1C,left,central,1,7,8,7,33,40,0.311415,3.643265,4
720575940620282906,EB.30,CX,ACH,EPG,left,central,1,1,2,6,1,7,0.197891,364.255312,2
720575940620267073,NO.136,CX,ACH,PFNp,right,central,1,5,6,2,15,17,0.302854,12.082987,0
720575940629999119,NO.75,CX,ACH,PFNv,right,central,1,9,10,1,93,94,0.298439,1.802969,3
720575940610453162,PB.EB.3,CX,ACH,PEG,right,central,1,3,4,1,3,4,0.216652,50.370345,3
720575940609716430,AOTU.BU.45,TuBu,ACH,TuBu09,left,central,2,2,4,3,9,12,0.243923,0,4
720575940623220372,AOTU.FB.7,TuBu,ACH,TuBu07,left,central,4,4,8,36,104,140,0.247921,0,4
720575940620614310,AOTU.BU.32,TuBu,ACH,TuBu09,right,central,3,3,6,18,7,25,0.248834,3.380489,4
720575940629133820,FB.1325,TuBu,ACH,TuBu03,left,central,3,5,8,19,134,153,0.230839,47.937992,4
720575940613338521,EB.238,CX,GABA,ER3d,left,central,3,1,4,74,2,76,0.268477,244.641551,4
720575940621202200,NO.74,CX,ACH,PFNv,right,central,1,12,13,4,197,201,0.310176,1.708685,3
720575940615976861,AOTU.FB.18,TuBu,ACH,TuBu07,left,central,2,4,6,17,77,94,0.250185,0,4
720575940626579185,NO.155,CX,ACH,PFNm,left,central,1,7,8,2,34,36,0.306286,2083.044541,0
