Id,Label,cell_class,name,nt_type,primary_type,side,super_class
720575940629135378,FB.1149,CX,FB.1149,ACH,vDeltaA_a,right,central
720575940616323101,FB.941,CX,FB.941,ACH,FC1A,left,central
720575940626612254,FB.86,CX,FB.86,GLUT,FB7B,right,central
720575940645273652,FB.1056,CX,FB.1056,GLUT,FB6U,right,central
720575940616896581,FB.1209,CX,FB.1209,ACH,vDeltaL,right,central
720575940619157595,FB.770,CX,FB.770,ACH,FC1C,left,central
720575940608278620,FB.7,CX,FB.7,GLUT,FB6A_c,right,central
720575940625301604,FB.270,CX,FB.270,GLUT,CB4171,right,central
720575940626382973,FB.1321,CX,FB.1321,ACH,vDeltaL,left,central
720575940619141254,FB.129,CX,FB.129,ACH,hDeltaB,right,central
720575940623466632,EB.126,CX,EB.126,GABA,ER4d,left,central
720575940605591730,NO.204,CX,NO.204,unknown,PFNp,left,central
720575940604969161,AOTU.FB.17,TuBu,AOTU.FB.17,ACH,TuBu03,right,central
720575940621172941,AOTU.FB.53,TuBu,AOTU.FB.53,ACH,TuBu04,left,central
720575940607246549,EB.297,CX,EB.297,GABA,ER3d,left,central
720575940631625953,FB.999,CX,FB.999,GLUT,FB1B,left,central
720575940639473909,NO.FB.20,CX,NO.FB.20,ACH,PFNd,right,central
720575940623450382,FB.471,CX,FB.471,GLUT,FB8A,right,central
720575940611211542,FB.947,CX,FB.947,ACH,vDeltaC,right,central
720575940624417052,FB.806,CX,FB.806,ACH,FC1A,right,central
720575940619141405,FB.810,CX,FB.810,ACH,FC1A,left,central
720575940632052010,FB.1333,CX,FB.1333,unknown,hDeltaC,left,central
720575940630692143,FB.760,CX,FB.760,unknown,hDeltaJ,left,central
720575940630020409,FB.531,CX,FB.531,ACH,hDeltaJ,right,central
720575940625678650,FB.469,CX,FB.469,ACH,FC2B,right,central
720575940629315900,FB.1194,CX,FB.1194,ACH,vDeltaA_a,right,central
720575940631822663,AOTU.FB.13,TuBu,AOTU.FB.13,ACH,TuBu03,right,central
720575940619469147,FB.978,CX,FB.978,GLUT,FB2K,right,central
720575940607263068,NO.FB.127,CX,NO.FB.127,unknown,unknown,right,central
720575940634280288,FB.79,CX,FB.79,unknown,FB5K,left,central
720575940609261922,FB.696,CX,FB.696,ACH,vDeltaF,left,central
720575940621255011,FB.827,CX,FB.827,ACH,vDeltaE,right,central
720575940635869541,FB.1219,CX,FB.1219,ACH,vDeltaL,right,central
720575940634313071,FB.39,CX,FB.39,ACH,hDeltaG,left,central
720575940622156148,FB.MB_ML.3,CX,FB.MB_ML.3,SER,PFR,left,central
720575940638310784,FB.636,CX,FB.636,ACH,FC1A,left,central
720575940645405060,FB.1310,CX,FB.1310,ACH,vDeltaM,right,central
720575940627054988,FB.868,CX,FB.868,ACH,vDeltaD,right,central
720575940631347596,FB.66,CX,FB.66,ACH,hDeltaG,left,central
720575940623712656,FB.560,CX,FB.560,ACH,FC2B,right,central
720575940621074835,EB.159,CX,EB.159,ACH,PEN_a/PEN1,left,central
720575940633936279,FB.512,CX,FB.512,GLUT,FB8A,left,central
720575940631413156,FB.242,CX,FB.242,ACH,FC2A,left,central
720575940614308283,FB.814,CX,FB.814,ACH,FC1C,right,central
720575940616913339,FB.SMP.1,CX,FB.SMP.1,GLUT,FB8F_b,right,central
720575940617241019,FB.289,CX,FB.289,unknown,FB5K,right,central
720575940614013382,FB.544,CX,FB.544,ACH,FC3,right,central
720575940625875402,FB.357,CX,FB.357,DA,FB2A,right,central
720575940612243918,CRE.FB.5,CX,CRE.FB.5,GLUT,FB4O,left,central
720575940606951893,EB.154,CX,EB.154,GABA,ER2,left,central
720575940607001045,FB.SMP.8,CX,FB.SMP.8,GLUT,FB8F_a,right,central
720575940635886057,FB.1144,CX,FB.1144,ACH,vDeltaA_a,right,central
720575940651565558,FB.573,CX,FB.573,GLUT,FB7E,right,central
720575940629823993,FB.969,CX,FB.969,unknown,vDeltaD,left,central
720575940628382203,FB.369,CX,FB.369,GLUT,FB2G_a,left,central
720575940627104259,FB.704,CX,FB.704,ACH,FC1C,left,central
720575940619829765,EB.280,CX,EB.280,GABA,ER3d,right,central
720575940630463007,FB.1353,CX,FB.1353,ACH,vDeltaA_a,right,central
720575940615193138,FB.599,CX,FB.599,ACH,hDeltaJ,right,central
720575940638114357,FB.50,CX,FB.50,ACH,hDeltaG,left,central
720575940631282247,LAL.FB.3,CX,LAL.FB.3,GLUT,FB2K,right,central
720575940627038792,FB.234,CX,FB.234,GLUT,FB4P,right,central
720575940620632652,FB.725,CX,FB.725,ACH,vDeltaI_a,right,central
720575940628972119,NO.146,CX,NO.146,ACH,PFNm,left,central
720575940628710014,FB.SMP.24,CX,FB.SMP.24,ACH,FS3,right,central
720575940630758014,NO.100,CX,NO.100,ACH,PFNm,left,central
720575940659184257,FB.522,CX,FB.522,GLUT,FB5Z,right,central
720575940622942868,FB.257,CX,FB.257,ACH,FC2B,right,central
720575940617978526,FB.308,CX,FB.308,GLUT,FB6K,right,central
720575940640850595,SMP.1792,CX,SMP.1792,GLUT,FB7F,left,central
720575940613505703,FB.407,CX,FB.407,GLUT,FB2J_b,right,central
720575940631724717,NO.211,CX,NO.211,unknown,PFNp,right,central
720575940619469488,NO.66,CX,NO.66,ACH,PFNm,left,central
720575940605756081,FB.521,CX,FB.521,GLUT,FB4A,left,central
720575940615783097,FB.773,CX,FB.773,SER,hDeltaK,left,central
720575940626449082,GA.PB.2,CX,GA.PB.2,ACH,EPG,right,central
720575940638278333,SMP.FB.10,CX,SMP.FB.10,GLUT,FB6C,right,central
720575940608328387,FB.226,CX,FB.226,GLUT,FB6P,right,central
720575940606198473,CRE.FB.24,CX,CRE.FB.24,GLUT,FB4R,left,central
720575940604019424,FB.80,CX,FB.80,ACH,hDeltaA,right,central
720575940632216289,NO.FB.97,CX,NO.FB.97,ACH,PFNp,right,central
720575940637475561,FB.LAL.47,CX,FB.LAL.47,ACH,PFL1,right,central
720575940624073452,FB.172,CX,FB.172,GLUT,FB5Y,right,central
720575940634788600,FB.193,CX,FB.193,unknown,FB4D,right,central
720575940631626491,CRE.71,CX,CRE.71,ACH,ExR7,right,central
720575940622746365,FB.1156,CX,FB.1156,unknown,vDeltaA_b,right,central
720575940621861637,MB_PED.1,DAN,MB_PED.1,DA,PAM09,right,central
720575940630479631,FB.1343,CX,FB.1343,ACH,vDeltaL,right,central
720575940617077533,FB.517,CX,FB.517,GLUT,FB8C,right,central
720575940620059425,FB.1257,CX,FB.1257,ACH,vDeltaA_a,right,central
720575940622713638,FB.656,CX,FB.656,ACH,FC2C,left,central
720575940626137895,EB.33,CX,EB.33,ACH,EPG,left,central
720575940612211496,FB.425,CX,FB.425,DA,PFR,right,central
720575940629758762,NO.FB.32,CX,NO.FB.32,ACH,PFNd,left,central
720575940616520517,FB.708,CX,FB.708,ACH,FC1C,right,central
720575940620649292,NO.108,CX,NO.108,ACH,PFNm,left,central
720575940626858831,FB.1169,CX,FB.1169,ACH,vDeltaJ,right,central
720575940628120402,FB.151,CX,FB.151,ACH,hDeltaI,right,central
720575940618928981,FB.744,CX,FB.744,ACH,FS2,right,central
720575940606591836,EB.260,CX,EB.260,GABA,ER3d,right,central
720575940616586077,FB.891,CX,FB.891,ACH,vDeltaC,left,central
720575940634575711,NO_CONS.2567,CX,NO_CONS.2567,unknown,vDeltaA_b,left,central
720575940637344613,FB.903,CX,FB.903,ACH,FC1C,left,central
720575940628136809,FB.286,CX,FB.286,ACH,FC2B,left,central
720575940619322221,FB.474,CX,FB.474,GLUT,FB4Z,left,central
720575940640785267,NO.FB.31,CX,NO.FB.31,ACH,PFNd,right,central
720575940628104061,FB.449,CX,FB.449,GLUT,FB8B,right,central
720575940615177099,EB.140,CX,EB.140,ACH,PEN_b/PEN2,left,central
720575940624483216,FB.885,CX,FB.885,ACH,FC1A,left,central
720575940626138008,FB.294,CX,FB.294,GLUT,FB7G,right,central
720575940618306469,EB.192,CX,EB.192,GABA,ER3w,right,central
720575940619584421,FB.347,CX,FB.347,GLUT,FB7J,left,central
720575940618994603,AOTU.FB.34,TuBu,AOTU.FB.34,ACH,TuBu07,left,central
720575940605379506,FB.45,CX,FB.45,ACH,hDeltaA,right,central
720575940624892858,FB.306,CX,FB.306,GLUT,FB6B,left,central
720575940643259336,FB.634,CX,FB.634,ACH,vDeltaI_a,left,central
720575940631725011,FB.229,CX,FB.229,ACH,hDeltaC,left,central
720575940617585624,NO.FB.38,CX,NO.FB.38,ACH,PFNd,right,central
720575940618814424,FB.1161,CX,FB.1161,SER,vDeltaI_a,right,central
720575940613440479,FB.1182,CX,FB.1182,ACH,vDeltaA_a,left,central
720575940612047853,AOTU.BU.44,TuBu,AOTU.BU.44,ACH,TuBu09,right,central
720575940619715568,FB.122,CX,FB.122,ACH,hDeltaL,right,central
720575940622451699,FB.1302,CX,FB.1302,ACH,vDeltaA_a,left,central
720575940634248184,FB.1045,CX,FB.1045,ACH,vDeltaK,right,central
720575940630021115,FB.249,CX,FB.249,SER,PFGs,left,central
720575940606723081,FB.593,CX,FB.593,ACH,FC3,right,central
720575940643177495,FB.248,CX,FB.248,GLUT,FB5D,left,central
720575940644733975,FB.384,CX,FB.384,DA,PFR,right,central
720575940631725087,FB.784,CX,FB.784,SER,hDeltaK,right,central
720575940617716770,FB.1327,CX,FB.1327,ACH,vDeltaL,left,central
720575940622713897,FB.SMP.54,CX,FB.SMP.54,ACH,FS4A,right,central
720575940631151663,FB.LAL.14,CX,FB.LAL.14,ACH,PFL3,right,central
720575940646126644,FB.1270,CX,FB.1270,ACH,vDeltaK,left,central
720575940619060289,FB.1063,CX,FB.1063,ACH,vDeltaK,right,central
720575940637983814,FB.567,CX,FB.567,ACH,FC2C,left,central
720575940628218959,NO.139,CX,NO.139,ACH,PFNm,left,central
720575940631839827,SMP.FB.9,CX,SMP.FB.9,GLUT,FB6I,left,central
720575940627399783,FB.1318,CX,FB.1318,unknown,vDeltaJ,left,central
720575940619781229,NO.49,CX,NO.49,ACH,PFNa,right,central
720575940637066352,FB.620,CX,FB.620,GLUT,FB4Z,right,central
720575940615914613,FB.1011,CX,FB.1011,SER,vDeltaA_b,left,central
720575940629922934,FB.LAL.19,CX,FB.LAL.19,ACH,PFL2,left,central
720575940626973821,FB.507,CX,FB.507,GLUT,FB5X,left,central
720575940624827523,NO.23,CX,NO.23,ACH,PFNa,left,central
720575940618388615,FB.831,CX,FB.831,ACH,FC2C,right,central
720575940635427982,EB.45,CX,EB.45,ACH,EPG,left,central
720575940635640974,FB.232,CX,FB.232,GLUT,FB7L,right,central
720575940611425429,AOTU.FB.46,TuBu,AOTU.FB.46,ACH,TuBu09,right,central
720575940626351256,FB.CRE.16,CX,FB.CRE.16,ACH,FC1C,left,central
720575940641981600,FB.713,CX,FB.713,ACH,FC1A,left,central
720575940618781861,FB.924,CX,FB.924,ACH,FC1A,left,central
720575940620223659,FB.187,CX,FB.187,unknown,FB6M,left,central
720575940630840493,FB.43,CX,FB.43,GLUT,FB6H,right,central
720575940619994294,FB.659,CX,FB.659,ACH,vDeltaG,right,central
720575940633658559,NO.9,CX,NO.9,ACH,PFNa,left,central
720575940634772671,FB.1036,CX,FB.1036,unknown,FB1A,left,central
720575940608279747,FB.571,CX,FB.571,ACH,FC3,left,central
720575940611851506,FB.1114,CX,FB.1114,unknown,FS2,right,central
720575940628137222,CRE.FB.33,CX,CRE.FB.33,GLUT,FB4O,right,central
720575940621501720,FB.118,CX,FB.118,ACH,hDeltaM,right,central
720575940616324386,FB.1065,CX,FB.1065,unknown,vDeltaB,left,central
720575940640228661,FB.72,CX,FB.72,ACH,hDeltaA,right,central
720575940639278399,EB.3,CX,EB.3,GABA,ExR1,left,central
720575940629955915,FB.684,CX,FB.684,ACH,vDeltaG,left,central
720575940618437979,FB.852,CX,FB.852,ACH,vDeltaD,left,central
720575940617225565,FB.100,CX,FB.100,unknown,FB5L,left,central
720575940635395429,FB.913,CX,FB.913,GLUT,FB8I,right,central
720575940633412971,FB.783,CX,FB.783,SER,hDeltaK,right,central
720575940636345707,FB.278,CX,FB.278,GLUT,FB1I,right,central
720575940630087030,FB.588,CX,FB.588,ACH,vDeltaI_a,left,central
720575940639065472,FB.240,CX,FB.240,GLUT,CB4171,right,central
720575940618798470,NO.FB.55,CX,NO.FB.55,ACH,PFNm,right,central
720575940621616518,SMP.FB.45,CX,SMP.FB.45,GLUT,FB8I,right,central
720575940626793871,FB.453,CX,FB.453,GLUT,FB5S,left,central
720575940630644132,FB.967,CX,FB.967,ACH,vDeltaD,right,central
720575940613326250,FB.442,CX,FB.442,ACH,hDeltaI,right,central
720575940618225067,FB.756,CX,FB.756,ACH,vDeltaE,right,central
720575940618945985,SMP.FB.13,CX,SMP.FB.13,unknown,FB6C,left,central
720575940610147790,FB.1015,CX,FB.1015,unknown,vDeltaC,left,central
720575940615833055,FB.26,CX,FB.26,GLUT,FB4C,left,central
720575940610409957,FB.961,CX,FB.961,ACH,FC3,left,central
720575940619683311,FB.62,CX,FB.62,ACH,hDeltaH,right,central
720575940621485552,FB.1253,CX,FB.1253,ACH,vDeltaL,left,central
720575940622943731,FB.561,CX,FB.561,ACH,FC2B,left,central
720575940628628987,FB.203,CX,FB.203,GLUT,FB5J,left,central
720575940622599679,FB.346,CX,FB.346,unknown,FB6N,left,central
720575940628907524,FB.255,CX,FB.255,ACH,hDeltaC,right,central
720575940607837707,FB.711,CX,FB.711,SER,hDeltaK,left,central
720575940643915300,EB.122,CX,EB.122,GABA,ER4d,right,central
720575940620584497,FB.952,CX,FB.952,GLUT,FB2K,right,central
720575940631004728,FB.506,CX,FB.506,SER,FC2B,right,central
720575940631086649,FB.637,CX,FB.637,GLUT,FB7G,right,central
720575940626859599,FB.1242,CX,FB.1242,ACH,vDeltaK,right,central
720575940628219479,FB.292,CX,FB.292,ACH,hDeltaC,right,central
720575940630398551,FB.1021,CX,FB.1021,SER,vDeltaA_b,left,central
720575940608312924,FB.457,CX,FB.457,unknown,FB4L,right,central
720575940629907052,FB.1334,CX,FB.1334,GLUT,FB4Q_b,left,central
720575940638901875,FB.LAL.29,CX,FB.LAL.29,ACH,PFL3,right,central
720575940620142196,NO.93,CX,NO.93,ACH,PFNm,right,central
720575940629497462,NO.58,CX,NO.58,ACH,PFNm,right,central
720575940609214072,FB.818,CX,FB.818,ACH,vDeltaD,right,central
720575940609558136,FB.677,CX,FB.677,SER,FB2M,left,central
720575940620027515,EB.5,CX,EB.5,GLUT,ExR6,left,central
720575940660921985,EB.41,CX,EB.41,ACH,EPG,right,central
720575940621731475,FB.627,CX,FB.627,ACH,FC3,right,central
720575940611475097,FB.1211,CX,FB.1211,unknown,vDeltaA_b,right,central
720575940654122657,FB.1215,CX,FB.1215,ACH,vDeltaM,left,central
720575940612851367,FB.309,CX,FB.309,ACH,hDeltaC,right,central
720575940621076144,FB.MB_ML.17,CX,FB.MB_ML.17,ACH,PFGs,left,central
720575940605380274,FB.1185,CX,FB.1185,ACH,vDeltaA_a,right,central
720575940603807422,FB.1141,CX,FB.1141,unknown,vDeltaB,right,central
720575940614735558,NO.231,CX,NO.231,unknown,PFNp,left,central
720575940623861479,FB.167,CX,FB.167,GLUT,FB1I,left,central
720575940611376882,FB.1014,CX,FB.1014,ACH,vDeltaK,left,central
720575940650338038,FB.797,CX,FB.797,ACH,vDeltaD,right,central
720575940629202681,FB.1023,CX,FB.1023,ACH,vDeltaI_b,left,central
720575940625925892,FB.1243,CX,FB.1243,ACH,vDeltaL,left,central
720575940626646790,FB.1027,CX,FB.1027,ACH,FC1D,left,central
720575940625925898,FB.CRE.66,CX,FB.CRE.66,ACH,FS2,right,central
720575940623222542,FB.640,CX,FB.640,ACH,hDeltaJ,right,central
720575940626827024,EB.290,CX,EB.290,GABA,ER3d,right,central
720575940625630993,FB.1132,CX,FB.1132,GLUT,FB9C,right,central
720575940627826448,FB.1241,CX,FB.1241,ACH,vDeltaM,left,central
720575940643702551,NO.55,CX,NO.55,ACH,PFNv,right,central
720575940622681889,AVLP.ME.4,unknown,AVLP.ME.4,ACH,cM11,left,visual_centrifugal
720575940612310824,NO.FB.137,CX,NO.FB.137,unknown,PFNp,left,central
720575940609427246,FB.34,CX,FB.34,GLUT,FB2D,left,central
720575940624222014,FB.670,CX,FB.670,SER,hDeltaK,left,central
720575940618733377,AOTU.FB.11,TuBu,AOTU.FB.11,ACH,TuBu03,right,central
720575940627433288,LAL.FB.6,CX,LAL.FB.6,GLUT,FB5V,right,central
720575940618995541,FB.481,CX,FB.481,GLUT,FB4Z,left,central
720575940619503445,NO.14,CX,NO.14,ACH,PFNa,right,central
720575940624861017,FB.1039,CX,FB.1039,ACH,FC1C,left,central
720575940637558618,FB.399,CX,FB.399,ACH,FC2B,left,central
720575940640589683,FB.446,CX,FB.446,GLUT,FB8C,right,central
720575940621764490,NO.FB.36,CX,NO.FB.36,ACH,PFNd,left,central
720575940613441442,NO.24,CX,NO.24,ACH,PFNa,right,central
720575940631398308,FB.340,CX,FB.340,GLUT,FB5X,right,central
720575940610623402,FB.1086,CX,FB.1086,ACH,vDeltaK,left,central
720575940627269562,FB.906,CX,FB.906,unknown,vDeltaI_b,left,central
720575940638328765,FB.150,CX,FB.150,ACH,hDeltaM,left,central
720575940634036159,NO.63,CX,NO.63,ACH,PFNm,left,central
720575940631824332,FB.505,CX,FB.505,unknown,FB5B,left,central
720575940631119827,FB.276,CX,FB.276,GLUT,FB5Q,left,central
720575940628809687,SMP.FB.6,CX,SMP.FB.6,GLUT,FB7A,left,central
720575940618651608,FB.614,CX,FB.614,ACH,vDeltaI_a,right,central
720575940635887593,FB.951,CX,FB.951,unknown,vDeltaC,right,central
720575940627777527,FB.623,CX,FB.623,GLUT,FB8A,left,central
720575940628088823,FB.1195,CX,FB.1195,ACH,vDeltaA_a,left,central
720575940628858873,FB.SMP.64,CX,FB.SMP.64,ACH,FS4A,right,central
720575940628695034,FB.1150,CX,FB.1150,unknown,vDeltaI_b,left,central
720575940619913221,FB.69,CX,FB.69,ACH,hDeltaH,right,central
720575940626302982,FB.987,CX,FB.987,unknown,vDeltaB,left,central
720575940612327446,FB.875,CX,FB.875,ACH,vDeltaD,left,central
720575940621355034,FB.605,CX,FB.605,unknown,FB4Z,right,central
720575940620191777,FB.690,CX,FB.690,ACH,vDeltaF,left,central
720575940627400776,FB.128,CX,FB.128,GLUT,PFR,left,central
720575940630792275,FB.1189,CX,FB.1189,ACH,vDeltaA_a,right,central
720575940636395610,EB.195,CX,EB.195,GABA,ER2,left,central
720575940622125153,FB.455,CX,FB.455,GLUT,FB5R,left,central
720575940621289571,NO.FB.121,CX,NO.FB.121,unknown,PFNp,left,central
720575940636313701,FB.93,CX,FB.93,ACH,hDeltaL,left,central
720575940603676774,FB.1361,CX,FB.1361,ACH,vDeltaM,right,central
720575940626778217,FB.790,CX,FB.790,ACH,FS2,right,central
720575940639410291,FB.15,CX,FB.15,GLUT,FB4N,right,central
720575940649126009,FB.835,CX,FB.835,ACH,vDeltaF,right,central
720575940639590528,NO.FB.26,CX,NO.FB.26,ACH,PFNd,left,central
720575940628105353,FB.1288,CX,FB.1288,SER,FB4K,left,central
720575940630268044,FB.1190,CX,FB.1190,ACH,vDeltaK,right,central
720575940635412622,NO.FB.43,CX,NO.FB.43,ACH,PFNm,right,central
720575940622846099,FB.847,CX,FB.847,ACH,vDeltaE,left,central
720575940613490841,FB.131,CX,FB.131,ACH,hDeltaB,left,central
720575940619126950,FB.692,CX,FB.692,ACH,vDeltaF,right,central
720575940612589735,NO.87,CX,NO.87,ACH,PFNv,right,central
720575940603676844,FB.213,CX,FB.213,GLUT,FB7L,left,central
720575940640164029,FB.775,CX,FB.775,ACH,vDeltaF,right,central
720575940628940994,SMP.FB.24,CX,SMP.FB.24,GLUT,FB5G,right,central
720575940612131025,FB.960,CX,FB.960,SER,vDeltaB,right,central
720575940632742099,EB.FB.4,CX,EB.FB.4,GLUT,ExR5,right,central
720575940635969758,FB.101,CX,FB.101,ACH,hDeltaF,right,central
720575940636969182,FB.683,CX,FB.683,SER,hDeltaK,left,central
720575940636330217,FB.861,CX,FB.861,ACH,vDeltaE,right,central
720575940622092522,FB.1175,CX,FB.1175,ACH,vDeltaI_b,right,central
720575940620339438,FB.829,CX,FB.829,ACH,FC1C,left,central
720575940639426805,EB.129,CX,EB.129,GABA,ER2,left,central
720575940621846783,FB.485,CX,FB.485,GLUT,FB1D,left,central
720575940623059214,NO.224,CX,NO.224,DA,PFNp,right,central
720575940625516830,EB.152,CX,EB.152,GABA,ER4d,left,central
720575940627958046,EB.219,CX,EB.219,GABA,ER3d,right,central
720575940620224801,FB.1050,CX,FB.1050,ACH,vDeltaM,left,central
720575940643408164,FB.92,CX,FB.92,ACH,hDeltaH,left,central
720575940628072748,NO.164,CX,NO.164,unknown,PFNp,right,central
720575940633741613,FB.314,CX,FB.314,GLUT,FB4F_a,right,central
720575940611606830,FB.643,CX,FB.643,GLUT,FB4Q_b,left,central
720575940613982514,FB.120,CX,FB.120,GLUT,FB6F,left,central
720575940613605698,FB.389,CX,FB.389,GLUT,FB5R,left,central
720575940613818690,SLP.FB.11,CX,SLP.FB.11,GLUT,FB8A,left,central
720575940638017862,NO.52,CX,NO.52,ACH,PFNm,right,central
720575940623649097,FB.33,CX,FB.33,GLUT,FB5I,right,central
720575940627712335,FB.1130,CX,FB.1130,ACH,vDeltaA_a,right,central
720575940628810071,FB.803,CX,FB.803,ACH,FC1C,right,central
720575940633135455,FB.1148,CX,FB.1148,ACH,vDeltaA_a,left,central
720575940604561766,NO.94,CX,NO.94,ACH,PFNm,right,central
720575940637804915,FB.451,CX,FB.451,GLUT,FB4Z,left,central
720575940625680784,CRE.FB.34,CX,CRE.FB.34,GLUT,FB4R,left,central
720575940623698324,EB.175,CX,EB.175,GABA,ER4d,left,central
720575940617193886,FB.1287,CX,FB.1287,GLUT,FB9B,right,central
720575940614900127,NO.86,CX,NO.86,ACH,PFNm,right,central
720575940620159398,FB.76,CX,FB.76,unknown,FB6E,right,central
720575940614638011,FB.647,CX,FB.647,unknown,FB2I_a,left,central
720575940608068035,NO.FB.66,CX,NO.FB.66,ACH,PFNm,left,central
720575940610165205,CRE.FB.19,CX,CRE.FB.19,GLUT,FB5V,right,central
720575940607527381,FB.949,CX,FB.949,ACH,vDeltaD,left,central
720575940620012020,FB.91,CX,FB.91,ACH,hDeltaF,right,central
720575940650420726,FB.174,CX,FB.174,ACH,hDeltaI,left,central
720575940607330825,NO.81,CX,NO.81,ACH,PFNm,left,central
720575940624730638,FB.271,CX,FB.271,GLUT,FB5W,left,central
720575940629711376,EB.184,CX,EB.184,GABA,ER3d,right,central
720575940644178468,FB.175,CX,FB.175,GLUT,FB5Y,left,central
720575940629039660,FB.57,CX,FB.57,ACH,hDeltaG,left,central
720575940639279679,FB.975,CX,FB.975,ACH,vDeltaD,right,central
720575940629842499,FB.1223,CX,FB.1223,ACH,vDeltaK,left,central
720575940609116740,FB.1369,CX,FB.1369,ACH,vDeltaM,left,central
720575940620831308,FB.921,CX,FB.921,ACH,FC1A,left,central
720575940638542424,NO.FB.28,CX,NO.FB.28,ACH,PFNd,left,central
720575940627778137,AOTU.FB.14,TuBu,AOTU.FB.14,ACH,TuBu07,left,central
720575940620028513,FB.68,CX,FB.68,ACH,hDeltaA,left,central
720575940624403044,FB.1336,CX,FB.1336,DA,vDeltaM,left,central
720575940628695660,FB.1127,CX,FB.1127,ACH,vDeltaM,right,central
720575940635183728,FB.1363,CX,FB.1363,unknown,FS2,left,central
720575940628793982,FB.3,CX,FB.3,GABA,FB5A,left,central
720575940625156745,SMP.1228,CX,SMP.1228,GLUT,FB8F_a,left,central
720575940626500233,FB.986,CX,FB.986,ACH,FS3,left,central
720575940615965323,FB.616,CX,FB.616,ACH,vDeltaI_a,right,central
720575940641557133,FB.877,CX,FB.877,ACH,FC2C,left,central
720575940613606041,FB.246,CX,FB.246,GLUT,FB5Y,right,central
720575940633021084,NO.FB.73,CX,NO.FB.73,ACH,PFNp,left,central
720575940614294175,FB.908,CX,FB.908,ACH,FS2,left,central
720575940654008993,NO.FB.63,CX,NO.FB.63,ACH,PFNm,right,central
720575940635462318,NO.171,CX,NO.171,unknown,PFNm,left,central
720575940614736559,SMP.FB.18,CX,SMP.FB.18,GLUT,FB7A,left,central
720575940637477565,FB.798,CX,FB.798,ACH,FC3,left,central
720575940632988351,EB.93,CX,EB.93,GABA,ER2,right,central
720575940633676479,FB.513,CX,FB.513,GLUT,FB8C,left,central
720575940621765313,FB.250,CX,FB.250,unknown,FB4K,right,central
720575940627385031,NO.FB.19,CX,NO.FB.19,ACH,PFNd,right,central
720575940615654100,NO.FB.41,CX,NO.FB.41,ACH,PFNd,left,central
720575940616440537,FB.660,CX,FB.660,GLUT,FB2F_c,right,central
720575940622994151,FB.1202,CX,FB.1202,unknown,vDeltaI_b,left,central
720575940636330729,FB.998,CX,FB.998,ACH,FC1C,right,central
720575940618963694,FB.693,CX,FB.693,ACH,FC3,right,central
720575940619668206,FB.423,CX,FB.423,GLUT,FB1D,left,central
720575940623436531,FB.1172,CX,FB.1172,GLUT,FB9B,right,central
720575940628990713,FB.702,CX,FB.702,ACH,vDeltaG,right,central
720575940628073235,FB.1163,CX,FB.1163,GLUT,SA1,right,central
720575940626090782,FB.767,CX,FB.767,GLUT,FB8G,right,central
720575940616571682,NO.152,CX,NO.152,ACH,PFNm,right,central
720575940643703588,FB.198,CX,FB.198,ACH,hDeltaC,left,central
720575940632496938,FB.752,CX,FB.752,unknown,FB4B,right,central
720575940617784118,FB.159,CX,FB.159,ACH,hDeltaB,left,central
720575940629957432,FB.1354,CX,FB.1354,GLUT,FB9B,right,central
720575940637969222,SLP.FB.5,CX,SLP.FB.5,GLUT,FB8F_b,right,central
720575940631366483,FB.310,CX,FB.310,ACH,hDeltaC,right,central
720575940621765467,CRE.FB.10,CX,CRE.FB.10,GLUT,FB5V,right,central
720575940637625203,FB.1187,CX,FB.1187,ACH,vDeltaL,right,central
720575940620028795,FB.MB_ML.4,CX,FB.MB_ML.4,unknown,PFR,right,central
720575940619832188,FB.1009,CX,FB.1009,ACH,vDeltaL,right,central
720575940619766655,FB.1159,CX,FB.1159,ACH,vDeltaA_a,right,central
720575940654697377,FB.619,CX,FB.619,unknown,FB4E,left,central
720575940613704615,FB.224,CX,FB.224,GLUT,FB2H_a,left,central
720575940628843458,EB.9,CX,EB.9,ACH,EPG,right,central
720575940614966214,FB.285,CX,FB.285,ACH,hDeltaC,right,central
720575940611181518,FB.MB_ML.9,CX,FB.MB_ML.9,unknown,PFR,right,central
720575940632677331,FB.1274,CX,FB.1274,GLUT,FB9C,right,central
720575940618734575,FB.1231,CX,FB.1231,ACH,vDeltaJ,right,central
720575940628352000,FB.1335,CX,FB.1335,unknown,FS3,right,central
720575940626205702,FB.1098,CX,FB.1098,unknown,vDeltaB,right,central
720575940621749261,PB.FB.9,CX,PB.FB.9,ACH,PFNd,left,central
720575940624583708,FB.654,CX,FB.654,ACH,vDeltaI_a,right,central
720575940630580255,FB.914,CX,FB.914,ACH,vDeltaK,right,central
720575940604709920,FB.209,CX,FB.209,ACH,FC2A,left,central
720575940644047908,FB.483,CX,FB.483,GLUT,FB4F_a,right,central
720575940625796133,FB.196,CX,FB.196,GLUT,FB5O,right,central
720575940621585446,FB.1252,CX,FB.1252,ACH,vDeltaM,left,central
720575940615326779,FB.273,CX,FB.273,ACH,FC2B,right,central
720575940633791571,FB.740,CX,FB.740,ACH,FC1A,left,central
720575940638542936,NO.191,CX,NO.191,unknown,PFNp,right,central
720575940614442090,FB.338,CX,FB.338,ACH,FC2B,right,central
720575940621782125,FB.87,CX,FB.87,GLUT,FB6E,left,central
720575940611263602,FB.832,CX,FB.832,ACH,FC1C,right,central
720575940619586676,FB.1051,CX,FB.1051,ACH,vDeltaA_a,left,central
720575940646521988,FB.1382,CX,FB.1382,ACH,vDeltaM,left,central
720575940623043732,FB.1227,CX,FB.1227,ACH,vDeltaL,right,central
720575940612869269,EB.7,CX,EB.7,GABA,ExR1,left,central
720575940632841367,FB.865,CX,FB.865,ACH,FC1D,right,central
720575940612852898,FB.927,CX,FB.927,ACH,FC3,left,central
720575940612377775,FB.1031,CX,FB.1031,SER,vDeltaC,right,central
720575940623256757,CRE.FB.7,CX,CRE.FB.7,GLUT,FB5V,right,central
720575940622781624,FB.1103,CX,FB.1103,ACH,vDeltaM,left,central
720575940604349630,FB.458,CX,FB.458,unknown,FB6R,right,central
720575940619160769,NO.50,CX,NO.50,ACH,PFNa,right,central
720575940606102729,EB.135,CX,EB.135,GABA,ER4d,right,central
720575940618177739,FB.757,CX,FB.757,unknown,FC2C,right,central
720575940615687380,FB.628,CX,FB.628,SER,hDeltaK,left,central
720575940620356822,FB.1007,CX,FB.1007,ACH,vDeltaD,left,central
720575940620700886,FB.808,CX,FB.808,ACH,vDeltaI_a,right,central
720575940636413176,EB.221,CX,EB.221,GABA,ER3d,left,central
720575940627877114,EB.179,CX,EB.179,GABA,ER3w,left,central
720575940617047297,SMP.FB.12,CX,SMP.FB.12,GLUT,FB6Z,left,central
720575940617178369,FB.1368,CX,FB.1368,ACH,vDeltaM,left,central
720575940626140420,SMP.FB.2,CX,SMP.FB.2,GLUT,FB6F,right,central
720575940621978904,FB.1079,CX,FB.1079,ACH,vDeltaK,right,central
720575940615785755,FB.1012,CX,FB.1012,SER,vDeltaA_b,left,central
720575940621372713,FB.1347,CX,FB.1347,GLUT,FB9B,left,central
720575940630596921,NO.252,CX,NO.252,DA,PFNp,right,central
720575940615654715,FB.1259,CX,FB.1259,ACH,vDeltaA_a,right,central
720575940616097093,FB.155,CX,FB.155,ACH,hDeltaM,left,central
720575940630089031,FB.445,CX,FB.445,unknown,FB5B,right,central
720575940626533714,FB.669,CX,FB.669,ACH,FC2C,left,central
720575940610919778,FB.154,CX,FB.154,GLUT,FB5D,left,central
720575940622683491,FB.508,CX,FB.508,ACH,hDeltaJ,left,central
720575940621782381,FB.235,CX,FB.235,DA,FB2A,left,central
720575940610477425,FB.1116,CX,FB.1116,unknown,FS2,left,central
720575940618308987,FB.22,CX,FB.22,GLUT,FB4X,right,central
720575940658531713,FB.546,CX,FB.546,ACH,vDeltaE,right,central
720575940619259271,FB.348,CX,FB.348,GLUT,FB7D,left,central
720575940623781268,FB.414,CX,FB.414,ACH,hDeltaC,right,central
720575940633120151,FB.1332,CX,FB.1332,GLUT,FB5W,left,central
720575940630252955,SMP.FB.42,CX,SMP.FB.42,GLUT,FB8A,right,central
720575940618374558,FB.553,CX,FB.553,GLUT,FB4Q_b,right,central
720575940637674915,FB.1044,CX,FB.1044,GLUT,SA1,right,central
720575940618407333,FB.591,CX,FB.591,ACH,FC3,left,central
720575940619111846,FB.606,CX,FB.606,GLUT,FB6,left,central
720575940614639035,FB.1053,CX,FB.1053,GLUT,FB8A,left,central
720575940624469444,AOTU.FB.1,unknown,AOTU.FB.1,unknown,AOTU046,right,central
720575940630007237,SMP.FB.21,CX,SMP.FB.21,GLUT,FB7L,right,central
720575940629597647,NO.90,CX,NO.90,ACH,PFNa,right,central
720575940639935963,NO.FB.13,CX,NO.FB.13,ACH,PFNa,right,central
720575940636069348,FB.71,CX,FB.71,ACH,hDeltaA,right,central
720575940625698279,FB.54,CX,FB.54,GLUT,FB6D,right,central
720575940643638807,FB.860,CX,FB.860,ACH,FC1D,left,central
720575940628860476,FB.344,CX,FB.344,ACH,FC2B,left,central
720575940625649214,FB.5,CX,FB.5,ACH,FB1G,right,central
720575940619226689,FB.889,CX,FB.889,ACH,vDeltaF,right,central
720575940619718209,FB.422,CX,FB.422,GLUT,FB2E,right,central
720575940609019512,NO.FB.58,CX,NO.FB.58,ACH,PFNp,left,central
720575940620095100,FB.1357,CX,FB.1357,unknown,vDeltaM,left,central
720575940627418750,NO.17,CX,NO.17,ACH,PFNa,left,central
720575940618014343,AOTU.FB.40,TuBu,AOTU.FB.40,ACH,TuBu04,left,central
720575940610051733,CRE.FB.4,CX,CRE.FB.4,GLUT,FB4O,right,central
720575940633054874,FB.1273,CX,FB.1273,ACH,vDeltaM,left,central
720575940613754527,PB.FB.1,CX,PB.FB.1,ACH,PFNd,left,central
720575940618292901,SMP.1590,CX,SMP.1590,GLUT,FB6S,right,central
720575940610363059,NO.111,CX,NO.111,ACH,PFNm,left,central
720575940617244347,FB.36,CX,FB.36,unknown,FB4Y,right,central
720575940618997440,NO.FB.44,CX,NO.FB.44,ACH,PFNd,right,central
720575940629008079,FB.1375,CX,FB.1375,SER,vDeltaL,right,central
720575940629909199,FB.121,CX,FB.121,GLUT,FB6V,right,central
720575940638494416,NO.69,CX,NO.69,ACH,PFNm,left,central
720575940632891106,FB.156,CX,FB.156,ACH,hDeltaB,right,central
720575940623044327,FB.743,CX,FB.743,ACH,FC1D,left,central
720575940612689645,FB.563,CX,FB.563,GLUT,FB1E,left,central
720575940621176564,FB.479,CX,FB.479,GLUT,FB5X,left,central
720575940651290358,SMP.2115,CX,SMP.2115,unknown,FB1F,right,central
720575940626894588,NO.45,CX,NO.45,ACH,PFNm,right,central
720575940621537023,NO.266,CX,NO.266,DA,PFNp,right,central
720575940628057862,FB.452,CX,FB.452,GLUT,FB4O,left,central
720575940635152153,EB.118,CX,EB.118,GABA,ER4d,right,central
720575940627730206,FB.488,CX,FB.488,DA,PFGs,right,central
720575940630892344,FB.622,CX,FB.622,ACH,hDeltaJ,left,central
720575940619489088,FB.587,CX,FB.587,SER,PFGs,left,central
720575940631449411,FB.9,CX,FB.9,GABA,FB4H,right,central
720575940623880013,FB.886,CX,FB.886,unknown,FC2C,right,central
720575940624895821,FB.918,CX,FB.918,ACH,vDeltaC,right,central
720575940638576462,FB.1122,CX,FB.1122,ACH,vDeltaM,left,central
720575940618424149,SLP.FB.7,CX,SLP.FB.7,GLUT,FB8F_b,left,central
720575940629712727,NO.FB.23,CX,NO.FB.23,ACH,PFNd,right,central
720575940605480806,FB.136,CX,FB.136,GLUT,FB6W,left,central
720575940626812777,FB.139,CX,FB.139,ACH,hDeltaB,right,central
720575940628909950,SMP.1375,CX,SMP.1375,GLUT,FB7F,left,central
720575940658155393,FB.492,CX,FB.492,unknown,FB6Q,left,central
720575940605890434,NO.FB.112,CX,NO.FB.112,ACH,PFNp,left,central
720575940615442315,FB.1392,CX,FB.1392,DA,vDeltaA_a,right,central
720575940635201422,NO.82,CX,NO.82,ACH,PFNm,right,central
720575940613132178,FB.197,CX,FB.197,GLUT,FB6B,right,central
720575940613214098,NO.FB.22,CX,NO.FB.22,ACH,PFNd,right,central
720575940622815123,FB.420,CX,FB.420,SER,PFGs,right,central
720575940626304936,FB.687,CX,FB.687,ACH,FC3,right,central
720575940605104049,FB.330,CX,FB.330,GLUT,FB2G,left,central
720575940624617397,NO.6,CX,NO.6,ACH,PFNa,left,central
720575940642492360,FB.1216,CX,FB.1216,ACH,vDeltaA_a,left,central
720575940617801675,FB.568,CX,FB.568,ACH,FC3,right,central
720575940618129355,FB.542,CX,FB.542,ACH,FC3,left,central
720575940641591248,FB.742,CX,FB.742,SER,hDeltaK,left,central
720575940607938517,FB.710,CX,FB.710,GLUT,FB1B,left,central
720575940636938212,FB.199,CX,FB.199,GLUT,FB2B,left,central
720575940627779560,CRE.FB.8,CX,CRE.FB.8,GLUT,FB5V,left,central
720575940608413705,FB.173,CX,FB.173,GLUT,FB4D,left,central
720575940621750285,NO.FB.120,CX,NO.FB.120,unknown,PFNp,right,central
720575940632825913,FB.77,CX,FB.77,unknown,FB4B,left,central
720575940625649726,FB.1099,CX,FB.1099,GLUT,FB1B,right,central
720575940617211968,FB.979,CX,FB.979,ACH,FC1D,right,central
720575940633792595,FB.313,CX,FB.313,GLUT,FB4D,left,central
720575940630941783,FB.373,CX,FB.373,GLUT,FB2H_b,left,central
720575940625453145,NO.92,CX,NO.92,ACH,PFNm,left,central
720575940631089256,FB.SMP.26,CX,FB.SMP.26,ACH,FS2,right,central
720575940630007916,FB.145,CX,FB.145,ACH,hDeltaB,right,central
720575940630335596,FB.701,CX,FB.701,SER,hDeltaK,left,central
720575940608839800,FB.664,CX,FB.664,ACH,FC2C,right,central
720575940635119758,FB.1145,CX,FB.1145,ACH,FS2,left,central
720575940619784374,AOTU.FB.12,TuBu,AOTU.FB.12,ACH,TuBu09,right,central
720575940620669110,FB.SMP.67,CX,FB.SMP.67,ACH,FS4A,right,central
720575940624634040,AOTU.FB.43,TuBu,AOTU.FB.43,ACH,TuBu09,right,central
720575940621586628,FB.937,CX,FB.937,ACH,vDeltaI_b,left,central
720575940645179592,EB.302,CX,EB.302,GABA,ER3d,right,central
720575940640002256,FB.536,CX,FB.536,DA,FB2A,right,central
720575940629483735,FB.385,CX,FB.385,DA,PFR,left,central
720575940604481760,FB.205,CX,FB.205,GLUT,FB4P_a,left,central
720575940604612832,FB.60,CX,FB.60,ACH,hDeltaG,right,central
720575940624126183,FB.1154,CX,FB.1154,unknown,FC2C,right,central
720575940622438634,FB.540,CX,FB.540,ACH,hDeltaJ,left,central
720575940623290603,FB.989,CX,FB.989,unknown,vDeltaC,left,central
720575940612772077,FB.212,CX,FB.212,GLUT,FB5D,right,central
720575940629139708,FB.1282,CX,FB.1282,SER,vDeltaA_b,left,central
720575940628320515,FB.764,CX,FB.764,ACH,vDeltaF,left,central
720575940626780422,AOTU.FB.26,TuBu,AOTU.FB.26,ACH,TuBu07,left,central
720575940622651656,FB.396,CX,FB.396,GLUT,FB8B,left,central
720575940607250697,NO.36,CX,NO.36,ACH,PFNa,right,central
720575940626485514,SMP.FB.16,CX,SMP.FB.16,GLUT,FB7A,right,central
720575940623536398,FB.277,CX,FB.277,GLUT,FB6K,left,central
720575940632088857,FB.1275,CX,FB.1275,GLUT,SA2,left,central
720575940624863516,FB.844,CX,FB.844,DA,PFR,left,central
720575940604498208,NO.205,CX,NO.205,unknown,PFNp,right,central
720575940623175969,FB.856,CX,FB.856,GLUT,FB2K,left,central
720575940622733607,FB.1251,CX,FB.1251,ACH,vDeltaL,right,central
720575940630057258,FB.269,CX,FB.269,GLUT,FB2M,right,central
720575940630941994,FB.148,CX,FB.148,ACH,hDeltaB,left,central
720575940630286639,SMP.1861,CX,SMP.1861,GLUT,FB6S,left,central
720575940615098683,NO.FB.109,CX,NO.FB.109,unknown,PFNp,left,central
720575940624306494,FB.549,CX,FB.549,GLUT,FB1E,right,central
720575940629827907,FB.762,CX,FB.762,ACH,vDeltaG,left,central
720575940611117380,FB.1395,CX,FB.1395,unknown,hDeltaK,right,central
720575940629860683,FB.801,CX,FB.801,ACH,FC3,left,central
720575940620423518,AOTU.BU.19,TuBu,AOTU.BU.19,ACH,TuBu07,left,central
720575940622569827,PB.78,CX,PB.78,unknown,PFNa,left,central
720575940610642289,FB.895,CX,FB.895,ACH,FC1A,right,central
720575940628763002,NO.FB.65,CX,NO.FB.65,ACH,PFNm,right,central
720575940620358012,FB.1367,CX,FB.1367,ACH,unknown,left,central
720575940616966557,NO.44,CX,NO.44,ACH,PFNv,right,central
720575940642476448,FB.125,CX,FB.125,GLUT,FB7B,left,central
720575940624290232,FB.17,CX,FB.17,unknown,FB6A,right,central
720575940625781180,FB.1268,CX,FB.1268,ACH,vDeltaL,left,central
720575940630696399,FB.429,CX,FB.429,GLUT,FB4F_a,left,central
720575940614230499,FB.117,CX,FB.117,ACH,hDeltaB,right,central
720575940624437735,FB.179,CX,FB.179,GLUT,FB7G,right,central
720575940636381673,SMP.FB.11,CX,SMP.FB.11,GLUT,FB6I,right,central
720575940622422507,FB.LAL.48,CX,FB.LAL.48,ACH,PFL1,left,central
720575940623815155,FB.655,CX,FB.655,ACH,FC2C,right,central
720575940629516793,NO.193,CX,NO.193,unknown,PFNp,right,central
720575940614017534,FB.108,CX,FB.108,ACH,hDeltaL,left,central
720575940626682384,FB.1026,CX,FB.1026,ACH,FC1C,right,central
720575940642984471,FB.1121,CX,FB.1121,ACH,vDeltaA_a,left,central
720575940616884765,NO.186,CX,NO.186,unknown,PFNp,right,central
720575940627943966,FB.327,CX,FB.327,SER,FC2A,right,central
720575940624175653,FB.1249,CX,FB.1249,ACH,vDeltaA_b,left,central
720575940622471721,FB.97,CX,FB.97,ACH,hDeltaH,right,central
720575940632646189,CRE.FB.20,CX,CRE.FB.20,GLUT,FB5V,left,central
720575940618195510,FB.1208,CX,FB.1208,GLUT,FB4D,left,central
720575940619489857,FB.642,CX,FB.642,ACH,FC2C,left,central
720575940622455369,NO.84,CX,NO.84,ACH,PFNm,left,central
720575940626534986,NO.105,CX,NO.105,ACH,PFNm,right,central
720575940635038309,FB.530,CX,FB.530,unknown,FB2I_a,left,central
720575940622406260,FB.266,CX,FB.266,ACH,FC2B,left,central
720575940617736827,FB.890,CX,FB.890,ACH,FC1D,right,central
720575940620014203,FB.MB_ML.2,CX,FB.MB_ML.2,unknown,PFR,left,central
720575940630434430,FB.1070,CX,FB.1070,ACH,FC1C,left,central
720575940641215104,FB.872,CX,FB.872,SER,hDeltaK,right,central
720575940625535621,FB.484,CX,FB.484,GLUT,FB7E,left,central
720575940625683077,FB.843,CX,FB.843,unknown,vDeltaC,left,central
720575940619866759,FB.211,CX,FB.211,GLUT,FB4P_a,left,central
720575940621193864,FB.472,CX,FB.472,ACH,FC2C,right,central
720575940626158223,FB.SMP.17,CX,FB.SMP.17,ACH,FS3,left,central
720575940616819345,FB.342,CX,FB.342,GLUT,FB4Z,left,central
720575940652733089,FB.1142,CX,FB.1142,unknown,vDeltaA_b,right,central
720575940617949861,FB.615,CX,FB.615,ACH,hDeltaJ,right,central
720575940625863336,FB.1346,CX,FB.1346,GLUT,FB9B,right,central
720575940612330154,FB.30,CX,FB.30,GLUT,FB2D,left,central
720575940620276400,FB.254,CX,FB.254,GLUT,FB4D,right,central
720575940622422711,FB.296,CX,FB.296,GLUT,CB4171,left,central
720575940624093884,FB.935,CX,FB.935,unknown,vDeltaB,left,central
720575940624077517,FB.184,CX,FB.184,GLUT,FB5AA,right,central
720575940613231313,FB.1113,CX,FB.1113,ACH,vDeltaM,right,central
720575940610151130,FB.1117,CX,FB.1117,ACH,vDeltaA_b,right,central
720575940611216099,EB.44,CX,EB.44,ACH,EPG,right,central
720575940621832942,FB.170,CX,FB.170,GLUT,FB5Y,left,central
720575940622897917,CRE.FB.17,CX,CRE.FB.17,GLUT,FB5V,right,central
720575940628812548,FB.1236,CX,FB.1236,GABA,FB4E,right,central
720575940620014356,FB.164,CX,FB.164,ACH,FC2A,right,central
720575940644492055,FB.332,CX,FB.332,GLUT,FB4Z,left,central
720575940631483167,FB.700,CX,FB.700,SER,hDeltaK,right,central
720575940603925280,FB.1213,CX,FB.1213,ACH,FS2,right,central
720575940628206391,FB.515,CX,FB.515,ACH,FC3,left,central
720575940629615417,SMP.FB.27,CX,SMP.FB.27,GLUT,FB5P,left,central
720575940609774434,FB.1233,CX,FB.1233,SER,hDeltaK,left,central
720575940626666345,FB.412,CX,FB.412,ACH,hDeltaI,left,central
720575940638888819,FB.585,CX,FB.585,GLUT,FB7C,right,central
720575940617425781,EB.262,CX,EB.262,GABA,ER3d,left,central
720575940628386686,FB.719,CX,FB.719,GLUT,FB4Z,left,central
720575940626355081,FB.901,CX,FB.901,unknown,FB4F_a,left,central
720575940624356234,EB.321,CX,EB.321,GABA,ER3d,left,central
720575940634809230,FB.1090,CX,FB.1090,unknown,vDeltaI_a,left,central
720575940624323475,EB.354,CX,EB.354,DA,ExR2_2,left,central
720575940620391337,NO.114,CX,NO.114,ACH,PFNm,left,central
720575940618867627,FB.612,CX,FB.612,ACH,vDeltaG,right,central
720575940604842924,EB.150,CX,EB.150,GABA,ER4d,right,central
720575940619293622,FB.691,CX,FB.691,ACH,hDeltaJ,left,central
720575940623242168,FB.115,CX,FB.115,ACH,hDeltaE,right,central
720575940618523585,FB.830,CX,FB.830,ACH,vDeltaI_a,left,central
720575940621587396,FB.516,CX,FB.516,ACH,FC3,right,central
720575940629550039,NO.80,CX,NO.80,ACH,PFNm,right,central
720575940614837222,FB.1261,CX,FB.1261,ACH,vDeltaK,left,central
720575940612821997,FB.424,CX,FB.424,GLUT,CB4171,left,central
720575940628567034,FB.639,CX,FB.639,unknown,vDeltaI_a,right,central
720575940624323592,CRE.FB.22,CX,CRE.FB.22,GLUT,FB6X,right,central
720575940625437706,FB.905,CX,FB.905,ACH,FC1C,left,central
720575940625863690,FB.739,CX,FB.739,GLUT,SA2,left,central
720575940614738956,FB.448,CX,FB.448,ACH,FC2B,left,central
720575940626469898,FB.436,CX,FB.436,GLUT,FB5R,right,central
720575940629681168,AOTU.FB.41,TuBu,AOTU.FB.41,ACH,TuBu09,right,central
720575940630844447,FB.1094,CX,FB.1094,SER,vDeltaA_b,right,central
720575940631303212,FB.671,CX,FB.671,ACH,vDeltaG,left,central
720575940633924653,FB.674,CX,FB.674,GLUT,FB1E,left,central
720575940610069550,FB.329,CX,FB.329,GLUT,FB8B,right,central
720575940617819185,NO.46,CX,NO.46,ACH,PFNa,right,central
720575940616410171,FB.56,CX,FB.56,ACH,hDeltaH,left,central
720575940624012350,FB.431,CX,FB.431,GLUT,FB2F_d,right,central
720575940618146901,NO.FB.124,CX,NO.FB.124,ACH,PFNp,right,central
720575940611363954,FB.1292,CX,FB.1292,ACH,vDeltaA_a,right,central
720575940611527794,NO.34,CX,NO.34,ACH,PFNv,right,central
720575940635530359,FB.214,CX,FB.214,ACH,FC2B,left,central
720575940628386942,FB.578,CX,FB.578,unknown,FB4Z,left,central
720575940638250112,FB.236,CX,FB.236,ACH,hDeltaC,right,central
720575940621800586,FB.1004,CX,FB.1004,ACH,vDeltaA_a,right,central
720575940612920466,EB.163,CX,EB.163,ACH,PEN_b/PEN2,right,central
720575940625142936,FB.162,CX,FB.162,GLUT,FB2B_b,right,central
720575940642051232,FB.1296,CX,FB.1296,SER,vDeltaA_b,right,central
720575940612248743,FB.982,CX,FB.982,SER,vDeltaC,right,central
720575940625962152,FB.46,CX,FB.46,ACH,hDeltaD,left,central
720575940620719273,FB.828,CX,FB.828,ACH,FC1D,left,central
720575940618704043,FB.552,CX,FB.552,DA,PFGs,left,central
720575940618867888,FB.1230,CX,FB.1230,ACH,vDeltaM,left,central
720575940637824189,SLP.FB.3,CX,SLP.FB.3,GLUT,FB1D,left,central
720575940618884299,FB.870,CX,FB.870,ACH,vDeltaE,left,central
720575940631614675,FB.557,CX,FB.557,ACH,vDeltaG,left,central
720575940631991507,FB.144,CX,FB.144,ACH,hDeltaB,left,central
720575940620932317,FB.SMP.55,CX,FB.SMP.55,ACH,FS3,left,central
720575940611396835,PB.20,CX,PB.20,ACH,PEG,right,central
720575940636923108,FB.95,CX,FB.95,ACH,hDeltaB,right,central
720575940618622191,FB.1137,CX,FB.1137,ACH,vDeltaA_a,left,central
720575940627109116,FB.319,CX,FB.319,GLUT,FB5F,right,central
720575940624700674,FB.884,CX,FB.884,ACH,vDeltaE,right,central
720575940642936100,FB.177,CX,FB.177,ACH,FC2A,right,central
720575940631958829,FB.280,CX,FB.280,GLUT,FB7G,left,central
720575940620571953,EB.6,CX,EB.6,ACH,ExR4,left,central
720575940612248883,NO.FB.126,CX,NO.FB.126,ACH,PFNp,left,central
720575940616983862,FB.443,CX,FB.443,GLUT,FB2I_a,right,central
720575940630025528,FB.316,CX,FB.316,DA,PFR,right,central
720575940630631736,FB.LAL.45,CX,FB.LAL.45,ACH,PFL1,left,central
720575940626371898,FB.842,CX,FB.842,SER,hDeltaK,left,central
720575940616377659,FB.261,CX,FB.261,GLUT,FB2B_b,right,central
720575940637791549,SMP.FB.35,CX,SMP.FB.35,GLUT,FB6T,right,central
720575940631024977,NO.104,CX,NO.104,ACH,PFNm,left,central
720575940626781522,NO.FB.9,CX,NO.FB.9,ACH,PFNa,left,central
720575940616967508,FB.447,CX,FB.447,ACH,FC2C,right,central
720575940615935325,AOTU.FB.35,TuBu,AOTU.FB.35,ACH,TuBu09,right,central
720575940623897955,FB.351,CX,FB.351,DA,PFR,right,central
720575940626666857,FB.1200,CX,FB.1200,unknown,vDeltaB,left,central
720575940633744747,FB.467,CX,FB.467,SER,hDeltaK,right,central
720575940642837870,AOTU.BU.53,TuBu,AOTU.BU.53,ACH,TuBu09,left,central
720575940612937073,EB.111,CX,EB.111,ACH,ExR7,left,central
720575940632614295,EB.35,CX,EB.35,ACH,EPG,left,central
720575940625175960,AOTU.FB.52,TuBu,AOTU.FB.52,ACH,TuBu09,left,central
720575940625880472,FB.547,CX,FB.547,DA,PFR,right,central
720575940633515420,FB.333,CX,FB.333,GLUT,FB2F_b,right,central
720575940620129694,FB.454,CX,FB.454,GLUT,FB4Z,right,central
720575940603844017,FB.1351,CX,FB.1351,ACH,vDeltaM,right,central
720575940623062453,FB.SMP.19,CX,FB.SMP.19,ACH,FS2,right,central
720575940622226870,FB.950,CX,FB.950,GLUT,FB3B,left,central
720575940631369149,NO.153,CX,NO.153,ACH,PFNp,right,central
720575940624307658,SMP.FB.8,CX,SMP.FB.8,GLUT,FB6C,left,central
720575940611904997,FB.456,CX,FB.456,GLUT,FB1D,right,central
720575940639184361,FB.421,CX,FB.421,GLUT,FB7G,left,central
720575940636513784,FB.1423,CX,FB.1423,unknown,FB2B,right,central
720575940627174928,FB.1198,CX,FB.1198,ACH,vDeltaA_a,right,central
720575940625176092,NO.106,CX,NO.106,ACH,PFNm,left,central
720575940642870820,FB.964,CX,FB.964,GLUT,SA1,right,central
720575940623488551,FB.SMP.15,CX,FB.SMP.15,ACH,FS2,left,central
720575940631729720,FB.401,CX,FB.401,GLUT,FB4F_a,left,central
720575940616885824,FB.LAL.44,CX,FB.LAL.44,ACH,PFL1,right,central
720575940619327041,FB.922,CX,FB.922,ACH,FC1C,right,central
720575940629468739,FB.317,CX,FB.317,ACH,hDeltaC,left,central
720575940608480836,FB.256,CX,FB.256,GLUT,CB4171,left,central
720575940631025219,FB.524,CX,FB.524,ACH,FC2C,right,central
720575940628174415,FB.178,CX,FB.178,GLUT,FB6B,right,central
720575940619818593,NO.FB.133,CX,NO.FB.133,ACH,PFNp,right,central
720575940632827496,FB.1158,CX,FB.1158,GLUT,FB9C,left,central
720575940633368171,NO.131,CX,NO.131,ACH,PFNm,left,central
720575940628764268,FB.883,CX,FB.883,ACH,vDeltaG,right,central
720575940620899964,NO.183,CX,NO.183,DA,PFNp,right,central
720575940661139073,FB.480,CX,FB.480,GLUT,FB5R,right,central
720575940608185986,FB.839,CX,FB.839,unknown,FB4Z,right,central
720575940625667721,SMP.FB.19,CX,SMP.FB.19,GLUT,FB6Z,right,central
720575940627306124,FB.1197,CX,FB.1197,ACH,vDeltaA_b,left,central
720575940620080798,FB.1157,CX,FB.1157,GLUT,FB9B,right,central
720575940614018722,FB.279,CX,FB.279,GLUT,FB6B,left,central
720575940613674663,NO.FB.56,CX,NO.FB.56,ACH,PFNd,right,central
720575940621768385,FB.188,CX,FB.188,DA,FB1C,right,central
720575940626814666,FB.487,CX,FB.487,GLUT,FB5R,right,central
720575940620932813,FB.768,CX,FB.768,unknown,hDeltaK,right,central
720575940620474072,AOTU.FB.29,TuBu,AOTU.FB.29,ACH,TuBu09,right,central
720575940638070505,FB.574,CX,FB.574,ACH,FC3,left,central
720575940617934576,FB.CRE.18,CX,FB.CRE.18,ACH,FC1C,left,central
720575940620130032,FB.21,CX,FB.21,GLUT,FB6A,left,central
720575940628141818,FB.933,CX,FB.933,ACH,FC1D,right,central
720575940629174012,FB.166,CX,FB.166,GLUT,FB6V,left,central
720575940611102469,NO.FB.45,CX,NO.FB.45,ACH,PFNm,left,central
720575940607285001,NO.FB.5,CX,NO.FB.5,ACH,PFNa,left,central
720575940618688276,FB.925,CX,FB.925,unknown,vDeltaC,left,central
720575940621276952,PB.FB.3,CX,PB.FB.3,ACH,PFNd,left,central
720575940617180955,FB.SMP.6,CX,FB.SMP.6,GLUT,FB8F_a,right,central
720575940644525859,AOTU.FB.44,TuBu,AOTU.FB.44,ACH,TuBu04,left,central
720575940643182372,AOTU.FB.23,TuBu,AOTU.FB.23,ACH,TuBu03,right,central
720575940644706083,FB.LAL.2,CX,FB.LAL.2,ACH,PFL3,right,central
720575940613052200,FB.44,CX,FB.44,GLUT,FB6H,left,central
720575940630058827,NO.122,CX,NO.122,ACH,PFNm,right,central
720575940624602957,FB.589,CX,FB.589,GLUT,FB7C,left,central
720575940627666793,FB.1279,CX,FB.1279,ACH,vDeltaL,left,central
720575940636841840,FB.227,CX,FB.227,GLUT,FB2H_a,right,central
720575940637906803,FB.682,CX,FB.682,ACH,vDeltaE,left,central
720575940638709632,FB.299,CX,FB.299,GLUT,FB7L,left,central
720575940625864581,FB.SMP.10,CX,FB.SMP.10,ACH,FS2,right,central
720575940626798480,FB.388,CX,FB.388,GLUT,FB5S,right,central
720575940610545561,FB.1380,CX,FB.1380,ACH,vDeltaA_a,left,central
720575940643346336,FB.1371,CX,FB.1371,GABA,FB4E,right,central
720575940626012072,FB.477,CX,FB.477,GLUT,FB7E,right,central
720575940634040244,FB.1147,CX,FB.1147,SER,vDeltaB,right,central
720575940624783287,EB.247,CX,EB.247,GABA,ER3d,right,central
720575940619376577,CRE.FB.1,CX,CRE.FB.1,GLUT,FB4O,right,central
720575940619196398,FB.793,CX,FB.793,ACH,FC2C,right,central
720575940630894583,FB.1256,CX,FB.1256,GLUT,FB9B,left,central
720575940622014471,FB.1366,CX,FB.1366,ACH,vDeltaM,left,central
720575940625848330,AOTU.FB.21,TuBu,AOTU.FB.21,ACH,TuBu04,right,central
720575940622030861,EB.329,CX,EB.329,GABA,ER3p_b,left,central
720575940644870167,FB.383,CX,FB.383,GLUT,FB2M,left,central
720575940625061918,FB.1399,CX,FB.1399,unknown,FS4A,right,central
720575940620228641,FB.1285,CX,FB.1285,unknown,vDeltaA_b,left,central
720575940614297640,EB.348,CX,EB.348,ACH,EPG,right,central
720575940618901553,FB.1305,CX,FB.1305,ACH,vDeltaL,right,central
720575940612249651,FB.1266,CX,FB.1266,ACH,vDeltaL,left,central
720575940630976568,FB.190,CX,FB.190,unknown,FC2A,left,central
720575940613429314,FB.943,CX,FB.943,GLUT,SA1,right,central
720575940628797512,FB.850,CX,FB.850,ACH,FC1A,right,central
720575940627617866,FB.1037,CX,FB.1037,unknown,FC2C,left,central
720575940624373837,EB.125,CX,EB.125,GABA,ER4d,right,central
720575940638070862,NO.170,CX,NO.170,DA,PFNp,right,central
720575940618295376,FB.169,CX,FB.169,GLUT,FB4P,right,central
720575940615673949,FB.1052,CX,FB.1052,unknown,PFGs,left,central
720575940610070626,SLP.FB.6,CX,SLP.FB.6,GLUT,SA3,right,central
720575940634843247,NO.FB.29,CX,NO.FB.29,ACH,PFNd,right,central
720575940612053106,FB.502,CX,FB.502,GLUT,FB6,left,central
720575940618606715,AOTU.BU.6,TuBu,AOTU.BU.6,ACH,TuBu07,right,central
720575940620032123,FB.11,CX,FB.11,ACH,FB5AB,right,central
720575940625455247,FB.2,CX,FB.2,GABA,FB5A,right,central
720575940623816848,FB.1226,CX,FB.1226,ACH,vDeltaK,left,central
720575940623358099,FB.53,CX,FB.53,DA,FB4M,right,central
720575940617787550,FB.873,CX,FB.873,ACH,FC2C,left,central
720575940605384882,FB.779,CX,FB.779,ACH,FC1D,right,central
720575940614920379,NO.2,CX,NO.2,ACH,PFNa,left,central
720575940604074174,FB.600,CX,FB.600,GLUT,FB7G,left,central
720575940619114689,NO.FB.90,CX,NO.FB.90,ACH,PFNp,left,central
720575940629469378,AOTU.CRE.16,TuBu,AOTU.CRE.16,ACH,TuBu03,right,central
720575940638857424,FB.731,CX,FB.731,ACH,vDeltaI_a,left,central
720575940638890192,FB.1218,CX,FB.1218,ACH,vDeltaK,right,central
720575940639693008,FB.836,CX,FB.836,ACH,FS2,left,central
720575940621424854,FB.1304,CX,FB.1304,ACH,vDeltaM,left,central
720575940635678942,FB.192,CX,FB.192,ACH,hDeltaC,right,central
720575940631468258,FB.1315,CX,FB.1315,ACH,vDeltaM,right,central
720575940627798266,FB.CRE.89,CX,FB.CRE.89,ACH,FR2,right,central
720575940622899453,FB.722,CX,FB.722,SER,hDeltaK,right,central
720575940613839116,FB.981,CX,FB.981,ACH,FC1D,right,central
720575940629272850,FB.1168,CX,FB.1168,ACH,vDeltaL,right,central
720575940625537301,NO.119,CX,NO.119,ACH,PFNm,right,central
720575940625733909,FB.1245,CX,FB.1245,ACH,vDeltaL,right,central
720575940632074521,FB.735,CX,FB.735,ACH,vDeltaF,left,central
720575940617296155,FB.1328,CX,FB.1328,SER,FC2C,left,central
720575940623784231,FB.264,CX,FB.264,unknown,FC2B,right,central
720575940614773032,FB.608,CX,FB.608,GLUT,FB7E,left,central
720575940615985449,FB.855,CX,FB.855,ACH,FC1D,right,central
720575940628207951,FB.971,CX,FB.971,ACH,vDeltaD,left,central
720575940631353683,FB.1316,CX,FB.1316,ACH,vDeltaK,right,central
720575940616231252,FB.812,CX,FB.812,ACH,vDeltaE,left,central
720575940615018838,FB.813,CX,FB.813,ACH,vDeltaF,left,central
720575940615706966,FB.646,CX,FB.646,GLUT,FB1A,right,central
720575940633909600,FB.116,CX,FB.116,ACH,hDeltaG,right,central
720575940620147067,FB.959,CX,FB.959,ACH,FC1D,left,central
720575940627782014,FB.132,CX,FB.132,ACH,hDeltaF,right,central
720575940625750415,FB.413,CX,FB.413,GLUT,FB7J,right,central
720575940619737510,NO.70,CX,NO.70,ACH,PFNa,right,central
720575940626356648,FB.917,CX,FB.917,ACH,FC2C,right,central
720575940611725738,FB.747,CX,FB.747,ACH,FS1A,right,central
720575940603238828,FB.1120,CX,FB.1120,ACH,vDeltaM,left,central
720575940631058861,FB.1373,CX,FB.1373,GLUT,FS3,left,central
720575940622342576,EB.89,CX,EB.89,GABA,ER4d,left,central
720575940627241402,FB.252,CX,FB.252,GLUT,FB1I,left,central
720575940624341436,FB.1365,CX,FB.1365,GLUT,FB9B,left,central
720575940627159498,FB.282,CX,FB.282,DA,FB1C,left,central
720575940609579470,AOTU.FB.22,TuBu,AOTU.FB.22,ACH,TuBu03,left,central
720575940602747360,FB.382,CX,FB.382,ACH,hDeltaJ,left,central
720575940633057762,FB.324,CX,FB.324,GLUT,FB4F_a,left,central
720575940611185123,FB.795,CX,FB.795,GLUT,SA2,left,central
720575940619835892,NO.109,CX,NO.109,ACH,PFNm,right,central
720575940620327412,FB.153,CX,FB.153,unknown,FB7H,left,central
720575940629076473,FB.134,CX,FB.134,ACH,hDeltaM,right,central
720575940623440381,NO.263,CX,NO.263,SER,PFNp,right,central
720575940625308162,FB.LAL.7,CX,FB.LAL.7,ACH,PFL3,right,central
720575940627126787,FB.973,CX,FB.973,ACH,FC2C,left,central
720575940616968733,FB.284,CX,FB.284,ACH,FC2B,right,central
720575940603943456,FB.1422,CX,FB.1422,unknown,vDeltaA_a,left,central
720575940620818977,NO.FB.34,CX,NO.FB.34,ACH,PFNd,right,central
720575940623260201,FB.41,CX,FB.41,unknown,FB4Y,right,central
720575940615133755,FB.942,CX,FB.942,ACH,FC1A,right,central
720575940636924479,FB.372,CX,FB.372,DA,FB2A,left,central
720575940606597724,FB.1396,CX,FB.1396,unknown,unknown,left,central
720575940632943199,FB.984,CX,FB.984,ACH,vDeltaD,right,central
720575940631255656,FB.800,CX,FB.800,GLUT,FB3B,right,central
720575940629846636,FB.1193,CX,FB.1193,ACH,vDeltaK,left,central
720575940635990640,FB.LAL.1,CX,FB.LAL.1,ACH,PFL2,right,central
720575940638055024,FB.SMP.23,CX,FB.SMP.23,ACH,FB1B,right,central
720575940612627058,FB.564,CX,FB.564,ACH,FC2C,right,central
720575940650785401,EB.174,CX,EB.174,unknown,ExR7,left,central
720575940627929722,FB.754,CX,FB.754,ACH,FC3,left,central
720575940627798654,FB.804,CX,FB.804,unknown,FB2I_a,right,central
720575940625816212,FB.874,CX,FB.874,ACH,FC2C,right,central
720575940632402588,FB.459,CX,FB.459,DA,PFR_a,left,central
720575940619082405,FB.907,CX,FB.907,GLUT,SA3,right,central
720575940630993581,FB.966,CX,FB.966,ACH,FC1A,right,central
720575940613200559,CRE.FB.31,CX,CRE.FB.31,GLUT,FB5P,right,central
720575940604451505,FB.32,CX,FB.32,unknown,FB5H,right,central
720575940606646962,FB.834,CX,FB.834,ACH,FC1A,right,central
720575940625390266,SMP.1384,CX,SMP.1384,GLUT,FB7F,right,central
720575940633303743,NO.89,CX,NO.89,ACH,PFNv,left,central
720575940618590923,FB.1010,CX,FB.1010,GLUT,FB1B,right,central
720575940611939026,PB.FB.6,CX,PB.FB.6,ACH,PFNd,left,central
720575940622523101,SMP.FB.30,CX,SMP.FB.30,GLUT,FB5P,left,central
720575940638612190,AOTU.FB.36,TuBu,AOTU.FB.36,ACH,TuBu04,left,central
720575940611758819,FB.1183,CX,FB.1183,ACH,FC3,right,central
720575940623325932,FB.955,CX,FB.955,GLUT,FB8A,left,central
720575940607613707,FB.511,CX,FB.511,GLUT,FB6Y,left,central
720575940630256402,FB.374,CX,FB.374,unknown,FC2A,right,central
720575940621490968,FB.359,CX,FB.359,GLUT,FB2G,left,central
720575940625144604,FB.470,CX,FB.470,unknown,FB4Z,right,central
720575940645002019,FB.1370,CX,FB.1370,unknown,vDeltaA_a,left,central
720575940623801125,FB.741,CX,FB.741,SER,hDeltaK,left,central
720575940625029925,FB.1153,CX,FB.1153,unknown,vDeltaA_b,right,central
720575940614413106,FB.673,CX,FB.673,ACH,FC3,left,central
720575940629846841,FB.1022,CX,FB.1022,ACH,vDeltaE,left,central
720575940615134011,FB.774,CX,FB.774,ACH,vDeltaG,right,central
720575940630764359,FB.717,CX,FB.717,ACH,FC3,left,central
720575940628716360,FB.391,CX,FB.391,GLUT,FB7G,right,central
720575940632894304,AOTU.FB.38,TuBu,AOTU.FB.38,ACH,TuBu09,right,central
720575940627831657,FB.720,CX,FB.720,ACH,FC3,right,central
720575940613184362,NO.234,CX,NO.234,ACH,PFNp,right,central
720575940614298474,FB.533,CX,FB.533,GABA,FB5B,right,central
720575940638006128,FB.312,CX,FB.312,ACH,hDeltaI,left,central
720575940638251904,FB.1342,CX,FB.1342,ACH,vDeltaJ,left,central
720575940632255388,FB.1091,CX,FB.1091,ACH,FS2,right,central
720575940619574181,FB.251,CX,FB.251,unknown,PFGs,left,central
720575940620245926,FB.641,CX,FB.641,GLUT,FB8E,left,central
720575940613348271,FB.648,CX,FB.648,ACH,FC2C,right,central
720575940620639152,FB.1104,CX,FB.1104,ACH,vDeltaL,left,central
720575940610694067,FB.1293,CX,FB.1293,ACH,vDeltaA_a,left,central
720575940610448307,FB.1339,CX,FB.1339,ACH,vDeltaM,right,central
720575940624276410,FB.CRE.17,CX,FB.CRE.17,ACH,FC1C,right,central
720575940625439690,CRE.FB.32,CX,CRE.FB.32,GLUT,FB5Z,left,central
720575940637924324,CRE.FB.11,CX,CRE.FB.11,GLUT,FB5V,left,central
720575940612692963,FB.663,CX,FB.663,ACH,vDeltaI_a,left,central
720575940612922339,FB.482,CX,FB.482,GLUT,FB2L,right,central
720575940622392299,FB.791,CX,FB.791,ACH,vDeltaG,left,central
720575940627618801,FB.985,CX,FB.985,ACH,FC1A,right,central
720575940652702710,EB.141,CX,EB.141,GABA,ER4d,left,central
720575940627569658,FB.703,CX,FB.703,ACH,FC2C,left,central
720575940618787841,FB.419,CX,FB.419,GLUT,PFGs,right,central
720575940622605320,CRE.FB.26,CX,CRE.FB.26,GLUT,FB5V,left,central
720575940621343764,NO.76,CX,NO.76,ACH,PFNv,left,central
720575940626471957,FB.LAL.38,CX,FB.LAL.38,ACH,PFL1,right,central
720575940616330267,FB.491,CX,FB.491,ACH,hDeltaJ,right,central
720575940643937316,FB.195,CX,FB.195,ACH,hDeltaI,right,central
720575940626111527,FB.1364,CX,FB.1364,unknown,vDeltaM,right,central
720575940629535788,FB.1001,CX,FB.1001,unknown,vDeltaB,left,central
720575940631125036,EB.10,CX,EB.10,ACH,EPG,right,central
720575940616657989,FB.543,CX,FB.543,ACH,FC2C,left,central
720575940617559125,NO.227,CX,NO.227,unknown,PFNp,left,central
720575940614298730,SMP.FB.26,CX,SMP.FB.26,unknown,FB6Q,right,central
720575940634909807,FB.393,CX,FB.393,GLUT,FB6,left,central
720575940635319407,FB.1018,CX,FB.1018,unknown,vDeltaB,right,central
720575940638678131,FB.732,CX,FB.732,ACH,FC1C,left,central
720575940621360264,FB.SMP.3,CX,FB.SMP.3,ACH,FS2,left,central
720575940612807830,FB.1210,CX,FB.1210,ACH,vDeltaL,right,central
720575940633271447,FB.897,CX,FB.897,ACH,FS2,right,central
720575940632992922,FB.699,CX,FB.699,ACH,FS2,right,central
720575940619476126,EB.161,CX,EB.161,ACH,PEN_a/PEN1,right,central
720575940630666404,EB.144,CX,EB.144,ACH,PEN_b/PEN2,right,central
720575940612594855,FB.857,CX,FB.857,ACH,FC1C,right,central
720575940613151911,SMP.FB.32,CX,SMP.FB.32,GLUT,FB8I,right,central
720575940612824239,FB.1265,CX,FB.1265,ACH,vDeltaA_a,right,central
720575940634647732,FB.185,CX,FB.185,SER,FC2A,left,central
720575940629699781,FB.326,CX,FB.326,GLUT,FB2F_b,left,central
720575940606483657,SLP.FB.4,CX,SLP.FB.4,GLUT,FB1D,right,central
720575940610268366,FB.816,CX,FB.816,ACH,vDeltaD,right,central
720575940638498000,NO.FB.145,CX,NO.FB.145,ACH,PFNp,left,central
720575940618050776,FB.1107,CX,FB.1107,SER,vDeltaB,right,central
720575940603731168,FB.331,CX,FB.331,GLUT,FB7D,left,central
720575940612234467,FB.1067,CX,FB.1067,ACH,vDeltaA_a,left,central
720575940618624239,FB.871,CX,FB.871,ACH,vDeltaG,left,central
720575940619967727,FB.977,CX,FB.977,unknown,vDeltaC,right,central
720575940606958859,FB.SMP.49,CX,FB.SMP.49,ACH,FS4A,left,central
720575940632091929,FB.880,CX,FB.880,ACH,FC1A,right,central
720575940644674851,CRE.FB.13,CX,CRE.FB.13,GLUT,FB5V,right,central
720575940630306095,FB.558,CX,FB.558,GLUT,FB5B,left,central
720575940615101747,EB.2,CX,EB.2,unknown,ExR1,right,central
720575940616445250,EB.285,CX,EB.285,GABA,ER3d,right,central
720575940628733292,EB.76,CX,EB.76,GABA,ER2,right,central
720575940644658542,FB.390,CX,FB.390,DA,PFR,left,central
720575940634221935,FB.367,CX,FB.367,GLUT,FB2G_a,right,central
720575940635319663,FB.138,CX,FB.138,ACH,hDeltaB,right,central
720575940611612018,NO.FB.57,CX,NO.FB.57,ACH,PFNm,left,central
720575940627602814,FB.SMP.83,CX,FB.SMP.83,ACH,FS3,right,central
720575940615183755,NO.FB.25,CX,NO.FB.25,ACH,PFNd,left,central
720575940635467150,FB.LAL.12,CX,FB.LAL.12,ACH,PFL2,right,central
720575940612939154,NO.FB.46,CX,NO.FB.46,ACH,PFNd,right,central
720575940611415449,FB.124,CX,FB.124,ACH,hDeltaL,left,central
720575940632223132,FB.1237,CX,FB.1237,GLUT,SAF,left,central
720575940633173412,FB.352,CX,FB.352,GABA,FB6M,right,central
720575940613152175,CRE.FB.9,CX,CRE.FB.9,GLUT,FB5V,right,central
720575940619935152,FB.239,CX,FB.239,ACH,FC2B,right,central
720575940622228918,FB.879,CX,FB.879,GLUT,FB3B,right,central
720575940638055869,EB.142,CX,EB.142,ACH,PEN_b/PEN2,left,central
720575940628585922,NO.215,CX,NO.215,DA,PFNp,left,central
720575940607040981,EB.249,CX,EB.249,GABA,ER3w,left,central
720575940631911905,FB.460,CX,FB.460,GLUT,FB6,right,central
720575940632862177,FB.228,CX,FB.228,GLUT,FB4P,left,central
720575940625653223,EB.116,CX,EB.116,DA,ExR2_1,right,central
720575940623277547,FB.706,CX,FB.706,GLUT,FB4A,left,central
720575940611726829,FB.911,CX,FB.911,ACH,vDeltaE,right,central
720575940629552633,FB.763,CX,FB.763,DA,FB5R,left,central
720575940628585978,FB.916,CX,FB.916,GLUT,FB3B,right,central
720575940616543745,NO.47,CX,NO.47,ACH,PFNv,left,central
720575940625604098,FB.1048,CX,FB.1048,GLUT,FB2C,left,central
720575940626456083,EB.151,CX,EB.151,GABA,ER4d,left,central
720575940626849301,FB.99,CX,FB.99,ACH,hDeltaD,right,central
720575940616855074,NO.59,CX,NO.59,ACH,PFNa,right,central
720575940617068066,FB.1349,CX,FB.1349,ACH,vDeltaA_a,right,central
720575940643921444,FB.274,CX,FB.274,GLUT,FB5Q,right,central
720575940629700138,FB.915,CX,FB.915,ACH,vDeltaD,left,central
720575940608745006,FB.796,CX,FB.796,GLUT,FB8G,right,central
720575940608859694,FB.1212,CX,FB.1212,unknown,vDeltaJ,right,central
720575940630404655,FB.899,CX,FB.899,GLUT,FB3B,left,central
720575940620197441,FB.360,CX,FB.360,unknown,PFGs,right,central
720575940626898504,FB.869,CX,FB.869,ACH,vDeltaD,left,central
720575940620492373,CRE.FB.6,CX,CRE.FB.6,GLUT,FB4O,left,central
720575940638662232,NO.39,CX,NO.39,ACH,PFNm,right,central
720575940612152930,NO.143,CX,NO.143,GABA,FB3A,right,central
720575940625636964,FB.548,CX,FB.548,GLUT,FB3D,right,central
720575940619296365,EB.42,CX,EB.42,ACH,EPG,left,central
720575940638252672,FB.697,CX,FB.697,ACH,FC1A,left,central
720575940619673222,FB.416,CX,FB.416,GLUT,FB7K,left,central
720575940617232017,FB.23,CX,FB.23,GLUT,FB4G,left,central
720575940639710883,FB.176,CX,FB.176,ACH,hDeltaI,right,central
720575940633173668,FB.201,CX,FB.201,GABA,FB6M,right,central
720575940621393573,FB.287,CX,FB.287,GLUT,CB4171,right,central
720575940625817256,FB.1244,CX,FB.1244,ACH,vDeltaK,right,central
720575940622016169,CRE.FB.2,CX,CRE.FB.2,GLUT,FB5V,right,central
720575940615102127,FB.1269,CX,FB.1269,GLUT,FB9B,left,central
720575940612316847,FB.858,CX,FB.858,ACH,vDeltaD,left,central
720575940613250735,FB.SMP.7,CX,FB.SMP.7,ACH,FS2,left,central
720575940611284659,FB.433,CX,FB.433,GLUT,FB4A,right,central
720575940623490748,FB.168,CX,FB.168,ACH,hDeltaM,right,central
720575940610219715,FB.305,CX,FB.305,GLUT,PFGs,right,central
720575940630748876,FB.230,CX,FB.230,GLUT,FB7D,right,central
720575940616199892,CRE.FB.23,CX,CRE.FB.23,unknown,FB5P,right,central
720575940617494232,FB.265,CX,FB.265,ACH,hDeltaC,left,central
720575940611006170,FB.1085,CX,FB.1085,SER,vDeltaA_b,right,central
720575940610973413,SMP.FB.34,CX,SMP.FB.34,GLUT,FB6T,left,central
720575940625506027,EB.300,CX,EB.300,GABA,ER3d,right,central
720575940623474412,FB.1300,CX,FB.1300,ACH,vDeltaM,left,central
720575940634173176,FB.1411,CX,FB.1411,unknown,FS4A,right,central
720575940629733114,EB.167,CX,EB.167,GABA,ER4d,left,central
720575940627799808,FB.1278,CX,FB.1278,ACH,vDeltaM,right,central
720575940623539976,FB.345,CX,FB.345,GLUT,FB5Q,left,central
720575940608548619,FB.339,CX,FB.339,GLUT,FB6W,left,central
720575940626800400,FB.1319,CX,FB.1319,ACH,vDeltaA_a,left,central
720575940632059673,FB.1222,CX,FB.1222,ACH,vDeltaL,left,central
720575940605583136,FB.31,CX,FB.31,unknown,FB4Y,left,central
720575940623540007,NO.FB.78,CX,NO.FB.78,ACH,PFNp,right,central
720575940612710184,NO.FB.110,CX,NO.FB.110,ACH,PFNp,left,central
720575940609777476,FB.520,CX,FB.520,GLUT,FB5X,right,central
720575940610776900,FB.1295,CX,FB.1295,ACH,vDeltaM,left,central
720575940629372747,FB.787,CX,FB.787,GLUT,FB9A,left,central
720575940634419051,FB.110,CX,FB.110,ACH,hDeltaE,left,central
720575940610137969,FB.912,CX,FB.912,ACH,vDeltaF,left,central
720575940637794163,FB.1035,CX,FB.1035,SER,vDeltaA_b,right,central
720575940618133371,FB.297,CX,FB.297,ACH,FC2B,right,central
720575940605124482,FB.751,CX,FB.751,GLUT,FB3B,right,central
720575940646707076,FB.679,CX,FB.679,GLUT,FB3B,left,central
720575940612824978,FB.776,CX,FB.776,ACH,FC1D,left,central
720575940610908057,FB.349,CX,FB.349,GLUT,FB6U,left,central
720575940604125105,FB.1119,CX,FB.1119,ACH,FC1D,right,central
720575940623310780,FB.498,CX,FB.498,ACH,hDeltaJ,left,central
720575940618198977,NO.FB.18,CX,NO.FB.18,ACH,PFNd,right,central
720575940628029378,FB.127,CX,FB.127,ACH,hDeltaF,left,central
720575940631814085,FB.815,CX,FB.815,DA,FB2I_a,left,central
720575940639924176,FB.365,CX,FB.365,GLUT,FB6X,left,central
720575940639596507,FB.635,CX,FB.635,ACH,hDeltaJ,left,central
720575940619067374,FB.404,CX,FB.404,unknown,FB2B,right,central
720575940625932275,FB.MB_ML.11,CX,FB.MB_ML.11,SER,PFR,left,central
720575940623261703,FB.1377,CX,FB.1377,unknown,vDeltaM,right,central
720575940606615561,FB.1184,CX,FB.1184,ACH,vDeltaL,left,central
720575940607287305,NO.FB.48,CX,NO.FB.48,ACH,PFNd,left,central
720575940606681099,FB.928,CX,FB.928,ACH,FC1C,right,central
720575940619100180,FB.387,CX,FB.387,GLUT,FB2J_b,left,central
720575940604518432,NO.71,CX,NO.71,ACH,PFNv,right,central
720575940630814762,FB.402,CX,FB.402,ACH,hDeltaI,right,central
720575940628471868,FB.1128,CX,FB.1128,ACH,vDeltaK,left,central
720575940628766780,FB.824,CX,FB.824,ACH,vDeltaE,right,central
720575940619673664,FB.343,CX,FB.343,GLUT,FB2G,right,central
720575940629864515,FB.1238,CX,FB.1238,ACH,vDeltaA_a,right,central
720575940627046479,FB.1199,CX,FB.1199,GLUT,FB9C,left,central
720575940619051088,NO.141,CX,NO.141,ACH,PFNm,left,central
720575940632830056,SMP.FB.17,CX,SMP.FB.17,GLUT,FB6C,right,central
720575940616200298,FB.792,CX,FB.792,GLUT,SA1,right,central
720575940620443764,NO.FB.122,CX,NO.FB.122,SER,PFNp,right,central
720575940628144254,FB.537,CX,FB.537,GLUT,FB2I_a,right,central
720575940640039040,FB.40,CX,FB.40,DA,FB4M,left,central
720575940615921803,CRE.FB.36,CX,CRE.FB.36,SER,FB4F_a,right,central
720575940609843349,NO.281,CX,NO.281,DA,PFNp,right,central
720575940612972693,FB.500,CX,FB.500,ACH,hDeltaJ,left,central
720575940623392949,FB.432,CX,FB.432,unknown,PFGs,left,central
720575940625637562,FB.263,CX,FB.263,unknown,FC2B,right,central
720575940628029634,NO.FB.33,CX,NO.FB.33,ACH,PFNd,left,central
720575940608352451,FB.1043,CX,FB.1043,SER,vDeltaA_b,left,central
720575940628668610,FB.970,CX,FB.970,GLUT,FB9A,right,central
720575940631552204,FB.1167,CX,FB.1167,ACH,vDeltaM,right,central
720575940625899751,FB.863,CX,FB.863,GLUT,FB1F,left,central
720575940629111035,FB.CRE.19,CX,FB.CRE.19,ACH,FS1A,right,central
720575940625146109,FB.376,CX,FB.376,GLUT,FB5W,left,central
720575940625424642,NO.FB.54,CX,NO.FB.54,ACH,PFNp,right,central
720575940627243267,AOTU.FB.42,TuBu,AOTU.FB.42,ACH,TuBu09,left,central
720575940627357969,FB.191,CX,FB.191,GLUT,FB4P,left,central
720575940631863583,FB.301,CX,FB.301,GLUT,FB5N,left,central
720575940621132065,NO.FB.101,CX,NO.FB.101,unknown,PFNp,right,central
720575940624163109,NO.127,CX,NO.127,ACH,PFNm,left,central
720575940615250235,FB.1181,CX,FB.1181,ACH,vDeltaI_b,right,central
720575940628078908,AOTU.FB.39,TuBu,AOTU.FB.39,ACH,TuBu03,left,central
720575940616511813,FB.409,CX,FB.409,GLUT,FB7K,left,central
720575940623540557,FB.603,CX,FB.603,ACH,vDeltaG,left,central
720575940630815059,SMP.1258,CX,SMP.1258,GLUT,FB7F,right,central
720575940638663000,NO.19,CX,NO.19,ACH,PFNa,right,central
720575940634534255,FB.189,CX,FB.189,unknown,FC2A,right,central
720575940639400307,FB.1311,CX,FB.1311,ACH,vDeltaL,right,central
720575940621050228,FB.210,CX,FB.210,GLUT,FB5O,right,central
720575940629750138,LAL.FB.1,CX,LAL.FB.1,GLUT,FB4I,right,central
720575940619968892,NO.FB.69,CX,NO.FB.69,ACH,PFNp,right,central
720575940638302592,FB.1362,CX,FB.1362,SER,FB4F,left,central
720575940606697858,AOTU.BU.31,TuBu,AOTU.BU.31,ACH,TuBu03,right,central
720575940618772870,FB.851,CX,FB.851,ACH,vDeltaF,left,central
720575940635632023,FB.262,CX,FB.262,DA,PFR,left,central
720575940627194267,FB.304,CX,FB.304,GLUT,FB7G,right,central
720575940653654433,NO.FB.95,CX,NO.FB.95,ACH,vDeltaM,left,central
720575940620476843,FB.1254,CX,FB.1254,unknown,vDeltaI_b,left,central
720575940619428272,FB.1178,CX,FB.1178,ACH,vDeltaM,left,central
720575940609663442,FB.CRE.4,CX,FB.CRE.4,unknown,FR1,left,central
720575940634288595,FB.799,CX,FB.799,GABA,FB4E,right,central
720575940615610836,FB.1232,CX,FB.1232,ACH,vDeltaK,left,central
720575940621132253,FB.1062,CX,FB.1062,ACH,vDeltaB,right,central
720575940602831328,FB.665,CX,FB.665,ACH,vDeltaG,right,central
720575940616839654,FB.1082,CX,FB.1082,ACH,vDeltaA_a,left,central
720575940613300722,LAL.FB.2,CX,LAL.FB.2,GLUT,FB5V,left,central
720575940627653114,EB.80,CX,EB.80,ACH,PEN_b/PEN2,right,central
720575940630520314,FB.98,CX,FB.98,ACH,hDeltaB,left,central
720575940624065038,FB.539,CX,FB.539,GLUT,FB6,right,central
720575940621066776,EB.191,CX,EB.191,GABA,ER3w,right,central
720575940604518944,NO.FB.128,CX,NO.FB.128,ACH,PFNp,left,central
720575940612694568,FB.321,CX,FB.321,GLUT,FB2F_d,left,central
720575940612973096,FB.794,CX,FB.794,SER,hDeltaK,right,central
720575940631257647,FB.90,CX,FB.90,ACH,hDeltaL,left,central
720575940625850938,FB.114,CX,FB.114,ACH,hDeltaF,left,central
720575940631487047,EB.98,CX,EB.98,GABA,ER4d,left,central
720575940626063944,FB.721,CX,FB.721,ACH,FC1A,left,central
720575940623540813,FB.1155,CX,FB.1155,ACH,vDeltaA_b,left,central
720575940637057614,FB.575,CX,FB.575,GLUT,FB6R,right,central
720575940631372369,EB.143,CX,EB.143,ACH,PEN_b/PEN2,left,central
720575940637729370,FB.119,CX,FB.119,ACH,hDeltaL,right,central
720575940619215451,AOTU.FB.51,TuBu,AOTU.FB.51,ACH,TuBu03,left,central
720575940620657243,FB.335,CX,FB.335,GLUT,FB2I_a,left,central
720575940632994399,EB.274,CX,EB.274,GABA,ER3d,left,central
720575940627161700,EB.239,CX,EB.239,GABA,ER3d,right,central
720575940613005937,FB.617,CX,FB.617,ACH,FC2C,left,central
720575940610810482,FB.833,CX,FB.833,ACH,FC1A,left,central
720575940637303415,FB.109,CX,FB.109,ACH,hDeltaE,left,central
720575940626375305,FB.468,CX,FB.468,GLUT,FB5S,left,central
720575940635992718,FB.400,CX,FB.400,GLUT,CB4171,left,central
720575940613497490,NO.125,CX,NO.125,ACH,PFNm,left,central
720575940623131319,FB.755,CX,FB.755,ACH,vDeltaE,left,central
720575940637745853,FB.878,CX,FB.878,ACH,FC1C,right,central
720575940608434883,FB.748,CX,FB.748,GLUT,SAF,left,central
720575940615889638,FB.662,CX,FB.662,ACH,FC3,left,central
720575940621656815,NO.98,CX,NO.98,ACH,PFNm,left,central
720575940626408177,FB.441,CX,FB.441,GLUT,FB6Y,right,central
720575940643922724,FB.555,CX,FB.555,ACH,FC3,right,central
720575940617773865,FB.694,CX,FB.694,ACH,FC1C,left,central
720575940623590221,FB.611,CX,FB.611,ACH,hDeltaJ,right,central
720575940620919646,FB.165,CX,FB.165,GLUT,FB2B,left,central
720575940633305951,AOTU.FB.47,TuBu,AOTU.FB.47,ACH,TuBu03,left,central
720575940632716128,FB.734,CX,FB.734,ACH,vDeltaD,right,central
720575940610974577,LAL.116,unknown,LAL.116,ACH,LAL184,right,central
720575940627653502,CRE.FB.35,CX,CRE.FB.35,GLUT,FB4R,right,central
720575940619658111,EB.330,CX,EB.330,GABA,ER3d,right,central
720575940627669886,FB.972,CX,FB.972,unknown,vDeltaB,left,central
720575940627342211,FB.864,CX,FB.864,GLUT,FB8E,left,central
720575940621656966,AOTU.FB.48,TuBu,AOTU.FB.48,ACH,TuBu03,left,central
720575940625294217,FB.1224,CX,FB.1224,ACH,vDeltaM,right,central
720575940625703824,FB.183,CX,FB.183,GLUT,FB4P,left,central
720575940615463825,FB.298,CX,FB.298,ACH,FC2A,left,central
720575940613268370,FB.160,CX,FB.160,ACH,hDeltaI,right,central
720575940627145627,FB.1280,CX,FB.1280,ACH,vDeltaK,right,central
720575940635239342,NO.129,CX,NO.129,ACH,PFNm,right,central
720575940620428225,CRE.FB.3,CX,CRE.FB.3,GLUT,FB5V,left,central
720575940627424199,FB.596,CX,FB.596,GLUT,FB5P,left,central
720575940610237394,FB.859,CX,FB.859,GLUT,FB7M,left,central
720575940634076115,FB.709,CX,FB.709,GLUT,FB3B,left,central
720575940633437176,FB.51,CX,FB.51,ACH,hDeltaH,left,central
720575940627227654,SMP.FB.7,CX,SMP.FB.7,GLUT,FB6C,right,central
720575940625392650,FB.106,CX,FB.106,ACH,hDeltaF,left,central
720575940623066126,SLP.FB.16,CX,SLP.FB.16,GLUT,FB9C,left,central
720575940606436384,FB.538,CX,FB.538,GLUT,FB4Z,right,central
720575940624180263,EB.162,CX,EB.162,GABA,ER4d,left,central
720575940629079084,FB.1277,CX,FB.1277,unknown,FS2,right,central
720575940631372845,FB.1093,CX,FB.1093,ACH,vDeltaI_b,right,central
720575940633797677,FB.461,CX,FB.461,SER,PFGs,right,central
720575940614530098,FB.371,CX,FB.371,ACH,FC2B,right,central
720575940615283771,FB.1331,CX,FB.1331,ACH,vDeltaM,right,central
720575940616856645,FB.607,CX,FB.607,ACH,FC3,left,central
720575940619084891,SLP.FB.10,CX,SLP.FB.10,GLUT,FB8A,right,central
720575940608140380,FB.49,CX,FB.49,DA,FB4M,right,central
720575940636271706,FB.1313,CX,FB.1313,ACH,vDeltaM,right,central
720575940632880224,AOTU.BU.41,TuBu,AOTU.BU.41,ACH,TuBu09,right,central
720575940635223152,FB.556,CX,FB.556,GLUT,FB8I,left,central
720575940625556611,FB.532,CX,FB.532,ACH,vDeltaI_a,right,central
720575940626605211,FB.1028,CX,FB.1028,ACH,vDeltaB,right,central
720575940632372380,FB.716,CX,FB.716,ACH,vDeltaF,left,central
720575940638647459,FB.1143,CX,FB.1143,GLUT,SA1,right,central
720575940630979748,FB.953,CX,FB.953,ACH,vDeltaC,left,central
720575940624295096,FB.845,CX,FB.845,ACH,FC2B,left,central
720575940611974354,FB.1338,CX,FB.1338,ACH,FS3,right,central
720575940634338515,LAL.491,CX,LAL.491,unknown,FB4L,left,central
720575940613301471,NO.200,CX,NO.200,DA,PFNp,right,central
720575940614038751,FB.1111,CX,FB.1111,GLUT,SAF,right,central
720575940632339682,NO.FB.10,CX,NO.FB.10,ACH,PFNd,right,central
720575940635911396,FB.1235,CX,FB.1235,ACH,vDeltaM,right,central
720575940611679461,FB.1068,CX,FB.1068,ACH,vDeltaB,right,central
720575940627162344,FB.216,CX,FB.216,ACH,FC2B,left,central
720575940636779753,AOTU.CRE.27,TuBu,AOTU.CRE.27,ACH,TuBu03,left,central
720575940637238505,FB.123,CX,FB.123,ACH,hDeltaM,right,central
720575940634043640,FB.1166,CX,FB.1166,ACH,vDeltaJ,right,central
720575940629112060,FB.267,CX,FB.267,GLUT,FB5F,left,central
720575940623279357,FB.550,CX,FB.550,ACH,FC3,right,central
720575940627965187,FB.311,CX,FB.311,GLUT,FB2M,left,central
720575940606731529,FB.712,CX,FB.712,SER,hDeltaK,right,central
720575940612154664,FB.1084,CX,FB.1084,ACH,vDeltaL,right,central
720575940616824118,FB.27,CX,FB.27,GLUT,FB2D,right,central
720575940629947704,FB.SMP.9,CX,FB.SMP.9,ACH,FS2,right,central
720575940632732985,FB.58,CX,FB.58,GLUT,FB6D,left,central
720575940636730694,EB.39,CX,EB.39,ACH,EPG,right,central
720575940631831879,AOTU.FB.25,TuBu,AOTU.FB.25,ACH,TuBu03,right,central
720575940619707728,FB.181,CX,FB.181,GLUT,FB4J,left,central
720575940617921877,FB.771,CX,FB.771,ACH,FC1D,right,central
720575940614939990,FB.745,CX,FB.745,ACH,FC1A,left,central
720575940616103254,FB.772,CX,FB.772,SER,hDeltaK,left,central
720575940612334946,FB.723,CX,FB.723,DA,FB2I_a,right,central
720575940621231459,FB.849,CX,FB.849,ACH,vDeltaC,left,central
720575940628014441,SLP.FB.1,CX,SLP.FB.1,GLUT,FB7A,left,central
720575940627768698,FB.133,CX,FB.133,GLUT,FB6O,right,central
720575940626343305,FB.105,CX,FB.105,ACH,hDeltaE,left,central
720575940630111628,FB.1191,CX,FB.1191,GLUT,FB9B,left,central
720575940616005009,FB.380,CX,FB.380,GLUT,FB2M,right,central
720575940633519514,FB.577,CX,FB.577,ACH,FC2C,left,central
720575940642071968,NO.135,CX,NO.135,ACH,PFNm,right,central
720575940612760994,SMP.FB.20,CX,SMP.FB.20,GLUT,FB7A,right,central
720575940620346795,FB.6,CX,FB.6,ACH,FB1G,left,central
720575940623164856,FB.846,CX,FB.846,GLUT,SAF,right,central
720575940607862217,FB.518,CX,FB.518,unknown,FB6O,left,central
720575940612318673,FB.592,CX,FB.592,ACH,vDeltaG,right,central
720575940632651219,FB.52,CX,FB.52,ACH,hDeltaA,right,central
720575940629423580,FB.CRE.75,CX,FB.CRE.75,ACH,FS2,right,central
720575940614546911,FB.406,CX,FB.406,GLUT,FB5R,left,central
720575940618970606,FB.1136,CX,FB.1136,SER,vDeltaB,left,central
720575940627899900,FB.158,CX,FB.158,ACH,hDeltaB,left,central
720575940622296573,NO.FB.27,CX,NO.FB.27,ACH,PFNd,left,central
720575940615742977,NO.FB.93,CX,NO.FB.93,ACH,PFNp,right,central
720575940616545793,FB.28,CX,FB.28,GLUT,FB2D,right,central
720575940626327046,FB.SMP.112,CX,FB.SMP.112,GLUT,FB8F_b,left,central
720575940613793302,SLP.FB.17,CX,SLP.FB.17,GLUT,SA3,left,central
720575940626048540,AOTU.FB.20,TuBu,AOTU.FB.20,ACH,TuBu03,right,central
720575940630504991,FB.1095,CX,FB.1095,ACH,vDeltaL,left,central
720575940644808227,FB.929,CX,FB.929,ACH,FC1D,left,central
720575940644038180,FB.1057,CX,FB.1057,ACH,vDeltaK,left,central
720575940612122152,FB.910,CX,FB.910,GLUT,SA1,right,central
720575940612498984,AOTU.CRE.14,TuBu,AOTU.CRE.14,ACH,TuBu07,left,central
720575940628211244,FB.293,CX,FB.293,ACH,hDeltaC,left,central
720575940631520839,NO.64,CX,NO.64,ACH,PFNv,left,central
720575940624737869,NO.72,CX,NO.72,ACH,PFNv,left,central
720575940628194895,FB.1025,CX,FB.1025,ACH,FS2,right,central
720575940616267348,FB.1329,CX,FB.1329,ACH,vDeltaM,left,central
720575940615267933,FB.1260,CX,FB.1260,ACH,vDeltaM,left,central
720575940609648226,AOTU.FB.49,TuBu,AOTU.FB.49,ACH,TuBu09,left,central
720575940623902307,FB.867,CX,FB.867,GLUT,FB8E,right,central
720575940637681267,EB.173,CX,EB.173,GABA,ER3w,right,central
720575940627916410,FB.934,CX,FB.934,ACH,vDeltaI_a,left,central
720575940622132872,FB.207,CX,FB.207,GABA,FB6M,left,central
720575940628211340,NO.113,CX,NO.113,ACH,PFNp,right,central
720575940612892306,FB.1264,CX,FB.1264,GLUT,FB9B,left,central
720575940623738516,FB.1201,CX,FB.1201,ACH,vDeltaA_a,right,central
720575940612925078,FB.554,CX,FB.554,ACH,vDeltaF,left,central
720575940615612066,FB.42,CX,FB.42,unknown,FB4Y,right,central
720575940619085478,NO.5,CX,NO.5,ACH,PFNa,right,central
720575940627228328,FB.789,CX,FB.789,SER,hDeltaK,left,central
720575940610877098,FB.220,CX,FB.220,DA,PFR,left,central
720575940604110513,FB.130,CX,FB.130,ACH,hDeltaB,right,central
720575940620314304,FB.769,CX,FB.769,ACH,vDeltaF,right,central
720575940630800066,FB.494,CX,FB.494,unknown,FB5B,left,central
720575940626048711,FB.1038,CX,FB.1038,SER,vDeltaA_b,right,central
720575940622345933,FB.689,CX,FB.689,ACH,FC1A,left,central
720575940650362614,NO.241,CX,NO.241,DA,PFNp,right,central
720575940650510070,FB.24,CX,FB.24,GLUT,FB6A,right,central
720575940651558646,FB.633,CX,FB.633,GLUT,FB5S,left,central
720575940613711614,FB.758,CX,FB.758,GLUT,FB8E,right,central
720575940629112579,NO.FB.1,CX,NO.FB.1,unknown,FB4C,right,central
720575940613842700,FB.1112,CX,FB.1112,ACH,vDeltaM,right,central
720575940624082725,NO.FB.53,CX,NO.FB.53,ACH,PFNm,left,central
720575940630849325,FB.440,CX,FB.440,GLUT,FB6,right,central
720575940612286259,FB.362,CX,FB.362,GLUT,FB7D,right,central
720575940631619384,FB.83,CX,FB.83,ACH,hDeltaD,right,central
720575940630980409,SMP.FB.3,CX,SMP.FB.3,GLUT,FB6G,right,central
720575940629391179,FB.1096,CX,FB.1096,GLUT,FB9C,left,central
720575940618774352,NO.157,CX,NO.157,ACH,PFNm,left,central
720575940630898515,FB.1374,CX,FB.1374,ACH,vDeltaA_a,left,central
720575940615677780,FB.1083,CX,FB.1083,ACH,vDeltaK,right,central
720575940616218452,FB.661,CX,FB.661,ACH,vDeltaG,right,central
720575940620494708,FB.1106,CX,FB.1106,GLUT,FB2K,left,central
720575940625819535,AOTU.BU.13,TuBu,AOTU.BU.13,ACH,TuBu07,right,central
720575940633913239,FB.1019,CX,FB.1019,ACH,FC1D,right,central
720575940613760927,FB.1263,CX,FB.1263,ACH,vDeltaK,left,central
720575940604667825,NO.238,CX,NO.238,unknown,PFNp,left,central
720575940604798910,FB.780,CX,FB.780,GLUT,FB8G,left,central
720575940620789697,PB.FB.8,CX,PB.FB.8,ACH,PFNd,right,central
720575940612712401,NO.236,CX,NO.236,ACH,PFNp,left,central
720575940629506012,FB.111,CX,FB.111,ACH,hDeltaD,left,central
720575940610615269,NO.FB.40,CX,NO.FB.40,ACH,PFNm,right,central
720575940635666409,FB.1123,CX,FB.1123,ACH,vDeltaK,left,central
720575940624689130,FB.SMP.57,CX,FB.SMP.57,unknown,FS4A,right,central
720575940625721331,FB.715,CX,FB.715,unknown,hDeltaK,right,central
720575940650870774,FB.650,CX,FB.650,ACH,hDeltaJ,left,central
720575940652083190,FB.426,CX,FB.426,GLUT,FB8B,left,central
720575940631701499,CRE.FB.39,CX,CRE.FB.39,GLUT,FB2C,left,central
720575940627425276,CRE.FB.29,CX,CRE.FB.29,unknown,FB5P,right,central
720575940612892670,NO.FB.39,CX,NO.FB.39,ACH,PFNd,left,central
720575940626819088,FB.805,CX,FB.805,ACH,FC1A,right,central
720575940645464099,SMP.FB.5,CX,SMP.FB.5,unknown,FB6C,right,central
720575940629538858,FB.802,CX,FB.802,ACH,FC1C,right,central
720575940628031531,NO.91,CX,NO.91,ACH,PFNm,left,central
720575940630145071,SLP.FB.12,CX,SLP.FB.12,GLUT,FB9A,right,central
720575940637354047,FB.586,CX,FB.586,GLUT,FB3D,left,central
720575940629424202,FB.590,CX,FB.590,GLUT,FB8G,left,central
720575940606683228,FB.649,CX,FB.649,unknown,hDeltaJ,right,central
720575940615661661,NO.144,CX,NO.144,ACH,PFNp,right,central
720575940646135940,SLP.FB.2,CX,SLP.FB.2,GLUT,FB1D,right,central
720575940622870666,FB.307,CX,FB.307,SER,FC2A,right,central
720575940652886177,SMP.FB.36,CX,SMP.FB.36,GLUT,FB6T,right,central
720575940637862062,EB.77,CX,EB.77,GABA,ER2,left,central
720575940608370866,FB.243,CX,FB.243,ACH,hDeltaI,left,central
720575940627851458,FB.1196,CX,FB.1196,ACH,vDeltaM,right,central
720575940624836810,NO.73,CX,NO.73,ACH,PFNm,right,central
720575940619544779,FB.1,CX,FB.1,GABA,FB5A,right,central
720575940640008400,FB.428,CX,FB.428,GLUT,FB8C,left,central
720575940602783968,EB.310,CX,EB.310,GABA,ER3d,left,central
720575940621117684,FB.920,CX,FB.920,ACH,FC1D,left,central
720575940628621563,FB.341,CX,FB.341,GLUT,FB7K,right,central
720575940626196732,FB.202,CX,FB.202,GLUT,FB4O,right,central
720575940626180358,FB.610,CX,FB.610,ACH,vDeltaF,right,central
720575940627097862,CRE.FB.40,CX,CRE.FB.40,GLUT,FB2C,right,central
720575940629342479,FB.281,CX,FB.281,GLUT,FB5G,right,central
720575940624754981,FB.LAL.5,CX,FB.LAL.5,ACH,PFL2,left,central
720575940609648942,FB.994,CX,FB.994,GLUT,FB3B,left,central
720575940625541434,PB.FB.4,CX,PB.FB.4,ACH,PFNd,left,central
720575940623280457,FB.604,CX,FB.604,ACH,hDeltaA,left,central
720575940629801291,FB.SMP.41,CX,FB.SMP.41,ACH,FS3,right,central
720575940617644372,AOTU.FB.15,TuBu,AOTU.FB.15,ACH,TuBu04,right,central
720575940635568480,FB.980,CX,FB.980,GLUT,FB1B,left,central
720575940609370466,FB.948,CX,FB.948,ACH,FC1D,left,central
720575940629899628,FB.968,CX,FB.968,ACH,vDeltaA_a,right,central
720575940639598963,FB.1234,CX,FB.1234,SER,hDeltaJ,right,central
720575940647872889,NO.116,CX,NO.116,ACH,PFNm,left,central
720575940628883838,FB.1060,CX,FB.1060,GLUT,SA2,left,central
720575940620478847,NO.FB.37,CX,NO.FB.37,ACH,PFNm,right,central
720575940622461320,FB.386,CX,FB.386,GLUT,FB7J,right,central
720575940625131913,NO.FB.50,CX,NO.FB.50,ACH,PFNp,right,central
720575940626753935,SMP.FB.14,CX,SMP.FB.14,unknown,FB6C,left,central
720575940621216169,SMP.FB.29,CX,SMP.FB.29,GLUT,FB5G,left,central
720575940619200960,FB.208,CX,FB.208,GLUT,FB2B_b,left,central
720575940627900871,CRE.FB.21,CX,CRE.FB.21,GLUT,FB5V,left,central
720575940628720079,FB.1024,CX,FB.1024,ACH,FC1D,right,central
720575940634192339,FB.1355,CX,FB.1355,GLUT,FB4E,left,central
720575940608207317,FB.231,CX,FB.231,GLUT,FB2H_b,right,central
720575940602800608,FB.1214,CX,FB.1214,unknown,vDeltaM,left,central
720575940621838826,FB.657,CX,FB.657,ACH,hDeltaJ,left,central
720575940622051818,FB.SMP.14,CX,FB.SMP.14,ACH,FS2,right,central
720575940628802041,EB.22,CX,EB.22,ACH,EPG,left,central
720575940627212806,SMP.FB.28,CX,SMP.FB.28,GLUT,FB2F_c,right,central
720575940627048976,FB.1097,CX,FB.1097,ACH,vDeltaL,left,central
720575940630735378,FB.1125,CX,FB.1125,ACH,vDeltaM,right,central
720575940626541075,FB.1281,CX,FB.1281,ACH,vDeltaA_a,right,central
720575940621019674,FB.81,CX,FB.81,ACH,hDeltaE,right,central
720575940627786270,FB.163,CX,FB.163,unknown,FC2A,right,central
720575940614154786,FB.223,CX,FB.223,ACH,hDeltaC,left,central
720575940629113388,FB.180,CX,FB.180,ACH,hDeltaB,left,central
720575940639861301,LAL.FB.4,CX,LAL.FB.4,unknown,FB3A,right,central
720575940636322367,FB.1312,CX,FB.1312,ACH,vDeltaA_a,left,central
720575940625951321,NO.FB.52,CX,NO.FB.52,ACH,PFNm,right,central
720575940635814512,NO.78,CX,NO.78,ACH,PFNm,right,central
720575940638124656,FB.381,CX,FB.381,GLUT,FB6K,left,central
720575940610894450,FB.78,CX,FB.78,ACH,hDeltaA,left,central
720575940617497211,FB.SMP.96,CX,FB.SMP.96,unknown,FS4A,left,central
720575940622559882,FB.1205,CX,FB.1205,ACH,vDeltaL,right,central
720575940625787536,FB.35,CX,FB.35,unknown,FB5H,left,central
720575940615645841,FB.1330,CX,FB.1330,ACH,vDeltaJ,left,central
720575940614515398,FB.495,CX,FB.495,ACH,FC3,right,central
720575940625328842,SLP.FB.15,CX,SLP.FB.15,GLUT,FB8A,right,central
720575940638845648,NO.128,CX,NO.128,ACH,PFNp,right,central
720575940639812304,FB.997,CX,FB.997,unknown,vDeltaC,left,central
720575940634258131,FB.988,CX,FB.988,unknown,FB5R,right,central
720575940618463960,FB.529,CX,FB.529,ACH,FC2B,left,central
720575940633815800,NO.FB.117,CX,NO.FB.117,ACH,PFNp,right,central
720575940621347583,FB.415,CX,FB.415,ACH,hDeltaC,right,central
720575940616956673,FB.219,CX,FB.219,ACH,FC2A,left,central
720575940613958412,NO.77,CX,NO.77,ACH,PFNm,left,central
720575940627426069,FB.737,CX,FB.737,ACH,FC1A,right,central
720575940622805798,FB.1301,CX,FB.1301,ACH,vDeltaM,right,central
720575940628523819,FB.206,CX,FB.206,GLUT,FB2H_a,left,central
720575940625378121,FB.724,CX,FB.724,GLUT,FB7C,right,central
720575940637567822,AOTU.FB.6,TuBu,AOTU.FB.6,ACH,TuBu07,right,central
720575940633242449,FB.601,CX,FB.601,GLUT,FB4Z,left,central
720575940623199070,FB.182,CX,FB.182,DA,FB1C,right,central
720575940615973771,NO.33,CX,NO.33,ACH,PFNv,left,central
720575940622609299,EB.134,CX,EB.134,GABA,ER4d,left,central
720575940611468185,FB.944,CX,FB.944,ACH,vDeltaA_a,left,central
720575940616842141,NO.60,CX,NO.60,ACH,PFNm,right,central
720575940653018017,FB.963,CX,FB.963,ACH,FS1A,right,central
720575940623084471,FB.370,CX,FB.370,unknown,PFGs,left,central
720575940619234241,FB.1040,CX,FB.1040,GLUT,SA2,left,central
720575940627852226,FB.1240,CX,FB.1240,ACH,vDeltaK,right,central
720575940630293445,SLP.533,CX,SLP.533,GLUT,FB8F_b,right,central
720575940620020694,EB.51,CX,EB.51,ACH,EPG,right,central
720575940629343196,FB.1126,CX,FB.1126,ACH,vDeltaA_a,left,central
720575940620872669,EB.157,CX,EB.157,GABA,ER2,left,central
720575940614073315,EB.271,CX,EB.271,GABA,ER3d,right,central
720575940610665445,FB.631,CX,FB.631,ACH,FC3,right,central
720575940623018983,FB.527,CX,FB.527,unknown,FB4E,right,central
720575940622986219,PB.FB.2,CX,PB.FB.2,ACH,PFNd,left,central
720575940619578352,FB.1134,CX,FB.1134,ACH,FC3,right,central
720575940615711745,FB.1110,CX,FB.1110,ACH,vDeltaL,left,central
720575940616973313,FB.489,CX,FB.489,GLUT,FB5S,right,central
720575940615023628,FB.1393,CX,FB.1393,unknown,vDeltaL,left,central
720575940632423442,FB.939,CX,FB.939,unknown,vDeltaC,right,central
720575940620282906,EB.30,CX,EB.30,ACH,EPG,left,central
720575940629703722,FB.685,CX,FB.685,ACH,vDeltaE,left,central
720575940626721835,EB.61,CX,EB.61,ACH,EPG,right,central
720575940645448756,FB.1271,CX,FB.1271,SER,hDeltaJ,right,central
720575940630539335,FB.652,CX,FB.652,GLUT,FB2C,left,central
720575940628802632,FB.1105,CX,FB.1105,ACH,vDeltaA_a,left,central
720575940618742864,NO.FB.135,CX,NO.FB.135,ACH,PFNp,right,central
720575940631620689,FB.785,CX,FB.785,SER,hDeltaK,left,central
720575940624280676,NO.83,CX,NO.83,ACH,PFNm,right,central
720575940612942998,AOTU.FB.19,TuBu,AOTU.FB.19,ACH,TuBu04,right,central
720575940613762207,FB.630,CX,FB.630,ACH,vDeltaG,right,central
720575940615285919,FB.141,CX,FB.141,GLUT,FB5C,left,central
720575940642860192,FB.523,CX,FB.523,GLUT,FB4Z,right,central
720575940633013412,FB.104,CX,FB.104,ACH,hDeltaL,right,central
720575940619087013,NO.110,CX,NO.110,ACH,PFNm,left,central
720575940619906219,FB.809,CX,FB.809,ACH,vDeltaA_a,left,central
720575940622265525,FB.1078,CX,FB.1078,ACH,vDeltaK,right,central
720575940618153153,NO.65,CX,NO.65,ACH,PFNm,left,central
720575940627377346,FB.1152,CX,FB.1152,ACH,vDeltaL,right,central
720575940624215245,FB.260,CX,FB.260,ACH,hDeltaC,right,central
720575940622462173,FB.19,CX,FB.19,GLUT,FB4X,left,central
720575940634701025,FB.82,CX,FB.82,unknown,FB3A,left,central
720575940612599013,FB.408,CX,FB.408,GLUT,FB4F_a,right,central
720575940625902823,FB.268,CX,FB.268,unknown,PFGs,right,central
720575940636191977,FB.651,CX,FB.651,ACH,vDeltaG,right,central
720575940622200042,FB.1173,CX,FB.1173,ACH,vDeltaM,right,central
720575940620004590,FB.1206,CX,FB.1206,ACH,vDeltaA_b,left,central
720575940619578608,FB.598,CX,FB.598,ACH,FC2B,right,central
720575940627934449,PB.81,CX,PB.81,unknown,PFNd,left,central
720575940639468789,FB.584,CX,FB.584,ACH,hDeltaJ,right,central
720575940627901687,FB.788,CX,FB.788,ACH,FC2C,right,central
720575940627082500,FB.147,CX,FB.147,GLUT,FB5C,right,central
720575940607290633,NO.126,CX,NO.126,ACH,PFNm,right,central
720575940622085389,FB.1303,CX,FB.1303,unknown,FB9B,right,central
720575940611419414,FB.1042,CX,FB.1042,ACH,FC1C,right,central
720575940632259865,FB.898,CX,FB.898,ACH,FC2C,left,central
720575940633537823,FB.823,CX,FB.823,GLUT,FB8G,left,central
720575940645203235,FB.SMP.12,CX,FB.SMP.12,ACH,FS3,left,central
720575940645448995,NO.121,CX,NO.121,ACH,PFNp,right,central
720575940630736170,FB.1000,CX,FB.1000,GLUT,FB8D,left,central
720575940616891698,EB.307,CX,EB.307,GABA,ER3d,left,central
720575940628458812,FB.718,CX,FB.718,ACH,vDeltaF,right,central
720575940637519165,FB.SMP.50,CX,FB.SMP.50,ACH,FS4A,left,central
720575940611091780,FB.417,CX,FB.417,ACH,hDeltaI,left,central
720575940637994328,FB.1071,CX,FB.1071,ACH,vDeltaI_b,right,central
720575940625821017,NO.118,CX,NO.118,ACH,PFNa,right,central
720575940615957853,FB.1041,CX,FB.1041,ACH,vDeltaC,right,central
720575940603964774,EB.287,CX,EB.287,GABA,ER4d,right,central
720575940625968515,FB.526,CX,FB.526,GLUT,FB5R,left,central
720575940610682261,NO.115,CX,NO.115,ACH,PFNm,right,central
720575940613090710,AOTU.FB.16,TuBu,AOTU.FB.16,ACH,TuBu04,right,central
720575940633423255,NO.FB.67,CX,NO.FB.67,ACH,PFNp,left,central
720575940625395096,FB.1002,CX,FB.1002,ACH,FC1A,left,central
720575940613729695,FB.1013,CX,FB.1013,ACH,FC1C,left,central
720575940613434786,NO.101,CX,NO.101,ACH,PFNm,right,central
720575940618956198,FB.1160,CX,FB.1160,ACH,vDeltaK,left,central
720575940607339971,FB.1341,CX,FB.1341,ACH,vDeltaL,left,central
720575940624608714,NO.221,CX,NO.221,unknown,PFNp,right,central
720575940616728038,FB.146,CX,FB.146,ACH,hDeltaB,left,central
720575940611550701,FB.1291,CX,FB.1291,unknown,SA1,right,central
720575940612107762,FB.411,CX,FB.411,GLUT,FB5N,right,central
720575940628819447,NO.FB.71,CX,NO.FB.71,ACH,PFNp,left,central
720575940634062328,FB.820,CX,FB.820,GLUT,SAF,left,central
720575940629196283,FB.882,CX,FB.882,ACH,FC1A,right,central
720575940613959180,FB.926,CX,FB.926,ACH,FC3,left,central
720575940623855117,FB.149,CX,FB.149,GLUT,FB5C,right,central
720575940629999119,NO.75,CX,NO.75,ACH,PFNv,right,central
720575940627557909,FB.334,CX,FB.334,GLUT,FB5X,left,central
720575940631621145,FB.SMP.70,CX,FB.SMP.70,ACH,FS3,left,central
720575940616826409,FB.853,CX,FB.853,ACH,FC3,right,central
720575940628164140,FB.765,CX,FB.765,GLUT,FB2C,right,central
720575940638305853,FB.965,CX,FB.965,GLUT,FB8A,right,central
720575940620267073,NO.136,CX,NO.136,ACH,PFNp,right,central
720575940615220802,NO.56,CX,NO.56,ACH,PFNv,left,central
720575940632424011,FB.565,CX,FB.565,GLUT,FB5R,left,central
720575940632718944,FB.667,CX,FB.667,SER,hDeltaK,right,central
720575940633177696,FB.SMP.4,CX,FB.SMP.4,GLUT,FB8F_a,left,central
720575940621512291,FB.658,CX,FB.658,ACH,FC1A,left,central
720575940622069347,FB.541,CX,FB.541,ACH,FS1A,right,central
720575940625493604,FB.CRE.15,CX,FB.CRE.15,ACH,FC1C,left,central
720575940627426919,FB.840,CX,FB.840,ACH,FS2,left,central
720575940631080552,FB.821,CX,FB.821,ACH,FC1A,right,central
720575940614336106,FB.629,CX,FB.629,ACH,FC3,left,central
720575940647317113,AOTU.FB.50,TuBu,AOTU.FB.50,ACH,TuBu09,left,central
720575940625968792,FB.463,CX,FB.463,DA,PFGs,right,central
720575940616072861,FB.1350,CX,FB.1350,ACH,vDeltaM,left,central
720575940642877088,EB.148,CX,EB.148,GABA,ER4d,right,central
720575940633620132,EB.FB.2,CX,EB.FB.2,GLUT,ExR5,left,central
720575940637912739,FB.819,CX,FB.819,ACH,FC3,left,central
720575940610453162,PB.EB.3,CX,PB.EB.3,ACH,PEG,right,central
720575940605554354,FB.583,CX,FB.583,unknown,FB2I_a,right,central
720575940643745480,FB.288,CX,FB.288,GLUT,FB4I,left,central
720575940640698064,FB.996,CX,FB.996,ACH,vDeltaK,left,central
720575940615712468,FB.1307,CX,FB.1307,ACH,vDeltaA_a,right,central
720575940616040148,FB.437,CX,FB.437,unknown,PFGs,left,central
720575940638027497,FB.18,CX,FB.18,GLUT,FB4N,left,central
720575940612599533,FB.510,CX,FB.510,GLUT,FB2F_b,left,central
720575940612615917,FB.315,CX,FB.315,GLUT,FB2J_a,right,central
720575940610813682,FB.894,CX,FB.894,ACH,vDeltaD,right,central
720575940653346550,FB.450,CX,FB.450,unknown,PFGs,left,central
720575940628999929,FB.753,CX,FB.753,ACH,FC3,left,central
720575940622184189,FB.1174,CX,FB.1174,ACH,vDeltaM,left,central
720575940612828926,FB.1290,CX,FB.1290,ACH,vDeltaL,right,central
720575940628967168,CRE.FB.28,CX,CRE.FB.28,GLUT,FB5Z,right,central
720575940624576258,FB.1248,CX,FB.1248,ACH,vDeltaK,left,central
720575940629720848,EB.137,CX,EB.137,GABA,ER4d,right,central
720575940627033875,FB.375,CX,FB.375,GLUT,PFGs,left,central
720575940643221271,NO.107,CX,NO.107,ACH,PFNm,right,central
720575940632669977,NO.FB.8,CX,NO.FB.8,ACH,PFNa,left,central
720575940619104027,FB.490,CX,FB.490,GLUT,FB4L,left,central
720575940603932448,FB.157,CX,FB.157,ACH,hDeltaB,left,central
720575940624346917,AOTU.FB.31,TuBu,AOTU.FB.31,ACH,TuBu07,right,central
720575940623904551,FB.320,CX,FB.320,DA,PFR,left,central
720575940633227055,FB.1323,CX,FB.1323,GLUT,FB9C,right,central
720575940632735545,FB.378,CX,FB.378,GLUT,FB5G,left,central
720575940625346362,FB.1171,CX,FB.1171,ACH,vDeltaL,right,central
720575940616204091,FB.728,CX,FB.728,ACH,vDeltaI_a,left,central
720575940638076733,NO.7,CX,NO.7,ACH,PFNa,left,central
720575940616400704,FB.727,CX,FB.727,GLUT,SA1,right,central
720575940625952584,FB.1170,CX,FB.1170,GLUT,FB9B,right,central
720575940631572305,FB.302,CX,FB.302,GLUT,FB5W,right,central
720575940619972446,FB.1286,CX,FB.1286,ACH,vDeltaA_a,left,central
720575940632735584,FB.353,CX,FB.353,GLUT,FB7L,right,central
720575940606734182,FB.218,CX,FB.218,GLUT,FB5O,left,central
720575940648742777,FB.439,CX,FB.439,unknown,FB4E,left,central
720575940638846848,NO.246,CX,NO.246,DA,PFNp,left,central
720575940641173376,FB.403,CX,FB.403,GLUT,PFGs,right,central
720575940618710918,NO.151,CX,NO.151,ACH,PFNp,left,central
720575940622331786,NO.FB.79,CX,NO.FB.79,ACH,PFNp,right,central
720575940630278028,NO.79,CX,NO.79,ACH,PFNm,left,central
720575940612861842,NO.38,CX,NO.38,ACH,PFNa,left,central
720575940618317726,FB.1258,CX,FB.1258,ACH,vDeltaL,left,central
720575940644745120,SAD.FB.2,unknown,SAD.FB.2,OCT,OA-VPM3,left,central
720575940625969064,FB.974,CX,FB.974,ACH,FC3,left,central
720575940606734258,NO.282,CX,NO.282,unknown,PFNp,right,central
720575940634046399,FB.837,CX,FB.837,SER,hDeltaK,right,central
720575940608208835,FB.37,CX,FB.37,ACH,hDeltaG,right,central
720575940630179781,FB.222,CX,FB.222,GLUT,FB2B_b,left,central
720575940630769612,FB.1073,CX,FB.1073,ACH,vDeltaB,right,central
720575940631785441,FB.253,CX,FB.253,ACH,hDeltaI,left,central
720575940623298535,SLP.1009,CX,SLP.1009,GLUT,FB8F_b,left,central
720575940637224937,FB.366,CX,FB.366,GLUT,FB2J_a,right,central
720575940618694638,FB.361,CX,FB.361,ACH,hDeltaC,right,central
720575940618792942,FB.337,CX,FB.337,ACH,FC2A,right,central
720575940610355186,FB.1340,CX,FB.1340,ACH,vDeltaA_a,left,central
720575940620365812,FB.1390,CX,FB.1390,unknown,vDeltaM,right,central
720575940628639735,FB.1075,CX,FB.1075,ACH,FC1C,left,central
720575940628705271,FB.356,CX,FB.356,DA,FB2A,left,central
720575940617187329,EB.334,CX,EB.334,GABA,ER3d,right,central
720575940607864841,FB.749,CX,FB.749,GLUT,FB3B,right,central
720575940629229586,FB.900,CX,FB.900,GLUT,FB1A,left,central
720575940624166949,FB.625,CX,FB.625,ACH,vDeltaF,left,central
720575940614123570,NO.FB.62,CX,NO.FB.62,ACH,PFNp,left,central
720575940630982712,SMP.FB.38,CX,SMP.FB.38,GLUT,FB6T,left,central
720575940631638073,FB.759,CX,FB.759,GLUT,FB2C,right,central
720575940630556743,FB.493,CX,FB.493,ACH,hDeltaJ,right,central
720575940621709388,FB.48,CX,FB.48,ACH,hDeltaH,right,central
720575940629606475,FB.LAL.37,CX,FB.LAL.37,ACH,PFL1,right,central
720575940638060632,PB.FB.5,CX,PB.FB.5,ACH,PFNd,left,central
720575940610306146,FB.983,CX,FB.983,GLUT,FB3B,left,central
720575940633391211,FB.1314,CX,FB.1314,ACH,vDeltaM,right,central
720575940634488939,FB.698,CX,FB.698,GLUT,FB4A,left,central
720575940611453041,FB.1032,CX,FB.1032,unknown,FC1A,right,central
720575940637503603,FB.1188,CX,FB.1188,GLUT,FB8D,right,central
720575940614926475,EB.59,CX,EB.59,ACH,EPG,left,central
720575940627296396,FB.1344,CX,FB.1344,ACH,vDeltaK,left,central
720575940641239181,FB.681,CX,FB.681,SER,hDeltaK,left,central
720575940634996878,AOTU.FB.24,TuBu,AOTU.FB.24,ACH,TuBu09,right,central
720575940627640475,AOTU.FB.30,TuBu,AOTU.FB.30,ACH,TuBu04,left,central
720575940603048108,FB.363,CX,FB.363,ACH,hDeltaI,right,central
720575940636143796,FB.1089,CX,FB.1089,unknown,vDeltaB,left,central
720575940617236667,FB.475,CX,FB.475,DA,PFGs,left,central
720575940604833982,FB.1164,CX,FB.1164,ACH,vDeltaM,left,central
720575940607848649,FB.SMP.5,CX,FB.SMP.5,ACH,FS2,right,central
720575940609175758,NO.202,CX,NO.202,DA,PFNp,left,central
720575940609716430,AOTU.BU.45,TuBu,AOTU.BU.45,ACH,TuBu09,left,central
720575940623233259,NO.20,CX,NO.20,ACH,PFNa,right,central
720575940618744047,FB.613,CX,FB.613,ACH,hDeltaJ,right,central
720575940627460337,FB.653,CX,FB.653,ACH,vDeltaF,left,central
720575940630900983,FB.923,CX,FB.923,GLUT,FB8G,left,central
720575940626166012,FB.1322,CX,FB.1322,ACH,vDeltaK,left,central
720575940622184701,FB.1049,CX,FB.1049,ACH,vDeltaJ,left,central
720575940628377856,FB.MB_ML.1,CX,FB.MB_ML.1,SER,PFR,left,central
720575940624560392,FB.688,CX,FB.688,unknown,FB4J,right,central
720575940644188439,FB.427,CX,FB.427,unknown,FB4K,right,central
720575940620202266,FB.LAL.26,CX,FB.LAL.26,ACH,PFL3,left,central
720575940635586851,NO.97,CX,NO.97,ACH,PFNm,right,central
720575940622610726,FB.626,CX,FB.626,unknown,FB4Z,left,central
720575940612272424,FB.LAL.46,CX,FB.LAL.46,ACH,PFL1,left,central
720575940619006272,EB.355,CX,EB.355,ACH,EPG,right,central
720575940622709065,FB.990,CX,FB.990,ACH,FC1D,right,central
720575940618858837,NO.FB.6,CX,NO.FB.6,ACH,PFNa,left,central
720575940620841310,FB.61,CX,FB.61,ACH,hDeltaG,right,central
720575940634308959,FB.576,CX,FB.576,unknown,FB5B,right,central
720575940636455280,EB.FB.1,CX,EB.FB.1,GLUT,ExR5,left,central
720575940619891060,FB.957,CX,FB.957,ACH,FC1D,right,central
720575940627935610,FB.430,CX,FB.430,DA,PFR,left,central
720575940639404416,FB.59,CX,FB.59,ACH,hDeltaA,right,central
720575940628165019,FB.137,CX,FB.137,GLUT,FB6G,left,central
720575940629000603,FB.244,CX,FB.244,GLUT,FB4O,left,central
720575940635095452,FB.143,CX,FB.143,ACH,hDeltaM,left,central
720575940613550495,FB.225,CX,FB.225,GLUT,FB1I,right,central
720575940613403042,NO.232,CX,NO.232,DA,PFNp,left,central
720575940622217654,FB.473,CX,FB.473,unknown,PFGs,right,central
720575940629213639,EB.139,CX,EB.139,GABA,ER4d,right,central
720575940637487593,EB.108,CX,EB.108,GABA,ER2,right,central
720575940623217132,FB.300,CX,FB.300,GLUT,FB7L,left,central
720575940613714430,NO.FB.24,CX,NO.FB.24,ACH,PFNd,right,central
720575940614615557,FB.672,CX,FB.672,ACH,vDeltaG,right,central
720575940622873095,SLP.FB.8,CX,SLP.FB.8,GLUT,FB8F_b,left,central
720575940622905869,FB.1203,CX,FB.1203,ACH,vDeltaM,left,central
720575940617433627,SMP.FB.4,CX,SMP.FB.4,unknown,FB6C,left,central
720575940639961653,AOTU.FB.54,unknown,AOTU.FB.54,unknown,AOTU046,left,central
720575940627264062,SMP.FB.1,CX,SMP.FB.1,DA,ExR3,right,central
720575940632212039,FB.10,CX,FB.10,ACH,FB5AB,left,central
720575940622856781,FB.1204,CX,FB.1204,ACH,vDeltaM,left,central
720575940637487694,FB.1297,CX,FB.1297,ACH,vDeltaL,left,central
720575940630671953,FB.161,CX,FB.161,unknown,FB7H,right,central
720575940625805906,AOTU.FB.27,TuBu,AOTU.FB.27,ACH,TuBu03,left,central
720575940634407520,FB.200,CX,FB.200,SER,FB4Y,right,central
720575940614337130,FB.695,CX,FB.695,GLUT,SAF,right,central
720575940636914287,FB.761,CX,FB.761,SER,hDeltaK,right,central
720575940621496956,NO.99,CX,NO.99,ACH,PFNm,right,central
720575940639322752,FB.221,CX,FB.221,GLUT,FB5J,right,central
720575940658852481,NO.189,CX,NO.189,unknown,PFNp,left,central
720575940629983884,FB.1074,CX,FB.1074,unknown,vDeltaI_a,right,central
720575940632769175,FB.496,CX,FB.496,GLUT,FB6R,left,central
720575940634145436,FB.142,CX,FB.142,GLUT,FB4P_a,right,central
720575940611912362,FB.1360,CX,FB.1360,GLUT,FB9B,left,central
720575940630786733,NO.251,CX,NO.251,DA,PFNp,left,central
720575940630852300,FB.1124,CX,FB.1124,ACH,vDeltaM,left,central
720575940622234326,FB.LAL.24,CX,FB.LAL.24,ACH,PFL3,left,central
720575940616221401,FB.1306,CX,FB.1306,unknown,PFNm,left,central
720575940636996324,SMP.FB.33,CX,SMP.FB.33,GLUT,FB8F_a,left,central
720575940627526376,FB.1415,CX,FB.1415,unknown,vDeltaL,right,central
720575940634489592,FB.733,CX,FB.733,ACH,FC2C,left,central
720575940619989765,FB.1008,CX,FB.1008,ACH,FC1A,left,central
720575940626526986,SLP.FB.13,CX,SLP.FB.13,GLUT,FB9A,left,central
720575940630819599,FB.215,CX,FB.215,GLUT,FB2H_a,right,central
720575940621202200,NO.74,CX,NO.74,ACH,PFNv,right,central
720575940616205083,EB.293,CX,EB.293,GABA,ER3d,right,central
720575940624773916,FB.1247,CX,FB.1247,unknown,FB9B,right,central
720575940615877410,FB.1180,CX,FB.1180,ACH,vDeltaK,right,central
720575940644614947,FB.1383,CX,FB.1383,GLUT,FB9B,right,central
720575940609913646,FB.582,CX,FB.582,GLUT,FB1E,right,central
720575940630590255,FB.89,CX,FB.89,ACH,hDeltaL,left,central
720575940624282430,FB.705,CX,FB.705,ACH,FC1A,left,central
720575940622136129,FB.848,CX,FB.848,unknown,hDeltaK,right,central
720575940629836611,FB.881,CX,FB.881,GLUT,SA1,right,central
720575940626510666,FB.602,CX,FB.602,ACH,FC1A,right,central
720575940626314061,FB.609,CX,FB.609,DA,FB2A,right,central
720575940618236752,FB.1081,CX,FB.1081,ACH,vDeltaA_a,left,central
720575940620317564,CRE.FB.27,CX,CRE.FB.27,GLUT,FB4R,right,central
720575940620350332,FB.976,CX,FB.976,ACH,vDeltaB,right,central
720575940629902206,EB.18,CX,EB.18,GABA,EL,right,central
720575940624135060,EB.353,CX,EB.353,unknown,ER3d,left,central
720575940632720279,FB.325,CX,FB.325,ACH,hDeltaI,left,central
720575940613829535,FB.LAL.42,CX,FB.LAL.42,ACH,PFL1,right,central
720575940612862882,NO.FB.84,CX,NO.FB.84,ACH,PFNp,left,central
720575940612895650,FB.328,CX,FB.328,ACH,hDeltaI,right,central
720575940624364474,FB.1061,CX,FB.1061,unknown,vDeltaA_b,left,central
720575940634309565,FB.1220,CX,FB.1220,ACH,vDeltaL,right,central
720575940632736703,EB.170,CX,EB.170,ACH,PEN_a/PEN1,right,central
720575940641715144,FB.876,CX,FB.876,unknown,vDeltaI_a,left,central
720575940624331722,FB.CRE.36,CX,FB.CRE.36,ACH,FS3,left,central
720575940623430621,FB.LAL.15,CX,FB.LAL.15,ACH,PFL3,left,central
720575940610634725,FB.675,CX,FB.675,ACH,FC2C,left,central
720575940626609128,FB.766,CX,FB.766,ACH,vDeltaI_a,right,central
720575940618875886,FB.1207,CX,FB.1207,ACH,vDeltaA_b,left,central
720575940618679280,FB.1080,CX,FB.1080,ACH,vDeltaA_a,right,central
720575940653347830,FB.478,CX,FB.478,SER,PFGs,left,central
720575940628083712,FB.1129,CX,FB.1129,ACH,vDeltaM,right,central
720575940628050950,FB.16,CX,FB.16,DA,FB1H,left,central
720575940624135205,FB.1250,CX,FB.1250,ACH,vDeltaJ,left,central
720575940624167973,FB.1225,CX,FB.1225,ACH,vDeltaJ,right,central
720575940623004711,FB.126,CX,FB.126,ACH,hDeltaF,left,central
720575940611568686,FB.1255,CX,FB.1255,GLUT,FB8D,left,central
720575940624888880,FB.84,CX,FB.84,ACH,hDeltaL,right,central
720575940612109363,FB.1267,CX,FB.1267,ACH,vDeltaL,left,central
720575940637242421,FB.392,CX,FB.392,GLUT,FB7K,right,central
720575940616811584,FB.726,CX,FB.726,GLUT,FB8G,right,central
720575940608242756,FB.1054,CX,FB.1054,ACH,FC1C,right,central
720575940627723338,FB.476,CX,FB.476,GLUT,FB7G,left,central
720575940630410321,NO.173,CX,NO.173,DA,PFNp,left,central
720575940625609810,FB.1246,CX,FB.1246,ACH,vDeltaM,right,central
720575940608783452,FB.47,CX,FB.47,GLUT,FB5I,left,central
720575940630541416,FB.866,CX,FB.866,ACH,FC1C,right,central
720575940634244207,NO.192,CX,NO.192,ACH,PFNp,right,central
720575940610716786,FB.1115,CX,FB.1115,GLUT,SA2,left,central
720575940640257152,FB.1058,CX,FB.1058,ACH,FC1C,right,central
720575940627543171,FB.958,CX,FB.958,ACH,FC1D,left,central
720575940641567885,FB.680,CX,FB.680,SER,hDeltaK,left,central
720575940623889552,FB.580,CX,FB.580,ACH,FC1A,right,central
720575940616287377,NO.229,CX,NO.229,unknown,PFNp,left,central
720575940617155742,FB.569,CX,FB.569,GLUT,FB5Z,left,central
720575940631983277,FB.275,CX,FB.275,ACH,hDeltaC,left,central
720575940632097965,FB.290,CX,FB.290,ACH,hDeltaI,left,central
720575940623807672,FB.85,CX,FB.85,DA,FB4M,left,central
720575940623299772,FB.1101,CX,FB.1101,unknown,vDeltaI_b,right,central
720575940624905404,FB.140,CX,FB.140,ACH,hDeltaI,left,central
720575940604064958,FB.962,CX,FB.962,ACH,FC2C,left,central
720575940622841037,CRE.FB.12,CX,CRE.FB.12,GLUT,FB5Q,right,central
720575940639978704,FB.1186,CX,FB.1186,ACH,FS3,right,central
720575940614026449,FB.25,CX,FB.25,GLUT,FB2D,left,central
720575940617073876,FB.1404,CX,FB.1404,SER,hDeltaJ,left,central
720575940620776662,PB.34,CX,PB.34,ACH,EPGt,right,central
720575940615484633,FB.1289,CX,FB.1289,ACH,vDeltaM,right,central
720575940603409632,NO.239,CX,NO.239,DA,PFNp,left,central
720575940634752225,FB.1006,CX,FB.1006,ACH,vDeltaA_a,right,central
720575940637455593,FB.434,CX,FB.434,GLUT,FB6L,right,central
720575940621595888,FB.29,CX,FB.29,unknown,FB4Y,left,central
720575940626216177,FB.1345,CX,FB.1345,ACH,vDeltaK,left,central
720575940629345527,SMP.1178,CX,SMP.1178,GLUT,FB7F,right,central
720575940628493572,EB.23,CX,EB.23,ACH,EPG,right,central
720575940626363654,EB.158,CX,EB.158,GABA,ER3w,right,central
720575940624102670,FB.217,CX,FB.217,unknown,FB4D,right,central
720575940626658577,FB.497,CX,FB.497,GLUT,FB6,right,central
720575940631508255,FB.88,CX,FB.88,ACH,hDeltaH,left,central
720575940645057828,EB.107,CX,EB.107,ACH,ExR7,right,central
720575940616828201,FB.940,CX,FB.940,ACH,FC3,right,central
720575940631049519,NO.FB.30,CX,NO.FB.30,ACH,PFNd,left,central
720575940630050105,NO.FB.51,CX,NO.FB.51,ACH,PFNm,right,central
720575940614174018,FB.909,CX,FB.909,GLUT,FB4A,right,central
720575940633228615,AOTU.FB.8,TuBu,AOTU.FB.8,ACH,TuBu07,right,central
720575940620203340,FB.259,CX,FB.259,GLUT,FB7G,left,central
720575940625511762,EB.110,CX,EB.110,GABA,ER4d,right,central
720575940637898072,FB.782,CX,FB.782,ACH,FC1D,right,central
720575940633982303,FB.621,CX,FB.621,ACH,FC2C,left,central
720575940620760429,FB.486,CX,FB.486,GLUT,FB5X,right,central
720575940620629364,FB.1228,CX,FB.1228,ACH,vDeltaL,right,central
720575940658902401,FB.618,CX,FB.618,GLUT,FB4A,right,central
720575940640241037,FB.1217,CX,FB.1217,ACH,vDeltaM,right,central
720575940613338521,EB.238,CX,EB.238,GABA,ER3d,left,central
720575940613682602,FB.992,CX,FB.992,ACH,vDeltaD,left,central
720575940623807932,FB.1003,CX,FB.1003,ACH,FC1D,left,central
720575940626429383,FB.624,CX,FB.624,ACH,hDeltaJ,left,central
720575940617172436,AOTU.FB.3,TuBu,AOTU.FB.3,ACH,TuBu07,right,central
720575940621022685,AOTU.FB.33,TuBu,AOTU.FB.33,ACH,TuBu09,right,central
720575940636702174,FB.714,CX,FB.714,ACH,hDeltaJ,right,central
720575940636063204,FB.PB.1,CX,FB.PB.1,ACH,PFGs,right,central
720575940612421101,FB.729,CX,FB.729,GLUT,FB8G,right,central
720575940621825518,FB.501,CX,FB.501,unknown,PFGs,right,central
720575940628067846,FB.303,CX,FB.303,DA,PFR,right,central
720575940623693320,FB.807,CX,FB.807,GLUT,FB4A,left,central
720575940643829284,FB.364,CX,FB.364,GLUT,FB2J_a,left,central
720575940630148655,FB.462,CX,FB.462,unknown,PFR,right,central
720575940612585011,FB.893,CX,FB.893,ACH,FC1C,left,central
720575940630017593,FB.1192,CX,FB.1192,ACH,vDeltaI_b,left,central
720575940640486973,FB.20,CX,FB.20,GLUT,FB6A,left,central
720575940630836807,FB.822,CX,FB.822,ACH,FC1A,right,central
720575940618745424,FB.379,CX,FB.379,GLUT,FB4Z,right,central
720575940644615790,FB.CRE.22,CX,FB.CRE.22,ACH,FC1C,right,central
720575940648482425,FB.594,CX,FB.594,GLUT,FB7E,right,central
720575940622087816,FB.887,CX,FB.887,ACH,FS2,left,central
720575940631426700,FB.786,CX,FB.786,ACH,FC3,right,central
720575940625905295,FB.1077,CX,FB.1077,ACH,vDeltaA_a,left,central
720575940612765330,NO.161,CX,NO.161,unknown,PFNp,right,central
720575940615468703,FB.1162,CX,FB.1162,ACH,vDeltaL,left,central
720575940620957353,NO.85,CX,NO.85,ACH,PFNv,left,central
720575940604065470,FB.1016,CX,FB.1016,ACH,FC1D,left,central
720575940604868286,FB.70,CX,FB.70,ACH,hDeltaD,left,central
720575940632803007,FB.931,CX,FB.931,unknown,vDeltaC,right,central
720575940628182722,FB.1376,CX,FB.1376,unknown,PFNp,left,central
720575940624611018,FB.395,CX,FB.395,ACH,FC2B,right,central
720575940620941003,FB.398,CX,FB.398,GLUT,FB2J_a,left,central
720575940630427340,FB.1059,CX,FB.1059,ACH,vDeltaA_a,left,central
720575940628805327,FB.1239,CX,FB.1239,GLUT,FB9B,left,central
720575940636735198,FB.466,CX,FB.466,ACH,FC2B,left,central
720575940607309577,FB.534,CX,FB.534,ACH,hDeltaJ,right,central
720575940621088536,NO.FB.11,CX,NO.FB.11,ACH,PFNd,left,central
720575940643338020,FB.94,CX,FB.94,ACH,hDeltaL,right,central
720575940640356149,SAD.FB.1,unknown,SAD.FB.1,OCT,OA-VPM3,right,central
720575940626347848,FB.825,CX,FB.825,ACH,FC1C,left,central
720575940622366540,FB.707,CX,FB.707,SER,FB6N,right,central
720575940621268830,EB.FB.3,CX,EB.FB.3,GLUT,ExR5,right,central
720575940634539877,SMP.939,CX,SMP.939,GLUT,FB8F_a,right,central
720575940632803223,FB.233,CX,FB.233,unknown,FC2A,left,central
720575940615976861,AOTU.FB.18,TuBu,AOTU.FB.18,ACH,TuBu07,left,central
720575940653053857,FB.1055,CX,FB.1055,ACH,vDeltaK,left,central
720575940637783971,FB.1088,CX,FB.1088,ACH,vDeltaJ,right,central
720575940631639972,FB.354,CX,FB.354,GLUT,FB5M,left,central
720575940604278705,AOTU.FB.37,TuBu,AOTU.FB.37,ACH,TuBu07,right,central
720575940626315207,PB.17,CX,PB.17,ACH,EPG,left,central
720575940626397127,FB.1131,CX,FB.1131,GLUT,FB9B,left,central
720575940626692039,NO.41,CX,NO.41,ACH,PFNv,right,central
720575940630755276,EB.270,CX,EB.270,GABA,ER3d,right,central
720575940609439698,FB.1118,CX,FB.1118,ACH,FS1A,left,central
720575940632934355,FB.838,CX,FB.838,unknown,vDeltaI_a,right,central
720575940639782875,FB.SMP.13,CX,FB.SMP.13,ACH,FS3,right,central
720575940603197408,FB.350,CX,FB.350,GLUT,FB2E,left,central
720575940624103399,FB.579,CX,FB.579,ACH,hDeltaJ,right,central
720575940627675121,FB.102,CX,FB.102,ACH,hDeltaE,right,central
720575940634081272,FB.CRE.96,CX,FB.CRE.96,ACH,FS4A,left,central
720575940628576250,FB.318,CX,FB.318,unknown,PFGs,right,central
720575940628805636,FB.1372,CX,FB.1372,GLUT,FB3B,left,central
720575940608702475,FB.465,CX,FB.465,GLUT,FB5R,right,central
720575940623808526,FB.936,CX,FB.936,GLUT,SA2,left,central
720575940624381966,FB.75,CX,FB.75,ACH,hDeltaE,right,central
720575940630591506,FB.638,CX,FB.638,ACH,FC3,left,central
720575940643567652,NO.103,CX,NO.103,ACH,PFNa,right,central
720575940616828969,FB.570,CX,FB.570,ACH,FC3,right,central
720575940629526570,NO.FB.21,CX,NO.FB.21,ACH,PFNv,right,central
720575940630984749,NO.250,CX,NO.250,DA,PFNp,left,central
720575940630411311,FB.1046,CX,FB.1046,ACH,vDeltaB,left,central
720575940630706247,AOTU.FB.45,TuBu,AOTU.FB.45,ACH,TuBu09,left,central
720575940636260442,FB.1272,CX,FB.1272,ACH,vDeltaL,right,central
720575940615764061,FB.444,CX,FB.444,DA,PFR,right,central
720575940619253869,NO.FB.74,CX,NO.FB.74,ACH,PFNp,left,central
720575940641306765,FB.595,CX,FB.595,GLUT,FB3B,left,central
720575940628527247,FB.12,CX,FB.12,GLUT,FB6A_c,left,central
720575940610160789,FB.817,CX,FB.817,ACH,vDeltaE,right,central
720575940613748895,SMP.FB.43,CX,SMP.FB.43,GLUT,FB8A,left,central
720575940654856353,FB.566,CX,FB.566,unknown,FB4E,left,central
720575940633442468,FB.MB_ML.5,CX,FB.MB_ML.5,unknown,PFR,left,central
720575940620007589,FB.1133,CX,FB.1133,ACH,vDeltaM,right,central
720575940632180909,FB.1092,CX,FB.1092,ACH,vDeltaK,right,central
720575940610177203,NO.68,CX,NO.68,ACH,PFNm,left,central
720575940608047299,NO.8,CX,NO.8,ACH,PFNa,right,central
720575940610603214,FB.778,CX,FB.778,GLUT,SA2,left,central
720575940608014549,FB.995,CX,FB.995,ACH,FS2,left,central
720575940610095322,FB.1140,CX,FB.1140,GLUT,SA2,left,central
720575940623759591,FB.295,CX,FB.295,GLUT,FB7G,right,central
720575940623022315,NO.264,CX,NO.264,DA,PFNp,left,central
720575940619172079,AOTU.FB.4,TuBu,AOTU.FB.4,ACH,TuBu07,right,central
720575940651284726,FB.103,CX,FB.103,ACH,hDeltaM,left,central
720575940634360056,NO.295,CX,NO.295,ACH,PFNp,left,central
720575940634376440,SLP.FB.9,CX,SLP.FB.9,GLUT,FB8A,right,central
720575940627740922,FB.245,CX,FB.245,ACH,FC2B,left,central
720575940612831486,NO.235,CX,NO.235,unknown,PFNp,right,central
720575940645009699,NO.FB.15,CX,NO.FB.15,ACH,PFNd,right,central
720575940624136489,FB.73,CX,FB.73,ACH,hDeltaD,right,central
720575940617812273,SMP.FB.22,CX,SMP.FB.22,GLUT,FB7A,right,central
720575940615502130,NO.FB.42,CX,NO.FB.42,ACH,PFNd,right,central
720575940645255476,FB.323,CX,FB.323,GLUT,FB8B,right,central
720575940638013759,CRE.FB.30,CX,CRE.FB.30,unknown,FB4G,right,central
720575940623317321,FB.55,unknown,FB.55,unknown,AOTU046,right,central
720575940627446090,CRE.FB.15,CX,CRE.FB.15,GLUT,FB5V,left,central
720575940604967270,EB.338,CX,EB.338,GABA,ER2,right,central
720575940610931058,AOTU.FB.28,TuBu,AOTU.FB.28,ACH,TuBu03,right,central
720575940640749939,EB.1,CX,EB.1,unknown,ExR1,right,central
720575940628789626,FB.435,CX,FB.435,DA,PFGs,left,central
720575940617828731,NO.EB.3,CX,NO.EB.3,ACH,PEN_b/PEN2,left,central
720575940612979090,EB.183,CX,EB.183,GABA,ER3w,right,central
720575940625938856,FB.738,CX,FB.738,ACH,FC3,right,central
720575940626561448,SMP.FB.44,CX,SMP.FB.44,GLUT,FB9B,right,central
720575940615748025,FB.645,CX,FB.645,unknown,FB2I_a,right,central
720575940637899197,AOTU.FB.2,unknown,AOTU.FB.2,GLUT,AOTU046,left,central
720575940628789698,FB.1317,CX,FB.1317,unknown,vDeltaM,right,central
720575940621613508,CRE.FB.14,CX,CRE.FB.14,GLUT,FB5V,right,central
720575940613388753,FB.1309,CX,FB.1309,ACH,vDeltaA_a,right,central
720575940611963346,FB.237,CX,FB.237,GLUT,FB6P,left,central
720575940615846356,AOTU.FB.10,TuBu,AOTU.FB.10,ACH,TuBu07,right,central
720575940642486747,NO.43,CX,NO.43,ACH,PFNa,left,central
720575940630329820,FB.1299,CX,FB.1299,unknown,FB9B,left,central
720575940636129758,FB.862,CX,FB.862,GLUT,FB2L,left,central
720575940629133820,FB.1325,TuBu,FB.1325,ACH,TuBu03,left,central
720575940626102790,FB.902,CX,FB.902,ACH,FC1A,left,central
720575940622514695,FB.1283,CX,FB.1283,ACH,vDeltaM,left,central
720575940628707858,FB.932,CX,FB.932,ACH,FC1D,right,central
720575940612012566,SMP.FB.41,CX,SMP.FB.41,GLUT,FB8I,left,central
720575940616829481,FB.644,CX,FB.644,ACH,FC1A,right,central
720575940609079854,SMP.FB.15,CX,SMP.FB.15,GLUT,FB6C,left,central
720575940630411823,NO.253,CX,NO.253,DA,PFNp,left,central
720575940626479674,FB.1047,CX,FB.1047,GLUT,FB8A,left,central
720575940617337413,FB.1179,CX,FB.1179,ACH,vDeltaK,right,central
720575940620040780,FB.1324,CX,FB.1324,ACH,vDeltaA_a,right,central
720575940630444625,FB.65,CX,FB.65,ACH,hDeltaA,left,central
720575940618844757,FB.135,CX,FB.135,ACH,hDeltaB,right,central
720575940619237985,FB.63,CX,FB.63,ACH,hDeltaA,left,central
720575940637653605,SMP.FB.46,CX,SMP.FB.46,GLUT,FB8F_a,left,central
720575940618746491,FB.MB_ML.7,CX,FB.MB_ML.7,unknown,PFR,right,central
720575940621515391,FB.MB_ML.6,CX,FB.MB_ML.6,unknown,PFR,right,central
720575940606933634,FB.572,CX,FB.572,ACH,FC1A,right,central
720575940624824963,FB.1100,CX,FB.1100,unknown,vDeltaB,left,central
720575940635622039,FB.1308,CX,FB.1308,GLUT,FB4A,right,central
720575940620614310,AOTU.BU.32,TuBu,AOTU.BU.32,ACH,TuBu09,right,central
720575940618648235,NO.123,CX,NO.123,ACH,PFNm,left,central
720575940619893419,FB.1229,DAN,FB.1229,DA,PAM09,left,central
720575940631165613,FB.1020,CX,FB.1020,SER,vDeltaC,right,central
720575940605754033,FB.322,CX,FB.322,GLUT,FB4F_a,left,central
720575940636588724,FB.96,CX,FB.96,ACH,hDeltaL,right,central
720575940629609167,NO.112,CX,NO.112,ACH,PFNm,right,central
720575940615650009,FB.993,CX,FB.993,ACH,FC1D,left,central
720575940631100124,FB.1034,CX,FB.1034,GLUT,SA1,right,central
720575940611308259,FB.945,CX,FB.945,ACH,vDeltaD,left,central
720575940622760682,LAL.FB.5,CX,LAL.FB.5,SER,FB4L,right,central
720575940622334699,FB.1030,CX,FB.1030,ACH,FS2,left,central
720575940620417797,FB.336,CX,FB.336,GLUT,FB6K,right,central
720575940623219463,EB.199,CX,EB.199,GABA,ER4d,right,central
720575940624562952,NO.FB.17,CX,NO.FB.17,ACH,PFNd,right,central
720575940621712166,NO.48,CX,NO.48,ACH,PFNv,left,central
720575940622940967,NO.FB.35,CX,NO.FB.35,ACH,PFNd,right,central
720575940631132985,FB.1386,CX,FB.1386,unknown,FC1A,right,central
720575940622252865,FB.377,CX,FB.377,GLUT,FB4Q_b,right,central
720575940623956813,FB.1029,CX,FB.1029,ACH,FC1C,left,central
720575940637260622,FB.504,CX,FB.504,unknown,FB6R,left,central
720575940619025232,FB.1348,CX,FB.1348,ACH,FS3,left,central
720575940617501533,FB.405,CX,FB.405,unknown,FC2A,right,central
720575940621073246,NO.FB.89,CX,NO.FB.89,ACH,PFNp,right,central
720575940625021796,EB.138,CX,EB.138,ACH,PEN_b/PEN2,left,central
720575940610440049,FB.676,CX,FB.676,ACH,FC3,right,central
720575940645927812,FB.896,CX,FB.896,ACH,vDeltaA_a,right,central
720575940618386321,FB.394,CX,FB.394,GLUT,FB2G,right,central
720575940627299227,EB.251,CX,EB.251,GABA,ER3p_b,right,central
720575940628003739,FB.38,CX,FB.38,ACH,hDeltaA,left,central
720575940616027037,FB.892,CX,FB.892,GLUT,FB7M,right,central
720575940616502175,EB.GA.1,CX,EB.GA.1,OCT,EL,right,central
720575940623088565,FB.1102,CX,FB.1102,ACH,vDeltaK,right,central
720575940620925899,SMP.FB.40,CX,SMP.FB.40,GLUT,FB2F_c,left,central
720575940610505701,EB.165,CX,EB.165,GABA,ER3w,right,central
720575940610636773,FB.1069,CX,FB.1069,ACH,vDeltaA_b,right,central
720575940636916713,NO.95,CX,NO.95,ACH,PFNm,right,central
720575940622089195,FB.1176,CX,FB.1176,ACH,vDeltaM,left,central
720575940634360824,NO.40,CX,NO.40,ACH,PFNv,right,central
720575940626660358,FB.525,CX,FB.525,ACH,FC3,left,central
720575940625415196,SMP.FB.25,CX,SMP.FB.25,GLUT,FB5G,left,central
720575940617600064,FB.562,CX,FB.562,unknown,FC2C,right,central
720575940608179268,FB.678,CX,FB.678,ACH,vDeltaI_a,left,central
720575940610980932,FB.8,CX,FB.8,unknown,ExR3,left,central
720575940630985811,FB.1276,CX,FB.1276,ACH,vDeltaL,right,central
720575940620958814,FB.1177,CX,FB.1177,ACH,vDeltaK,right,central
720575940643535982,NO.FB.129,CX,NO.FB.129,ACH,PFNp,right,central
720575940612734066,FB.13,CX,FB.13,DA,FB1H,right,central
720575940649647225,FB.1165,CX,FB.1165,SER,FB5W,left,central
720575940620139643,EB.82,CX,EB.82,GABA,ER2,right,central
720575940625218685,EB.277,CX,EB.277,GABA,ER3d,right,central
720575940625579141,FB.204,CX,FB.204,unknown,FC2A,left,central
720575940615961739,FB.1066,CX,FB.1066,ACH,vDeltaI_b,right,central
720575940615748753,NO.142,CX,NO.142,ACH,PFNm,left,central
720575940610161813,FB.1139,CX,FB.1139,ACH,FC1C,left,central
720575940627299483,EB.337,CX,EB.337,GABA,ER3p_b,right,central
720575940619140262,FB.528,CX,FB.528,ACH,FC3,left,central
720575940619271344,FB.991,CX,FB.991,ACH,FC1D,left,central
720575940610440371,FB.730,CX,FB.730,GLUT,FB2F_c,left,central
720575940634655924,FB.1146,CX,FB.1146,GLUT,FB9C,right,central
720575940623023287,FB.956,CX,FB.956,ACH,vDeltaD,left,central
720575940632640703,FB.1221,CX,FB.1221,ACH,vDeltaM,left,central
720575940633623743,NO.96,CX,NO.96,ACH,PFNm,left,central
720575940608064707,FB.1381,CX,FB.1381,unknown,PFNp,left,central
720575940607343829,FB.750,CX,FB.750,ACH,vDeltaF,right,central
720575940621581526,FB.1337,CX,FB.1337,unknown,vDeltaA_b,right,central
720575940614012134,FB.1262,CX,FB.1262,ACH,vDeltaK,left,central
720575940623154407,FB.826,CX,FB.826,unknown,hDeltaK,left,central
720575940625824999,LAL.496,CX,LAL.496,unknown,FB1C,left,central
720575940623498476,NO.132,CX,NO.132,ACH,PFNm,left,central
720575940622908660,FB.1064,CX,FB.1064,ACH,vDeltaB,left,central
720575940630019323,NO.FB.12,CX,NO.FB.12,ACH,PFNd,right,central
720575940629576960,FB.1356,CX,FB.1356,GLUT,FS4A,left,central
720575940622941447,SMP.FB.23,CX,SMP.FB.23,GLUT,FB5G,right,central
720575940609604875,FB.MB_ML.10,CX,FB.MB_ML.10,SER,PFR,left,central
720575940628708624,FB.686,CX,FB.686,ACH,FC3,left,central
720575940616617245,FB.581,CX,FB.581,ACH,FC2C,right,central
720575940630822175,FB.291,CX,FB.291,DA,PFR,right,central
720575940616813858,FB.MB_ML.8,CX,FB.MB_ML.8,unknown,PFR,right,central
720575940621434150,FB.1284,CX,FB.1284,ACH,vDeltaK,left,central
720575940624940336,FB.559,CX,FB.559,ACH,hDeltaJ,right,central
720575940637211957,FB.1072,CX,FB.1072,ACH,vDeltaL,left,central
720575940630019385,FB.736,CX,FB.736,ACH,FC2C,right,central
720575940616764731,FB.LAL.40,CX,FB.LAL.40,ACH,PFL1,left,central
720575940630904121,EB.112,CX,EB.112,GABA,ER4d,left,central
720575940638113085,FB.1017,CX,FB.1017,GLUT,SA3,left,central
720575940626316606,FB.194,CX,FB.194,GLUT,FB4P,right,central
720575940625349961,FB.1005,CX,FB.1005,GLUT,FB2K,left,central
720575940609375580,FB.4,CX,FB.4,GABA,FB5A,left,central
720575940629691753,GA.PB.1,CX,GA.PB.1,ACH,EPG,left,central
720575940628675948,FB.954,CX,FB.954,ACH,vDeltaE,left,central
720575940610178417,NO.61,CX,NO.61,ACH,PFNv,left,central
720575940608982392,FB.1087,CX,FB.1087,unknown,vDeltaB,left,central
720575940622073235,AOTU.FB.32,TuBu,AOTU.FB.32,ACH,TuBu09,left,central
720575940639702435,FB.152,CX,FB.152,GLUT,FB5AA,left,central
720575940620156326,FB.509,CX,FB.509,GLUT,FB5S,right,central
720575940612488615,FB.1138,CX,FB.1138,ACH,vDeltaC,left,central
720575940602920364,FB.545,CX,FB.545,ACH,hDeltaJ,left,central
720575940631477677,FB.418,CX,FB.418,GLUT,FB2M,right,central
720575940604444081,FB.535,CX,FB.535,unknown,FB2I_a,left,central
720575940626972090,FB.238,CX,FB.238,unknown,FB4K,left,central
720575940624039370,NO.FB.143,CX,NO.FB.143,ACH,PFNp,right,central
720575940623973837,EB.55,CX,EB.55,GABA,EL,right,central
720575940630199759,FB.355,CX,FB.355,SER,PFGs,left,central
720575940636802532,NO.FB.49,CX,NO.FB.49,ACH,PFNm,right,central
720575940621811182,FB.186,CX,FB.186,GLUT,FB4P,right,central
720575940634066424,FB.368,CX,FB.368,GLUT,FB2F_b,right,central
720575940626923029,FB.1076,CX,FB.1076,ACH,vDeltaA_a,left,central
720575940621139482,FB.64,CX,FB.64,ACH,hDeltaD,right,central
720575940621975081,FB.358,CX,FB.358,DA,PFR,right,central
720575940617797169,FB.811,CX,FB.811,ACH,FS2,left,central
720575940629757496,FB.668,CX,FB.668,ACH,FC3,right,central
720575940636229183,FB.241,CX,FB.241,ACH,FC2B,left,central
720575940637703750,FB.503,CX,FB.503,GLUT,FB2J_a,right,central
720575940622810697,FB.SMP.93,CX,FB.SMP.93,ACH,FS4A,left,central
720575940618468957,FB.410,CX,FB.410,GLUT,FB6,left,central
720575940635229797,NO.62,CX,NO.62,ACH,PFNm,left,central
720575940611210866,FB.1033,CX,FB.1033,ACH,FS2,right,central
720575940637195895,FB.938,CX,FB.938,GLUT,FB3B,right,central
720575940622351999,FB.SMP.2,CX,FB.SMP.2,ACH,FS2,right,central
720575940626038403,SLP.FB.14,CX,SLP.FB.14,GLUT,SA3,left,central
720575940646796932,SLP.142,unknown,SLP.142,ACH,SLP355,right,central
720575940623220372,AOTU.FB.7,TuBu,AOTU.FB.7,ACH,TuBu07,left,central
720575940633738903,FB.1424,CX,FB.1424,ACH,FS4A,right,central
720575940610670250,FB.464,CX,FB.464,DA,PFR,right,central
720575940611243690,FB.777,CX,FB.777,ACH,vDeltaG,right,central
720575940613275311,CRE.FB.16,CX,CRE.FB.16,GLUT,FB5V,right,central
720575940605361841,FB.1294,CX,FB.1294,ACH,FS2,left,central
720575940619615936,FB.499,CX,FB.499,GLUT,FB7G,right,central
720575940628856514,CRE.FB.25,CX,CRE.FB.25,GLUT,FB5V,left,central
720575940643323592,FB.247,CX,FB.247,GLUT,FB6U,right,central
720575940629331663,FB.514,CX,FB.514,ACH,FC2C,left,central
720575940617387732,FB.14,CX,FB.14,GABA,FB4H,left,central
720575940636212964,FB.666,CX,FB.666,ACH,FC3,right,central
720575940611718885,FB.519,CX,FB.519,GLUT,FB5M,right,central
720575940615929584,FB.438,CX,FB.438,GLUT,FB6,left,central
720575940626579185,NO.155,CX,NO.155,ACH,PFNm,left,central
720575940650516214,FB.781,CX,FB.781,ACH,FC1C,right,central
720575940653612790,FB.397,CX,FB.397,SER,FB7J,left,central
720575940627807994,FB.112,CX,FB.112,ACH,hDeltaL,left,central
720575940628168458,FB.67,CX,FB.67,ACH,hDeltaE,left,central
720575940621025037,FB.551,CX,FB.551,ACH,FC2C,right,central
720575940625760017,FB.904,CX,FB.904,ACH,vDeltaD,right,central
720575940644765463,EB.20,CX,EB.20,GABA,EL,right,central
720575940619927322,SLP.SMP.219,CX,SLP.SMP.219,GLUT,FB8F_b,right,central
720575940614799154,FB.107,CX,FB.107,unknown,FB3A,left,central
720575940630773585,FB.74,CX,FB.74,ACH,hDeltaD,left,central
720575940620156795,FB.272,CX,FB.272,ACH,FC2B,left,central
720575940618403719,NO.FB.2,CX,NO.FB.2,ACH,PFNa,right,central
720575940616470417,FB.1108,CX,FB.1108,unknown,vDeltaA_b,right,central
720575940624383892,FB.171,CX,FB.171,GLUT,FB4P_a,right,central
720575940624449428,FB.597,CX,FB.597,GLUT,FB8I,left,central
720575940627890072,EB.115,CX,EB.115,GABA,ER4d,right,central
720575940638490531,NO.57,CX,NO.57,ACH,PFNm,right,central
720575940620664741,EB.352,CX,EB.352,ACH,EPG,right,central
720575940620058537,FB.283,CX,FB.283,ACH,hDeltaC,left,central
720575940611243946,FB.946,CX,FB.946,ACH,FC1C,left,central
720575940619845547,EB.FB.5,CX,EB.FB.5,DA,ExR2_2,right,central
720575940619370416,FB.1135,CX,FB.1135,ACH,FS2,left,central
720575940604067761,FB.632,CX,FB.632,ACH,FC3,right,central
720575940624023480,FB.919,CX,FB.919,ACH,FC1A,left,central
720575940611964882,EB.38,CX,EB.38,GABA,EL,right,central
720575940616617940,FB.113,CX,FB.113,ACH,hDeltaF,right,central
720575940608147413,NO.FB.111,CX,NO.FB.111,ACH,PFNp,left,central
720575940610686938,NO.FB.85,CX,NO.FB.85,ACH,PFNp,right,central
720575940635852766,FB.930,CX,FB.930,ACH,vDeltaD,left,central
720575940621746154,FB.1403,CX,FB.1403,unknown,vDeltaM,left,central
720575940622811116,FB.258,CX,FB.258,ACH,hDeltaC,left,central
720575940618174447,SMP.FB.31,CX,SMP.FB.31,GLUT,FB8A,right,central
720575940619550708,FB.1358,CX,FB.1358,ACH,vDeltaA_a,right,central
