node,name,in_closeness,out_closeness,betweenness
720575940602747360,FB.382,3.201592,3.886401,0.001047
720575940602783968,EB.310,0.770835,2.351321,0.0
720575940602800608,FB.1214,2.797575,3.536564,0.0
720575940602831328,FB.665,3.110335,3.770895,0.000947
720575940602920364,FB.545,3.33356,3.960426,6.7e-05
720575940603048108,FB.363,2.945535,4.004306,1.1e-05
720575940603197408,FB.350,3.083123,2.672765,5.6e-05
720575940603238828,FB.1120,2.864519,3.561275,0.0
720575940603409632,NO.239,2.037229,1.483938,0.0
720575940603676774,FB.1361,2.148447,3.182081,0.0
720575940603676844,FB.213,3.298903,3.784938,0.00097
720575940603731168,FB.331,3.060791,3.896253,0.0
720575940603807422,FB.1141,3.008573,3.046325,0.0
720575940603844017,FB.1351,2.613406,3.567832,0.0
720575940603925280,FB.1213,2.401121,3.715191,0.0
720575940603932448,FB.157,4.165278,3.977536,0.03538
720575940603943456,FB.1422,2.380326,2.03295,0.0
720575940603964774,EB.287,0.718646,1.632411,0.000982
720575940604019424,FB.80,3.233933,4.557414,0.007146
720575940604064958,FB.962,2.662743,4.149537,0.0
720575940604065470,FB.1016,2.690402,2.703847,1.9e-05
720575940604067761,FB.632,3.009993,3.455753,0.000711
720575940604074174,FB.600,3.063392,3.432193,0.0
720575940604110513,FB.130,4.202863,3.981347,0.015847
720575940604125105,FB.1119,2.942669,2.450219,1e-06
720575940604278705,AOTU.FB.37,2.200941,2.635026,0.0
720575940604349630,FB.458,2.944511,3.125846,0.0
720575940604444081,FB.535,3.42796,2.749536,0.003663
720575940604451505,FB.32,3.174959,4.337702,9.4e-05
720575940604481760,FB.205,3.173235,3.992103,0.000274
720575940604498208,NO.205,2.429817,1.17985,0.0
720575940604518432,NO.71,3.768272,1.992642,0.0
720575940604518944,NO.FB.128,2.216417,1.142417,0.0
720575940604561766,NO.94,2.755048,1.826842,0.0
720575940604612832,FB.60,3.099356,4.599704,0.012302
720575940604667825,NO.238,2.384344,1.211974,0.0
720575940604709920,FB.209,2.853951,4.381901,0.001877
720575940604798910,FB.780,3.45671,2.877802,0.001311
720575940604833982,FB.1164,2.907029,3.607204,9e-06
720575940604842924,EB.150,0.558641,2.385457,0.005681
720575940604868286,FB.70,3.379626,3.373955,0.039208
720575940604967270,EB.338,0.434547,2.211062,1e-06
720575940604969161,AOTU.FB.17,2.090801,2.051455,0.000446
720575940605104049,FB.330,3.345575,2.620636,0.000367
720575940605124482,FB.751,3.463089,3.384797,0.00107
720575940605361841,FB.1294,2.292169,4.030386,0.0
720575940605379506,FB.45,3.392271,4.766977,0.015181
720575940605380274,FB.1185,3.09733,2.874669,0.0
720575940605384882,FB.779,2.713332,2.818817,4.6e-05
720575940605480806,FB.136,3.127895,4.285682,0.001671
720575940605554354,FB.583,3.271145,2.846857,0.000536
720575940605583136,FB.31,3.19321,4.254239,0.010796
720575940605591730,NO.204,2.002135,1.672998,0.0
720575940605754033,FB.322,3.180022,3.158624,0.0
720575940605756081,FB.521,2.917771,3.762295,0.0
720575940605890434,NO.FB.112,2.144216,1.844949,0.0
720575940606102729,EB.135,0.424287,0.90301,1e-06
720575940606198473,CRE.FB.24,3.884477,3.423805,0.0
720575940606436384,FB.538,3.090324,4.489377,0.000106
720575940606483657,SLP.FB.4,3.399393,2.051686,0.000472
720575940606591836,EB.260,0.71536,3.798419,0.000714
720575940606597724,FB.1396,2.246509,3.260952,0.0
720575940606615561,FB.1184,2.936841,3.397748,0.0
720575940606646962,FB.834,2.807956,3.214333,0.000369
720575940606681099,FB.928,2.521546,2.790057,0.0
720575940606683228,FB.649,3.254685,3.826391,0.000246
720575940606697858,AOTU.BU.31,1.906071,1.543865,0.0
720575940606723081,FB.593,3.275884,3.294144,0.000578
720575940606731529,FB.712,3.298441,4.437709,0.002253
720575940606734182,FB.218,3.242971,4.082862,1.7e-05
720575940606734258,NO.282,2.024072,1.738984,0.0
720575940606933634,FB.572,2.806136,2.933176,0.00024
720575940606951893,EB.154,0.774995,0.691231,0.0
720575940606958859,FB.SMP.49,1.643292,3.087614,0.00015
720575940607001045,FB.SMP.8,2.608985,2.327256,0.0
720575940607040981,EB.249,1.484005,2.396781,0.0
720575940607246549,EB.297,0.770719,3.63431,0.001282
720575940607250697,NO.36,2.648733,0.389959,1e-06
720575940607263068,NO.FB.127,1.935154,1.743543,0.0
720575940607285001,NO.FB.5,2.848496,1.920982,7e-06
720575940607287305,NO.FB.48,3.994597,3.278372,0.0
720575940607290633,NO.126,2.043852,2.042289,0.0
720575940607309577,FB.534,3.465348,3.70463,0.001109
720575940607330825,NO.81,2.254403,2.179906,0.0
720575940607339971,FB.1341,3.094506,2.969259,0.0
720575940607343829,FB.750,3.284183,4.289883,0.000992
720575940607527381,FB.949,2.996609,3.650171,1e-06
720575940607613707,FB.511,3.184505,2.937965,1e-05
720575940607837707,FB.711,3.316716,4.211658,0.000873
720575940607848649,FB.SMP.5,2.084015,3.924613,0.0
720575940607862217,FB.518,3.095554,3.221219,0.0
720575940607864841,FB.749,3.415136,3.367714,0.0
720575940607938517,FB.710,2.850136,2.24559,0.000334
720575940608014549,FB.995,2.032793,3.875401,0.0
720575940608047299,NO.8,2.766111,1.814131,7e-06
720575940608064707,FB.1381,1.958033,1.212469,0.0
720575940608068035,NO.FB.66,2.673276,1.844954,0.0
720575940608140380,FB.49,4.035295,3.742947,0.000655
720575940608147413,NO.FB.111,2.09768,1.825637,0.0
720575940608179268,FB.678,3.093396,3.782291,0.001122
720575940608185986,FB.839,2.746553,4.484472,0.0
720575940608207317,FB.231,3.018595,2.643821,6e-06
720575940608208835,FB.37,3.15285,4.798183,0.016227
720575940608242756,FB.1054,2.788537,2.669414,0.0
720575940608278620,FB.7,3.397491,4.649129,0.052207
720575940608279747,FB.571,3.017158,3.551285,0.001282
720575940608312924,FB.457,3.537178,3.801318,0.0
720575940608328387,FB.226,3.407395,4.15822,0.000328
720575940608352451,FB.1043,3.078569,2.857638,0.0
720575940608370866,FB.243,3.245618,4.552169,0.000803
720575940608413705,FB.173,3.672815,3.516769,0.0
720575940608434883,FB.748,2.659597,2.037471,0.001601
720575940608480836,FB.256,3.695173,2.427938,0.013765
720575940608548619,FB.339,3.114342,4.003392,0.000212
720575940608702475,FB.465,3.253385,4.711988,8.5e-05
720575940608745006,FB.796,3.417149,3.130881,2.7e-05
720575940608783452,FB.47,3.502743,4.374802,0.005581
720575940608839800,FB.664,2.909575,4.574098,0.017942
720575940608859694,FB.1212,2.6792,2.93535,0.0
720575940608982392,FB.1087,3.186022,3.012575,0.000167
720575940609019512,NO.FB.58,2.681289,1.518624,2e-06
720575940609079854,SMP.FB.15,3.15173,3.188329,0.0
720575940609116740,FB.1369,2.485522,3.447116,0.0
720575940609175758,NO.202,1.572832,0.828595,0.0
720575940609214072,FB.818,3.062514,3.966853,2e-05
720575940609261922,FB.696,3.085276,3.986327,2e-05
720575940609370466,FB.948,3.037332,2.807884,0.000901
720575940609375580,FB.4,3.514871,4.540874,0.054364
720575940609427246,FB.34,3.502864,3.171267,0.002502
720575940609439698,FB.1118,2.569243,2.764667,0.0
720575940609558136,FB.677,3.170601,2.731874,0.000246
720575940609579470,AOTU.FB.22,1.724316,2.051754,0.000987
720575940609604875,FB.MB_ML.10,3.147152,4.316024,0.003326
720575940609648226,AOTU.FB.49,2.171371,2.302568,0.001024
720575940609648942,FB.994,3.505714,3.01545,0.000666
720575940609663442,FB.CRE.4,0.760503,4.501733,0.000155
720575940609716430,AOTU.BU.45,1.796468,1.218423,0.0
720575940609774434,FB.1233,3.065497,3.784026,0.0
720575940609777476,FB.520,3.129225,3.560969,9e-05
720575940609843349,NO.281,1.706242,1.825774,0.0
720575940609913646,FB.582,2.868198,2.2294,5e-05
720575940610051733,CRE.FB.4,3.341323,3.884733,0.0
720575940610069550,FB.329,3.132449,3.834725,0.000395
720575940610070626,SLP.FB.6,2.573636,1.732799,4.2e-05
720575940610095322,FB.1140,2.565805,1.64099,0.000672
720575940610137969,FB.912,3.187463,4.103172,3e-06
720575940610147790,FB.1015,2.916914,3.482,0.0
720575940610151130,FB.1117,3.2418,3.152622,0.0
720575940610160789,FB.817,2.993611,3.95034,6e-06
720575940610161813,FB.1139,2.677436,3.225551,0.0
720575940610165205,CRE.FB.19,3.014969,2.377278,0.0
720575940610177203,NO.68,2.345869,2.357724,5e-06
720575940610178417,NO.61,4.045823,2.007419,0.0
720575940610219715,FB.305,3.25339,4.653094,0.017323
720575940610237394,FB.859,3.20666,2.829896,0.0
720575940610268366,FB.816,3.100007,3.719346,1.7e-05
720575940610306146,FB.983,3.574375,3.12945,0.0
720575940610355186,FB.1340,2.908996,2.989518,0.0
720575940610363059,NO.111,2.876978,1.142489,0.0
720575940610409957,FB.961,2.959778,3.107733,0.0
720575940610440049,FB.676,3.046473,3.792853,7.5e-05
720575940610440371,FB.730,2.676404,2.235738,0.0
720575940610448307,FB.1339,2.97156,3.772557,0.0
720575940610453162,PB.EB.3,0.644965,0.160802,0.0
720575940610477425,FB.1116,2.199382,3.662193,0.0
720575940610505701,EB.165,0.276426,1.719976,0.0
720575940610545561,FB.1380,2.27135,2.35567,0.0
720575940610603214,FB.778,2.65327,1.856523,0.00047
720575940610615269,NO.FB.40,2.409594,2.359553,0.0
720575940610623402,FB.1086,3.03462,3.005591,0.000122
720575940610634725,FB.675,3.026277,4.611613,0.003916
720575940610636773,FB.1069,3.120577,2.955713,0.0
720575940610642289,FB.895,2.636497,3.371109,0.000651
720575940610665445,FB.631,3.005701,3.167314,3e-06
720575940610670250,FB.464,2.984005,4.642004,0.001329
720575940610682261,NO.115,2.524575,2.240386,0.000165
720575940610686938,NO.FB.85,2.016925,2.541751,0.0
720575940610694067,FB.1293,3.277348,2.551564,0.0
720575940610716786,FB.1115,2.262507,2.054322,1.1e-05
720575940610776900,FB.1295,2.224935,3.399204,9e-06
720575940610810482,FB.833,2.83789,2.893101,0.000175
720575940610813682,FB.894,2.913507,3.438463,9.9e-05
720575940610877098,FB.220,3.130149,4.797893,0.003182
720575940610894450,FB.78,3.128415,4.607551,0.009549
720575940610908057,FB.349,3.144195,3.558735,2e-06
720575940610919778,FB.154,3.16575,4.112758,0.000621
720575940610931058,AOTU.FB.28,1.952986,1.60313,0.001973
720575940610973413,SMP.FB.34,3.318782,2.754255,0.0
720575940610974577,LAL.116,1.019467,0.658902,0.0
720575940610980932,FB.8,3.311731,4.404853,0.006049
720575940611006170,FB.1085,3.232235,2.849847,0.00094
720575940611091780,FB.417,3.304759,4.42257,0.003601
720575940611102469,NO.FB.45,2.767423,1.905841,0.0
720575940611117380,FB.1395,2.744579,3.545364,0.0
720575940611181518,FB.MB_ML.9,3.301749,4.643259,0.01055
720575940611185123,FB.795,2.291945,1.841785,2e-05
720575940611210866,FB.1033,2.032895,3.885054,0.0
720575940611211542,FB.947,2.957425,3.464659,4e-06
720575940611216099,EB.44,0.609952,2.025336,0.0
720575940611243690,FB.777,3.158714,3.824466,0.0
720575940611243946,FB.946,3.025369,2.520009,3.1e-05
720575940611263602,FB.832,2.820975,2.601905,1.8e-05
720575940611284659,FB.433,2.849057,3.995628,0.0
720575940611308259,FB.945,2.978935,3.447892,0.0
720575940611363954,FB.1292,3.065465,2.886233,0.0
720575940611376882,FB.1014,2.9621,3.463869,0.00017
720575940611396835,PB.20,3.229923,3.076581,0.0
720575940611415449,FB.124,3.074211,4.114364,0.002516
720575940611419414,FB.1042,2.926328,2.589879,3e-06
720575940611425429,AOTU.FB.46,2.025809,2.70647,0.0
720575940611453041,FB.1032,2.774214,2.873142,0.000164
720575940611468185,FB.944,3.06412,2.544001,0.001733
720575940611475097,FB.1211,2.789853,3.360121,0.0
720575940611527794,NO.34,4.107237,2.759749,0.001653
720575940611550701,FB.1291,2.101447,1.565764,4e-06
720575940611568686,FB.1255,3.23741,2.921669,0.0
720575940611606830,FB.643,2.900205,3.54236,0.0
720575940611612018,NO.FB.57,2.846418,1.910834,3.7e-05
720575940611679461,FB.1068,3.101409,3.048618,2e-06
720575940611718885,FB.519,3.052076,3.83629,0.0
720575940611725738,FB.747,2.357562,3.20624,1.8e-05
720575940611726829,FB.911,3.036751,3.926344,0.0
720575940611758819,FB.1183,2.880093,3.20393,0.0
720575940611851506,FB.1114,1.982036,4.039235,0.0
720575940611904997,FB.456,3.419972,2.133196,0.002718
720575940611912362,FB.1360,2.468876,1.32602,0.0
720575940611939026,PB.FB.6,4.102089,3.669394,0.000806
720575940611963346,FB.237,3.403359,4.172937,0.002547
720575940611964882,EB.38,0.578583,2.409951,0.0
720575940611974354,FB.1338,2.26164,3.172286,0.0
720575940612012566,SMP.FB.41,3.14749,2.590141,0.0
720575940612047853,AOTU.BU.44,1.670572,1.528893,0.0
720575940612053106,FB.502,2.926935,4.032053,4e-06
720575940612107762,FB.411,3.243538,4.043515,4e-06
720575940612109363,FB.1267,2.65088,3.451263,0.0
720575940612122152,FB.910,2.586482,1.764642,8e-06
720575940612131025,FB.960,3.079007,2.960675,2.3e-05
720575940612152930,NO.143,3.04967,2.762486,0.0
720575940612154664,FB.1084,3.122611,3.293832,4.6e-05
720575940612211496,FB.425,2.988283,4.724467,0.000361
720575940612234467,FB.1067,3.224465,2.775783,0.0
720575940612243918,CRE.FB.5,3.110124,3.427918,1.4e-05
720575940612248743,FB.982,3.092528,3.298056,0.0
720575940612248883,NO.FB.126,1.845702,0.797824,0.0
720575940612249651,FB.1266,2.779113,3.085415,0.0
720575940612272424,FB.LAL.46,0.73774,2.934251,0.00076
720575940612286259,FB.362,3.016699,3.88268,0.0
720575940612310824,NO.FB.137,1.772795,1.518969,0.0
720575940612316847,FB.858,2.955086,3.58572,0.000644
720575940612318673,FB.592,3.171938,3.934992,8e-06
720575940612327446,FB.875,3.080835,3.477703,0.0
720575940612330154,FB.30,3.570732,2.967808,0.011462
720575940612334946,FB.723,3.132183,2.680441,3.6e-05
720575940612377775,FB.1031,3.072173,3.05676,0.0
720575940612421101,FB.729,3.345697,2.977793,0.0
720575940612488615,FB.1138,2.88364,3.055731,0.0
720575940612498984,AOTU.CRE.14,1.669953,1.752128,0.0
720575940612585011,FB.893,2.277752,2.603797,0.0
720575940612589735,NO.87,3.848346,0.802579,0.0
720575940612594855,FB.857,2.847487,2.557956,0.0
720575940612599013,FB.408,3.185475,3.309443,0.000757
720575940612599533,FB.510,3.078576,2.997148,1.1e-05
720575940612615917,FB.315,3.157719,2.543446,0.000919
720575940612627058,FB.564,2.946365,4.636694,0.009336
720575940612689645,FB.563,2.850694,2.211779,4.2e-05
720575940612692963,FB.663,3.105676,3.943787,0.001965
720575940612694568,FB.321,2.951399,3.006163,4e-06
720575940612710184,NO.FB.110,2.047345,1.66528,0.0
720575940612712401,NO.236,1.982761,1.673113,0.0
720575940612734066,FB.13,3.794942,3.937619,0.005013
720575940612760994,SMP.FB.20,3.571288,3.636299,0.002684
720575940612765330,NO.161,2.280238,1.672998,0.0
720575940612772077,FB.212,3.156642,3.969328,0.0
720575940612807830,FB.1210,2.914345,3.175645,0.0
720575940612821997,FB.424,2.936431,2.76284,0.00097
720575940612824239,FB.1265,3.207128,2.8448,0.0
720575940612824978,FB.776,2.900514,2.57826,1e-06
720575940612828926,FB.1290,2.872559,2.710218,0.0
720575940612831486,NO.235,1.989364,0.754643,0.0
720575940612851367,FB.309,3.209377,4.29229,5e-06
720575940612852898,FB.927,2.878313,3.316302,0.0
720575940612861842,NO.38,2.443771,1.529384,0.0
720575940612862882,NO.FB.84,2.422741,1.518759,0.0
720575940612869269,EB.7,1.651291,3.583136,0.0
720575940612892306,FB.1264,2.950457,2.496234,0.0
720575940612892670,NO.FB.39,4.221272,3.591424,0.005737
720575940612895650,FB.328,2.855216,4.349324,0.000992
720575940612920466,EB.163,2.375498,0.268172,0.002955
720575940612922339,FB.482,2.979691,2.614962,1.7e-05
720575940612925078,FB.554,3.170624,4.317439,0.0
720575940612937073,EB.111,3.148233,2.031346,2.1e-05
720575940612939154,NO.FB.46,4.013031,3.148471,0.0
720575940612942998,AOTU.FB.19,2.184691,2.350856,0.000214
720575940612972693,FB.500,3.395041,3.913812,0.002128
720575940612973096,FB.794,3.36264,4.3388,0.006017
720575940612979090,EB.183,0.617482,2.641038,0.0
720575940613005937,FB.617,2.98348,4.208942,0.000415
720575940613052200,FB.44,3.357929,4.044339,0.001772
720575940613090710,AOTU.FB.16,2.220307,2.186073,0.000297
720575940613132178,FB.197,3.108672,3.685301,1e-06
720575940613151911,SMP.FB.32,3.129399,2.664579,0.0
720575940613152175,CRE.FB.9,3.124528,3.471917,0.0
720575940613184362,NO.234,2.078974,1.738936,0.0
720575940613200559,CRE.FB.31,3.088365,3.029221,4e-06
720575940613214098,NO.FB.22,4.133544,3.695429,0.002073
720575940613231313,FB.1113,3.012146,3.594116,0.000676
720575940613250735,FB.SMP.7,2.237416,3.954609,0.0
720575940613268370,FB.160,3.033344,4.646213,0.00274
720575940613275311,CRE.FB.16,2.950798,3.639058,0.0
720575940613300722,LAL.FB.2,2.972082,2.020789,0.0
720575940613301471,NO.200,1.976877,1.135842,0.0
720575940613326250,FB.442,2.830629,4.064898,0.000811
720575940613338521,EB.238,1.247027,3.096982,0.00021
720575940613348271,FB.648,2.942323,4.548357,0.000146
720575940613388753,FB.1309,2.911037,2.817066,0.0
720575940613403042,NO.232,1.987665,1.8438,0.0
720575940613429314,FB.943,2.634855,1.846674,0.000522
720575940613434786,NO.101,2.464596,1.965585,0.0
720575940613440479,FB.1182,2.837016,2.435302,3.9e-05
720575940613441442,NO.24,2.718232,0.635439,2e-06
720575940613490841,FB.131,4.233317,3.995051,0.039229
720575940613497490,NO.125,2.612183,1.008913,0.0
720575940613505703,FB.407,2.903794,2.53554,3.9e-05
720575940613550495,FB.225,3.01506,3.51789,0.0
720575940613605698,FB.389,3.210395,4.737102,0.00034
720575940613606041,FB.246,3.325715,3.481388,1e-05
720575940613674663,NO.FB.56,3.951112,3.493985,0.0
720575940613682602,FB.992,2.957445,3.375352,0.0
720575940613704615,FB.224,3.400461,2.466743,0.000293
720575940613711614,FB.758,3.444429,1.906127,9.1e-05
720575940613714430,NO.FB.24,4.074849,3.604299,0.000868
720575940613729695,FB.1013,2.855671,2.53254,0.0
720575940613748895,SMP.FB.43,3.281379,2.207973,0.0
720575940613754527,PB.FB.1,4.218556,3.719099,0.001008
720575940613760927,FB.1263,2.910665,3.241961,0.0
720575940613762207,FB.630,3.150249,3.820426,0.000229
720575940613793302,SLP.FB.17,2.394208,1.757536,3e-06
720575940613818690,SLP.FB.11,3.35599,1.641829,0.0
720575940613829535,FB.LAL.42,0.708724,3.132613,0.000983
720575940613839116,FB.981,2.835839,2.560249,0.0
720575940613842700,FB.1112,2.460349,3.531709,0.0
720575940613958412,NO.77,2.389838,2.136774,0.0
720575940613959180,FB.926,2.963185,3.191137,0.0
720575940613982514,FB.120,3.354105,3.483441,0.017014
720575940614012134,FB.1262,2.961938,3.402055,2.8e-05
720575940614013382,FB.544,3.407636,3.901463,0.000258
720575940614017534,FB.108,3.059423,4.193965,0.012902
720575940614018722,FB.279,3.152708,3.453269,1e-06
720575940614026449,FB.25,3.275552,3.09935,0.003433
720575940614038751,FB.1111,2.318224,1.624743,4e-06
720575940614073315,EB.271,0.771798,3.778294,0.0
720575940614123570,NO.FB.62,2.181518,1.673169,0.0
720575940614154786,FB.223,3.24113,4.341857,0.00243
720575940614174018,FB.909,2.846319,3.400713,0.0
720575940614230499,FB.117,4.263915,4.031842,0.059336
720575940614294175,FB.908,2.156904,4.025161,0.0
720575940614297640,EB.348,0.667641,0.185638,0.0
720575940614298474,FB.533,3.394797,3.784956,5e-06
720575940614298730,SMP.FB.26,3.208843,3.298433,0.0
720575940614308283,FB.814,2.368321,2.748158,4e-06
720575940614336106,FB.629,3.046387,3.243501,0.000812
720575940614337130,FB.695,2.749847,2.307755,4.7e-05
720575940614413106,FB.673,3.003808,3.077929,0.00148
720575940614442090,FB.338,3.107852,4.822305,0.003036
720575940614515398,FB.495,2.94312,3.233583,0.001896
720575940614530098,FB.371,3.087943,4.591534,0.002058
720575940614546911,FB.406,3.121239,4.614741,0.000339
720575940614615557,FB.672,3.023665,3.803101,0.000103
720575940614638011,FB.647,3.215568,2.757869,0.000104
720575940614639035,FB.1053,3.328588,2.006554,0.0
720575940614735558,NO.231,2.142652,1.676236,0.0
720575940614736559,SMP.FB.18,3.429392,3.870931,0.001138
720575940614738956,FB.448,2.925469,4.636679,0.000416
720575940614773032,FB.608,3.128172,2.920442,0.0
720575940614799154,FB.107,3.849791,3.565536,0.0
720575940614837222,FB.1261,2.886227,3.160443,0.0
720575940614900127,NO.86,2.546714,1.688409,0.0
720575940614920379,NO.2,2.886138,1.767239,0.000107
720575940614926475,EB.59,0.761044,0.675568,0.0
720575940614939990,FB.745,2.91543,2.894547,3.8e-05
720575940614966214,FB.285,3.297588,4.366155,0.001912
720575940615018838,FB.813,3.200571,4.037892,0.0
720575940615023628,FB.1393,2.232286,2.768762,0.0
720575940615098683,NO.FB.109,1.938943,1.311751,0.0
720575940615101747,EB.2,2.505731,4.124046,0.037547
720575940615102127,FB.1269,2.852781,2.430499,0.0
720575940615133755,FB.942,2.976614,2.847678,2e-06
720575940615134011,FB.774,3.149116,3.856231,0.0
720575940615177099,EB.140,2.014092,0.227661,0.000984
720575940615183755,NO.FB.25,4.155633,3.604678,0.002299
720575940615193138,FB.599,3.360992,3.929058,0.000847
720575940615220802,NO.56,4.056985,2.526414,0.0
720575940615250235,FB.1181,2.955954,3.071535,0.0
720575940615267933,FB.1260,2.753111,3.822539,0.0
720575940615283771,FB.1331,2.107626,3.294857,0.0
720575940615285919,FB.141,3.163678,4.123321,0.000985
720575940615326779,FB.273,3.037796,4.991764,0.003131
720575940615442315,FB.1392,2.061202,1.830852,0.0
720575940615463825,FB.298,2.800297,4.343736,0.002011
720575940615468703,FB.1162,2.944244,3.434711,0.0
720575940615484633,FB.1289,2.952801,3.563378,0.0
720575940615502130,NO.FB.42,4.19134,3.687263,0.0
720575940615610836,FB.1232,3.095731,3.114888,1.9e-05
720575940615612066,FB.42,3.164966,4.17868,0.002379
720575940615645841,FB.1330,2.98315,3.202794,0.0
720575940615650009,FB.993,2.954689,2.454665,0.0
720575940615654100,NO.FB.41,3.949449,3.376275,0.0
720575940615654715,FB.1259,3.207443,2.89687,0.00113
720575940615661661,NO.144,1.911244,0.921869,0.0
720575940615673949,FB.1052,2.882505,4.174834,0.0
720575940615677780,FB.1083,2.621146,2.952936,0.0
720575940615687380,FB.628,3.369723,4.373477,0.003241
720575940615706966,FB.646,3.350007,2.463238,6e-06
720575940615711745,FB.1110,3.037098,3.294312,0.0
720575940615712468,FB.1307,2.988585,2.394562,5e-06
720575940615742977,NO.FB.93,2.312175,1.460072,0.0
720575940615748025,FB.645,3.190038,2.776003,0.0
720575940615748753,NO.142,2.355133,1.950255,1e-06
720575940615764061,FB.444,2.940883,4.805082,0.001537
720575940615783097,FB.773,3.27037,4.22068,3.1e-05
720575940615785755,FB.1012,3.13625,2.917481,0.000856
720575940615833055,FB.26,3.964868,4.061042,0.004218
720575940615846356,AOTU.FB.10,2.312473,2.612833,0.0
720575940615877410,FB.1180,2.821007,3.078041,0.0
720575940615889638,FB.662,3.068709,3.341498,0.000244
720575940615914613,FB.1011,3.142164,3.044455,0.0
720575940615921803,CRE.FB.36,3.314603,3.109129,0.000314
720575940615929584,FB.438,2.895833,3.886403,3e-06
720575940615935325,AOTU.FB.35,2.179024,2.406229,0.000987
720575940615957853,FB.1041,2.917305,3.043447,1e-06
720575940615961739,FB.1066,2.960484,3.248633,0.000986
720575940615965323,FB.616,3.126404,3.948077,0.001627
720575940615973771,NO.33,4.048971,2.079124,0.0
720575940615976861,AOTU.FB.18,2.337085,2.429142,0.0
720575940615985449,FB.855,3.080086,2.688687,5.9e-05
720575940616005009,FB.380,3.125169,3.077609,7.8e-05
720575940616027037,FB.892,3.137322,2.817181,0.0
720575940616040148,FB.437,3.364446,4.471618,0.000281
720575940616072861,FB.1350,2.114483,3.106223,0.0
720575940616097093,FB.155,3.288527,4.604828,0.006752
720575940616103254,FB.772,3.310935,4.294349,0.004143
720575940616199892,CRE.FB.23,3.044358,2.48193,2e-06
720575940616200298,FB.792,2.613265,1.947998,0.000571
720575940616204091,FB.728,3.264732,3.806908,0.000374
720575940616205083,EB.293,0.76829,3.30778,0.0
720575940616218452,FB.661,2.971408,3.764376,0.0
720575940616221401,FB.1306,2.363976,2.457207,0.000951
720575940616231252,FB.812,3.057842,3.990534,0.0
720575940616267348,FB.1329,2.28513,3.425692,0.0
720575940616287377,NO.229,1.853406,1.212477,0.0
720575940616323101,FB.941,2.610319,2.79416,2e-06
720575940616324386,FB.1065,3.105668,2.982425,0.000818
720575940616330267,FB.491,3.416827,4.087462,0.002929
720575940616377659,FB.261,2.812643,3.075006,0.003349
720575940616400704,FB.727,2.308826,1.766149,3.4e-05
720575940616410171,FB.56,3.250344,4.764204,0.01653
720575940616440537,FB.660,2.684128,2.342721,0.0
720575940616445250,EB.285,0.435573,3.779558,0.000709
720575940616470417,FB.1108,3.25967,3.041185,0.0
720575940616502175,EB.GA.1,0.423873,1.374791,0.0
720575940616511813,FB.409,3.443531,3.766826,0.000575
720575940616520517,FB.708,2.71309,2.963218,2e-06
720575940616543745,NO.47,3.986281,2.239327,0.0
720575940616545793,FB.28,3.628621,3.201668,0.010294
720575940616571682,NO.152,2.538381,1.847915,0.0
720575940616586077,FB.891,3.108053,3.479761,0.0
720575940616617245,FB.581,2.925751,4.664248,0.000601
720575940616617940,FB.113,3.191273,4.572314,0.004521
720575940616657989,FB.543,2.919417,4.690153,0.002101
720575940616728038,FB.146,4.193846,3.999474,0.020848
720575940616764731,FB.LAL.40,1.91288,3.007635,0.000176
720575940616811584,FB.726,3.374394,2.923741,0.000154
720575940616813858,FB.MB_ML.8,3.134633,4.412314,0.00275
720575940616819345,FB.342,3.108382,4.363888,3.3e-05
720575940616824118,FB.27,3.525458,3.306682,0.010887
720575940616826409,FB.853,2.909562,3.244178,6e-06
720575940616828201,FB.940,2.912264,2.897352,6.8e-05
720575940616828969,FB.570,3.077063,3.812273,0.000305
720575940616829481,FB.644,2.776354,2.920193,9.2e-05
720575940616839654,FB.1082,2.90942,2.323936,2.7e-05
720575940616842141,NO.60,2.537925,2.241145,1.1e-05
720575940616855074,NO.59,2.501233,0.482398,0.0
720575940616856645,FB.607,3.123412,3.714865,0.000145
720575940616884765,NO.186,1.929156,1.846902,0.0
720575940616885824,FB.LAL.44,0.708713,3.341614,0.002907
720575940616891698,EB.307,1.254056,2.551991,0.0
720575940616896581,FB.1209,2.641183,3.16615,0.0
720575940616913339,FB.SMP.1,3.037239,2.289542,0.0
720575940616956673,FB.219,2.811115,4.348542,0.005438
720575940616966557,NO.44,3.931171,1.883353,0.0
720575940616967508,FB.447,2.927666,4.637465,0.003429
720575940616968733,FB.284,2.999249,4.864801,0.002036
720575940616973313,FB.489,3.128951,4.430708,5.9e-05
720575940616983862,FB.443,3.12292,2.768566,0.000538
720575940617047297,SMP.FB.12,3.207322,3.70839,0.000238
720575940617068066,FB.1349,2.59395,2.358042,0.0
720575940617073876,FB.1404,2.894501,2.695643,0.0
720575940617077533,FB.517,3.455834,3.601848,0.001603
720575940617155742,FB.569,3.009716,3.164284,0.000989
720575940617172436,AOTU.FB.3,2.362059,2.344639,0.001972
720575940617178369,FB.1368,2.005518,3.265871,0.0
720575940617180955,FB.SMP.6,2.850549,2.333537,0.0
720575940617187329,EB.334,1.047882,2.359725,0.0
720575940617193886,FB.1287,3.177926,1.755682,0.0
720575940617211968,FB.979,2.775955,2.697643,0.0
720575940617225565,FB.100,3.44272,3.953423,0.00103
720575940617232017,FB.23,3.50537,4.087543,0.005969
720575940617236667,FB.475,3.035573,4.669436,0.002058
720575940617241019,FB.289,3.130414,3.373822,1e-06
720575940617244347,FB.36,3.219912,4.164259,0.003022
720575940617296155,FB.1328,2.445392,3.450885,0.0
720575940617337413,FB.1179,3.042856,3.111767,0.0
720575940617387732,FB.14,3.227847,3.228294,0.005457
720575940617425781,EB.262,0.714896,3.241475,0.000133
720575940617433627,SMP.FB.4,3.15015,3.088391,0.0
720575940617494232,FB.265,3.343004,4.30538,0.000673
720575940617497211,FB.SMP.96,1.648249,2.30019,0.0
720575940617501533,FB.405,2.744273,4.20707,0.000999
720575940617559125,NO.227,2.106954,1.67309,0.0
720575940617585624,NO.FB.38,4.04407,3.494553,0.000933
720575940617600064,FB.562,3.023961,4.483415,0.002363
720575940617644372,AOTU.FB.15,2.157075,1.945314,0.0
720575940617716770,FB.1327,2.868778,2.624399,0.0
720575940617736827,FB.890,2.913676,2.605973,0.000854
720575940617773865,FB.694,2.6621,2.826651,2e-06
720575940617784118,FB.159,4.185076,3.988217,0.020404
720575940617787550,FB.873,2.608401,4.382356,0.006006
720575940617797169,FB.811,2.390584,4.35937,0.0
720575940617801675,FB.568,3.129862,3.393716,0.000278
720575940617812273,SMP.FB.22,3.376819,3.693682,6.8e-05
720575940617819185,NO.46,2.489092,0.638807,0.0
720575940617828731,NO.EB.3,2.810386,0.204508,0.001972
720575940617921877,FB.771,3.10579,2.709339,2.4e-05
720575940617934576,FB.CRE.18,2.569575,3.284479,1e-06
720575940617949861,FB.615,3.389835,3.788741,0.000114
720575940617978526,FB.308,3.167265,3.660514,0.00046
720575940618014343,AOTU.FB.40,2.144846,1.721571,0.0
720575940618050776,FB.1107,3.146738,2.93612,7e-06
720575940618129355,FB.542,3.16546,3.682716,0.000974
720575940618133371,FB.297,3.108586,4.797535,0.003532
720575940618146901,NO.FB.124,2.226389,2.677555,0.0
720575940618153153,NO.65,2.767176,2.211184,1e-06
720575940618174447,SMP.FB.31,3.325975,2.567014,0.0
720575940618177739,FB.757,2.898512,4.573782,0.000473
720575940618195510,FB.1208,3.231451,3.246669,0.0
720575940618198977,NO.FB.18,4.215941,3.732223,0.003446
720575940618225067,FB.756,3.034046,4.084902,1.8e-05
720575940618236752,FB.1081,2.911022,2.303418,0.0
720575940618292901,SMP.1590,2.308423,2.422239,0.0
720575940618295376,FB.169,3.274853,3.414803,0.0
720575940618306469,EB.192,0.433854,2.30016,0.0
720575940618308987,FB.22,3.489878,4.413052,0.009374
720575940618317726,FB.1258,2.896148,3.132618,0.0
720575940618374558,FB.553,2.774596,3.515614,0.0
720575940618386321,FB.394,3.274565,2.468692,0.000907
720575940618388615,FB.831,2.726189,4.270092,2.1e-05
720575940618403719,NO.FB.2,3.151935,1.540152,9.8e-05
720575940618407333,FB.591,2.928029,3.192555,0.001522
720575940618424149,SLP.FB.7,2.750984,1.802165,0.0
720575940618437979,FB.852,2.997765,3.464481,0.0
720575940618463960,FB.529,2.986371,4.712065,3.6e-05
720575940618468957,FB.410,2.95846,4.105744,2.5e-05
720575940618523585,FB.830,3.076883,3.63108,0.000655
720575940618590923,FB.1010,3.06045,2.142213,7e-06
720575940618606715,AOTU.BU.6,1.615419,2.078958,0.0
720575940618622191,FB.1137,2.854859,2.697268,0.0
720575940618624239,FB.871,3.117758,3.742064,0.0
720575940618648235,NO.123,2.440213,1.50154,0.0
720575940618651608,FB.614,3.125114,3.844317,0.000368
720575940618679280,FB.1080,2.848378,2.871835,0.000295
720575940618688276,FB.925,3.107482,3.31857,4e-06
720575940618694638,FB.361,3.277293,4.441523,9e-06
720575940618704043,FB.552,3.213597,4.59463,0.001928
720575940618710918,NO.151,2.476801,1.844004,0.0
720575940618733377,AOTU.FB.11,2.262831,1.99689,0.000418
720575940618734575,FB.1231,2.858012,3.037269,0.0
720575940618742864,NO.FB.135,2.04344,1.741114,0.0
720575940618744047,FB.613,3.320395,3.644827,0.001177
720575940618745424,FB.379,3.174717,4.499057,7e-06
720575940618746491,FB.MB_ML.7,3.227862,4.536679,0.002504
720575940618772870,FB.851,3.139975,3.922137,0.0
720575940618774352,NO.157,2.318025,1.518839,0.0
720575940618781861,FB.924,2.872627,2.871638,4.3e-05
720575940618787841,FB.419,3.500464,4.575065,4e-06
720575940618792942,FB.337,2.810314,4.318753,2.6e-05
720575940618798470,NO.FB.55,2.55692,1.155493,0.0
720575940618814424,FB.1161,2.956963,3.030721,1.7e-05
720575940618844757,FB.135,4.198994,4.004446,0.023902
720575940618858837,NO.FB.6,3.3821,1.305942,1e-06
720575940618867627,FB.612,3.113725,4.156718,0.000259
720575940618867888,FB.1230,2.953104,3.677596,0.0
720575940618875886,FB.1207,3.003378,3.230692,0.0
720575940618884299,FB.870,2.990782,3.90867,0.0
720575940618901553,FB.1305,2.985966,3.133936,6.4e-05
720575940618928981,FB.744,2.237552,4.265928,0.0
720575940618945985,SMP.FB.13,3.297483,3.622202,0.0
720575940618956198,FB.1160,2.781039,3.449634,0.0
720575940618963694,FB.693,2.950535,3.045935,0.000455
720575940618970606,FB.1136,3.130783,3.06195,0.0
720575940618994603,AOTU.FB.34,1.906122,2.376716,0.0
720575940618995541,FB.481,3.173206,4.606312,0.000382
720575940618997440,NO.FB.44,4.209404,3.649812,0.0
720575940619006272,EB.355,0.778573,0.191596,1e-06
720575940619025232,FB.1348,2.42728,3.788281,0.0
720575940619051088,NO.141,2.227146,2.362623,0.0
720575940619060289,FB.1063,3.042049,3.309737,2.3e-05
720575940619067374,FB.404,2.944321,2.909079,0.004297
720575940619082405,FB.907,2.510709,1.842829,3.9e-05
720575940619084891,SLP.FB.10,3.370814,2.227131,0.0
720575940619085478,NO.5,2.995028,1.938139,7.1e-05
720575940619087013,NO.110,2.544098,1.691972,0.0
720575940619100180,FB.387,2.988897,2.46097,0.0
720575940619104027,FB.490,3.549684,3.581922,0.0
720575940619111846,FB.606,2.355758,4.033227,1e-05
720575940619114689,NO.FB.90,2.248589,1.781971,0.0
720575940619126950,FB.692,3.24014,4.315121,0.0
720575940619140262,FB.528,3.094454,3.674564,0.0
720575940619141254,FB.129,4.223517,3.976064,0.03321
720575940619141405,FB.810,2.912462,3.147872,0.000977
720575940619157595,FB.770,2.866741,2.607662,0.0
720575940619160769,NO.50,2.631273,0.638773,0.0
720575940619172079,AOTU.FB.4,2.381669,2.596809,0.001972
720575940619196398,FB.793,2.889753,4.272134,0.000535
720575940619200960,FB.208,2.432881,3.162001,0.002793
720575940619215451,AOTU.FB.51,1.735879,2.078857,0.0
720575940619226689,FB.889,3.142076,3.985671,0.0
720575940619234241,FB.1040,2.661949,1.667201,9.2e-05
720575940619237985,FB.63,3.200273,4.474703,0.009203
720575940619253869,NO.FB.74,1.877145,0.754932,0.0
720575940619259271,FB.348,3.058853,3.893226,0.0
720575940619271344,FB.991,2.919178,2.511512,1e-06
720575940619293622,FB.691,3.407227,3.639369,8.2e-05
720575940619296365,EB.42,0.777585,0.256699,0.0
720575940619322221,FB.474,3.229865,4.479906,0.000439
720575940619327041,FB.922,2.911223,2.569807,1e-05
720575940619370416,FB.1135,2.250343,3.810801,0.0
720575940619376577,CRE.FB.1,3.065543,3.485914,0.0
720575940619428272,FB.1178,2.796518,3.554209,0.0
720575940619469147,FB.978,3.318338,2.040153,0.0
720575940619469488,NO.66,2.406598,2.035073,0.0
720575940619476126,EB.161,1.0864,0.211574,0.0
720575940619489088,FB.587,3.32997,4.423062,0.000756
720575940619489857,FB.642,2.908364,4.590179,0.001115
720575940619503445,NO.14,3.009008,0.389902,1.5e-05
720575940619544779,FB.1,3.500832,4.590005,0.01851
720575940619550708,FB.1358,2.446889,2.176938,0.0
720575940619574181,FB.251,3.18946,4.563828,0.007745
720575940619578352,FB.1134,3.219206,3.215241,1e-06
720575940619578608,FB.598,3.042213,4.790749,0.004213
720575940619584421,FB.347,3.32371,4.244799,0.001515
720575940619586676,FB.1051,2.895499,3.146775,9.4e-05
720575940619615936,FB.499,3.261069,3.452239,0.0
720575940619658111,EB.330,0.771026,3.479736,0.000409
720575940619668206,FB.423,3.41245,2.16177,0.000574
720575940619673222,FB.416,3.421052,3.868882,1e-06
720575940619673664,FB.343,3.318193,2.485459,0.000174
720575940619683311,FB.62,3.211659,4.787281,0.015042
720575940619707728,FB.181,3.1855,3.619431,3e-05
720575940619715568,FB.122,3.043267,4.165821,0.010923
720575940619718209,FB.422,3.048394,2.678074,0.000125
720575940619737510,NO.70,2.702356,0.388692,1e-06
720575940619766655,FB.1159,2.721449,2.757845,2e-05
720575940619781229,NO.49,2.321707,0.638942,0.0
720575940619784374,AOTU.FB.12,1.907294,2.447463,0.000987
720575940619818593,NO.FB.133,2.197226,1.179741,0.0
720575940619829765,EB.280,0.769009,3.754069,4e-06
720575940619832188,FB.1009,3.109996,3.592878,0.0
720575940619835892,NO.109,2.305085,2.137677,0.0
720575940619845547,EB.FB.5,2.025364,1.93033,0.000987
720575940619866759,FB.211,3.230624,4.023362,0.000685
720575940619891060,FB.957,2.888611,2.517887,1e-05
720575940619893419,FB.1229,2.184893,2.052891,0.0
720575940619906219,FB.809,3.287433,2.272781,0.006814
720575940619913221,FB.69,3.338521,4.871936,0.026725
720575940619927322,SLP.SMP.219,2.622695,1.790788,0.0
720575940619935152,FB.239,3.079427,4.860865,0.003961
720575940619967727,FB.977,2.94144,3.144813,5e-06
720575940619968892,NO.FB.69,2.147273,1.469312,0.0
720575940619972446,FB.1286,3.22507,2.636446,6e-06
720575940619989765,FB.1008,2.652499,3.027678,9.3e-05
720575940619994294,FB.659,2.97752,3.793459,1.2e-05
720575940620004590,FB.1206,2.988639,3.054119,0.0
720575940620007589,FB.1133,2.699817,3.779157,0.000893
720575940620012020,FB.91,3.34129,4.704389,0.035097
720575940620014203,FB.MB_ML.2,3.193769,4.515194,0.001406
720575940620014356,FB.164,3.003243,4.69551,0.003728
720575940620020694,EB.51,1.233984,1.406975,0.000693
720575940620027515,EB.5,1.372988,0.414433,0.000803
720575940620028513,FB.68,3.283394,4.689879,0.012909
720575940620028795,FB.MB_ML.4,3.20307,4.548292,0.011739
720575940620032123,FB.11,3.482342,4.315393,0.012189
720575940620040780,FB.1324,2.375749,1.735202,0.0
720575940620058537,FB.283,3.302017,4.465163,0.001883
720575940620059425,FB.1257,3.137191,2.855334,0.0
720575940620080798,FB.1157,3.016325,1.690768,0.0
720575940620095100,FB.1357,2.060708,3.378069,0.0
720575940620129694,FB.454,3.208155,4.599148,0.000561
720575940620130032,FB.21,3.510442,4.353622,0.005286
720575940620139643,EB.82,1.247105,2.380101,0.0
720575940620142196,NO.93,2.1589,2.040233,0.0
720575940620147067,FB.959,2.862229,2.671496,1.4e-05
720575940620156326,FB.509,3.059083,4.553193,0.0
720575940620156795,FB.272,3.096596,4.89302,0.002528
720575940620159398,FB.76,3.332075,3.954821,0.003358
720575940620191777,FB.690,3.223011,4.135781,1e-06
720575940620197441,FB.360,3.255883,4.497571,0.00439
720575940620202266,FB.LAL.26,0.778949,4.420616,0.000998
720575940620203340,FB.259,3.03094,3.634919,0.0
720575940620223659,FB.187,3.212662,4.035512,0.0
720575940620224801,FB.1050,3.002428,3.690148,0.0
720575940620228641,FB.1285,2.913985,2.928435,0.0
720575940620245926,FB.641,3.403267,1.987791,0.002838
720575940620267073,NO.136,1.898017,0.387122,0.0
720575940620276400,FB.254,3.68967,3.625412,0.0
720575940620282906,EB.30,0.432284,2.076438,0.0
720575940620314304,FB.769,3.13447,4.063342,1.2e-05
720575940620317564,CRE.FB.27,3.878453,3.796328,0.0
720575940620327412,FB.153,2.869344,3.541636,0.000265
720575940620339438,FB.829,2.827911,2.671528,1.5e-05
720575940620346795,FB.6,3.986142,3.669388,0.022667
720575940620350332,FB.976,3.188868,3.229154,8.9e-05
720575940620356822,FB.1007,2.840976,3.278007,0.0
720575940620358012,FB.1367,2.201693,2.408937,0.0
720575940620365812,FB.1390,2.081591,3.165374,0.0
720575940620391337,NO.114,2.403364,2.358182,0.0
720575940620417797,FB.336,3.092459,3.907795,1.7e-05
720575940620423518,AOTU.BU.19,1.541342,1.922768,0.0
720575940620428225,CRE.FB.3,3.086331,3.433365,1e-06
720575940620443764,NO.FB.122,2.039487,1.263911,0.0
720575940620474072,AOTU.FB.29,2.07644,2.522808,0.0
720575940620476843,FB.1254,2.942684,3.282007,0.0
720575940620478847,NO.FB.37,2.86367,2.11927,3e-06
720575940620492373,CRE.FB.6,3.093565,3.632487,0.000204
720575940620494708,FB.1106,3.153282,2.111886,7e-06
720575940620571953,EB.6,1.341197,0.293507,0.000987
720575940620584497,FB.952,3.544214,3.43499,0.0
720575940620614310,AOTU.BU.32,1.42486,2.468083,0.0
720575940620629364,FB.1228,2.954702,3.435068,0.0
720575940620632652,FB.725,2.973354,3.792321,5e-05
720575940620639152,FB.1104,2.91488,3.164355,0.00095
720575940620649292,NO.108,2.15682,1.84673,0.0
720575940620657243,FB.335,3.156297,2.761241,0.000176
720575940620664741,EB.352,0.765325,1.209797,0.0
720575940620669110,FB.SMP.67,1.983988,2.461093,0.0
720575940620700886,FB.808,3.119434,3.695728,0.000973
720575940620719273,FB.828,3.097957,2.918813,3.8e-05
720575940620760429,FB.486,3.141357,3.617505,0.000876
720575940620776662,PB.34,2.250931,2.723706,0.0
720575940620789697,PB.FB.8,4.126622,3.40319,0.0
720575940620818977,NO.FB.34,4.18574,3.592705,0.0
720575940620831308,FB.921,2.720599,2.774578,8.4e-05
720575940620841310,FB.61,3.188693,4.592487,0.008544
720575940620872669,EB.157,0.771252,2.057256,1e-06
720575940620899964,NO.183,2.180233,1.738687,0.0
720575940620919646,FB.165,2.969408,2.922748,0.00151
720575940620925899,SMP.FB.40,2.630373,2.791669,0.0
720575940620932317,FB.SMP.55,1.976468,3.371295,0.0
720575940620932813,FB.768,3.332174,4.394853,0.000295
720575940620941003,FB.398,3.309097,2.305963,0.000557
720575940620957353,NO.85,3.822917,1.708875,0.0
720575940620958814,FB.1177,2.704595,3.272391,0.0
720575940621019674,FB.81,3.446739,4.034941,0.014533
720575940621022685,AOTU.FB.33,2.169407,2.400694,0.000987
720575940621025037,FB.551,2.908682,4.698482,0.004324
720575940621050228,FB.210,3.17247,3.884419,1.3e-05
720575940621066776,EB.191,1.613245,2.533065,0.0
720575940621073246,NO.FB.89,2.207013,1.484388,0.0
720575940621074835,EB.159,0.672753,0.185409,0.0
720575940621076144,FB.MB_ML.17,2.817246,4.592854,0.001163
720575940621088536,NO.FB.11,4.131591,3.7116,0.005869
720575940621117684,FB.920,2.923112,2.452395,9e-06
720575940621132065,NO.FB.101,2.203554,1.318098,0.0
720575940621132253,FB.1062,3.167559,3.047882,5.3e-05
720575940621139482,FB.64,3.456365,3.595031,0.011306
720575940621172941,AOTU.FB.53,2.039938,1.870033,0.0
720575940621176564,FB.479,3.133744,3.631265,7.9e-05
720575940621193864,FB.472,3.034462,4.658436,0.007907
720575940621202200,NO.74,3.879142,1.984434,0.0
720575940621216169,SMP.FB.29,3.167222,3.005783,6e-06
720575940621231459,FB.849,3.013975,3.172434,0.000574
720575940621255011,FB.827,3.091648,4.107057,6e-06
720575940621268830,EB.FB.3,3.354876,3.017913,0.005317
720575940621276952,PB.FB.3,4.066254,3.687927,0.000137
720575940621289571,NO.FB.121,1.641614,1.738811,0.0
720575940621343764,NO.76,4.012192,2.422893,0.0
720575940621347583,FB.415,3.275311,4.38441,2e-06
720575940621355034,FB.605,2.946536,4.068164,0.0
720575940621360264,FB.SMP.3,2.475417,3.864409,0.0
720575940621372713,FB.1347,3.161419,1.261876,0.0
720575940621393573,FB.287,3.037342,2.658644,5e-06
720575940621424854,FB.1304,2.740246,3.551793,0.000821
720575940621434150,FB.1284,3.144684,3.085817,0.000141
720575940621485552,FB.1253,2.947393,2.930894,0.0
720575940621490968,FB.359,3.284346,2.606419,0.000393
720575940621496956,NO.99,2.707252,2.38843,1.5e-05
720575940621501720,FB.118,3.295458,4.806924,0.010042
720575940621512291,FB.658,2.894197,2.973228,0.000115
720575940621515391,FB.MB_ML.6,3.251504,4.701166,0.004485
720575940621537023,NO.266,1.944821,1.179792,0.0
720575940621581526,FB.1337,2.958145,2.955692,0.0
720575940621585446,FB.1252,2.866763,3.599184,8e-06
720575940621586628,FB.937,2.984245,3.349738,4.1e-05
720575940621587396,FB.516,3.042204,3.539158,1.4e-05
720575940621595888,FB.29,3.271368,4.182915,0.001822
720575940621613508,CRE.FB.14,3.009368,2.555912,2e-06
720575940621616518,SMP.FB.45,3.12768,2.683445,0.0
720575940621656815,NO.98,2.588071,1.326672,0.0
720575940621656966,AOTU.FB.48,1.859595,2.187026,0.000694
720575940621709388,FB.48,3.300916,4.911503,0.029387
720575940621712166,NO.48,4.050311,2.007205,0.0
720575940621731475,FB.627,3.157735,3.498773,0.000262
720575940621746154,FB.1403,1.984294,2.902862,0.0
720575940621749261,PB.FB.9,3.891018,3.094706,0.0
720575940621750285,NO.FB.120,2.157639,1.455342,0.0
720575940621764490,NO.FB.36,4.018195,3.278448,0.0
720575940621765313,FB.250,3.356226,3.705012,0.0
720575940621765467,CRE.FB.10,3.097757,2.770672,0.0
720575940621768385,FB.188,2.783133,2.874779,0.005691
720575940621782125,FB.87,3.344625,3.990239,0.001541
720575940621782381,FB.235,3.016112,3.318914,0.000675
720575940621800586,FB.1004,2.982126,2.758833,0.000568
720575940621811182,FB.186,3.380548,3.591201,0.001627
720575940621825518,FB.501,3.287042,4.617248,0.018388
720575940621832942,FB.170,3.325769,3.829182,0.000392
720575940621838826,FB.657,3.484354,3.585146,2e-05
720575940621846783,FB.485,3.338371,2.074023,0.00136
720575940621861637,MB_PED.1,1.984905,1.04894,0.0
720575940621975081,FB.358,3.136922,4.615037,0.004197
720575940621978904,FB.1079,2.824357,2.846302,0.000141
720575940622014471,FB.1366,2.318617,3.463992,0.0
720575940622016169,CRE.FB.2,3.081033,3.193978,0.0
720575940622030861,EB.329,0.771837,2.112841,0.0
720575940622051818,FB.SMP.14,1.951087,3.872992,0.0
720575940622069347,FB.541,2.790968,4.153774,0.000228
720575940622073235,AOTU.FB.32,2.026671,2.429976,0.0
720575940622085389,FB.1303,2.903792,2.084977,0.0
720575940622087816,FB.887,2.165159,4.050895,0.000502
720575940622089195,FB.1176,2.880489,3.304514,0.0
720575940622092522,FB.1175,2.775775,3.318463,0.0
720575940622125153,FB.455,3.209763,4.687511,0.001373
720575940622132872,FB.207,3.253981,4.103984,0.0
720575940622136129,FB.848,3.496086,4.442639,0.000161
720575940622156148,FB.MB_ML.3,3.219334,4.610065,0.0106
720575940622184189,FB.1174,2.82804,3.280832,0.0
720575940622184701,FB.1049,2.927347,3.291498,0.001462
720575940622200042,FB.1173,2.913601,3.667925,0.0
720575940622217654,FB.473,3.171526,4.521636,0.002492
720575940622226870,FB.950,3.466664,3.1383,1.9e-05
720575940622228918,FB.879,3.499564,3.387291,0.000504
720575940622234326,FB.LAL.24,1.969433,4.890907,0.001684
720575940622252865,FB.377,2.979598,3.512496,0.0
720575940622265525,FB.1078,2.977067,3.148977,0.0
720575940622296573,NO.FB.27,4.172575,3.590795,0.0
720575940622331786,NO.FB.79,2.21077,0.443804,0.0
720575940622334699,FB.1030,2.430182,4.145296,0.0
720575940622342576,EB.89,0.487464,0.825863,0.0
720575940622345933,FB.689,3.060818,2.894973,0.000692
720575940622351999,FB.SMP.2,2.153584,3.746329,0.0
720575940622366540,FB.707,3.2663,2.994989,0.0
720575940622392299,FB.791,3.111283,3.840859,0.0
720575940622406260,FB.266,2.944335,4.872054,0.00723
720575940622422507,FB.LAL.48,0.738915,3.001888,0.000677
720575940622422711,FB.296,3.030343,2.680843,0.000107
720575940622438634,FB.540,3.415402,3.707277,2.7e-05
720575940622451699,FB.1302,2.997654,2.733078,0.0
720575940622455369,NO.84,2.406797,1.002046,0.0
720575940622461320,FB.386,3.191294,4.015816,0.000101
720575940622462173,FB.19,3.518533,4.459556,0.006851
720575940622471721,FB.97,3.344956,4.818437,0.013941
720575940622514695,FB.1283,2.75846,3.754169,0.0
720575940622523101,SMP.FB.30,2.94204,2.59297,0.0
720575940622559882,FB.1205,2.748386,3.487982,0.0
720575940622569827,PB.78,2.825782,1.843902,9e-06
720575940622599679,FB.346,3.349469,3.537469,5.4e-05
720575940622605320,CRE.FB.26,2.907157,2.50151,0.0
720575940622609299,EB.134,0.555112,0.784798,0.0
720575940622610726,FB.626,2.823662,4.443204,1e-06
720575940622651656,FB.396,3.554054,3.992939,0.001306
720575940622681889,AVLP.ME.4,2.986126,2.886219,0.0
720575940622683491,FB.508,3.473691,4.043113,0.001032
720575940622709065,FB.990,2.978973,2.317331,1.5e-05
720575940622713638,FB.656,3.003897,4.633249,0.001619
720575940622713897,FB.SMP.54,0.760095,3.191908,0.0
720575940622733607,FB.1251,2.74902,3.184164,0.0
720575940622746365,FB.1156,3.083089,2.859151,0.000635
720575940622760682,LAL.FB.5,3.105551,2.822969,0.0
720575940622781624,FB.1103,2.920774,3.49622,0.001004
720575940622805798,FB.1301,2.669579,3.626377,0.0
720575940622810697,FB.SMP.93,1.610104,2.749264,0.0
720575940622811116,FB.258,3.284081,4.39538,0.002341
720575940622815123,FB.420,3.09247,4.428311,0.001525
720575940622841037,CRE.FB.12,3.467986,3.204565,0.00024
720575940622846099,FB.847,3.082423,3.96766,0.000592
720575940622856781,FB.1204,2.707304,3.585661,0.0
720575940622870666,FB.307,2.747067,4.291122,0.002055
720575940622873095,SLP.FB.8,2.960496,2.200225,0.0
720575940622897917,CRE.FB.17,3.180771,2.293381,0.0
720575940622899453,FB.722,3.455678,4.294926,0.000196
720575940622905869,FB.1203,3.121589,3.841095,0.00031
720575940622908660,FB.1064,3.124896,2.822961,0.000564
720575940622940967,NO.FB.35,4.154036,3.452272,0.0
720575940622941447,SMP.FB.23,3.39989,3.477295,0.0
720575940622942868,FB.257,3.098442,4.918016,0.002041
720575940622943731,FB.561,2.883963,4.374647,1e-06
720575940622986219,PB.FB.2,4.191653,3.65039,0.000109
720575940622994151,FB.1202,3.081316,3.283714,5.5e-05
720575940623004711,FB.126,3.3766,4.680818,0.013291
720575940623018983,FB.527,2.964055,3.754608,0.0
720575940623022315,NO.264,1.80035,1.688623,0.0
720575940623023287,FB.956,2.996175,3.87552,3e-06
720575940623043732,FB.1227,2.828282,3.340768,0.0
720575940623044327,FB.743,2.827169,2.578016,0.000116
720575940623059214,NO.224,1.444322,1.212027,0.0
720575940623062453,FB.SMP.19,2.056942,3.41149,0.0
720575940623066126,SLP.FB.16,2.668986,2.266037,0.0
720575940623084471,FB.370,3.302541,4.344067,0.00104
720575940623088565,FB.1102,2.921959,3.242497,0.000831
720575940623131319,FB.755,3.107186,4.058758,3.7e-05
720575940623154407,FB.826,3.271369,4.495855,0.001017
720575940623164856,FB.846,2.629933,1.939058,0.001232
720575940623175969,FB.856,3.217885,2.145579,0.0
720575940623199070,FB.182,2.695209,3.074499,0.005354
720575940623217132,FB.300,3.424875,3.597039,0.000226
720575940623219463,EB.199,0.559851,0.452242,2e-06
720575940623220372,AOTU.FB.7,2.335266,2.477809,0.001967
720575940623222542,FB.640,3.28899,3.408326,2e-06
720575940623233259,NO.20,2.592602,1.766994,0.0
720575940623242168,FB.115,3.469499,4.160864,0.013058
720575940623256757,CRE.FB.7,3.029034,3.325516,5e-06
720575940623260201,FB.41,3.213343,4.115986,0.0013
720575940623261703,FB.1377,2.303469,3.297827,0.0
720575940623277547,FB.706,3.026713,3.349195,0.0
720575940623279357,FB.550,3.016877,3.865241,0.000765
720575940623280457,FB.604,3.135905,3.806738,7.5e-05
720575940623290603,FB.989,3.136628,3.164984,0.000114
720575940623298535,SLP.1009,2.684051,1.543119,0.0
720575940623299772,FB.1101,2.993728,3.096672,0.0
720575940623310780,FB.498,3.460603,3.994347,0.002005
720575940623317321,FB.55,2.512241,3.178522,8.2e-05
720575940623325932,FB.955,3.40642,1.957655,0.0
720575940623358099,FB.53,3.943894,3.558651,3e-06
720575940623392949,FB.432,3.158249,4.355627,0.001475
720575940623430621,FB.LAL.15,0.777828,4.825125,1.9e-05
720575940623436531,FB.1172,2.683794,1.214325,0.0
720575940623440381,NO.263,1.668479,1.468293,0.0
720575940623450382,FB.471,3.401426,3.224543,0.000243
720575940623466632,EB.126,0.950637,0.789197,0.001953
720575940623474412,FB.1300,2.372289,3.049916,0.0
720575940623488551,FB.SMP.15,2.214158,3.519194,0.0
720575940623490748,FB.168,3.282441,4.631746,0.003287
720575940623498476,NO.132,2.587334,2.116768,0.0
720575940623536398,FB.277,3.098525,3.779648,0.001548
720575940623539976,FB.345,3.446544,3.62193,0.000153
720575940623540007,NO.FB.78,2.603789,1.459389,0.0
720575940623540557,FB.603,3.143516,3.858533,0.001633
720575940623540813,FB.1155,3.101077,3.005154,0.0
720575940623590221,FB.611,3.428676,3.671777,0.0
720575940623649097,FB.33,3.497352,4.379595,0.006676
720575940623693320,FB.807,2.841276,3.104534,0.0
720575940623698324,EB.175,0.772124,0.787358,0.0
720575940623712656,FB.560,2.930833,4.664113,0.000463
720575940623738516,FB.1201,2.860188,2.752075,0.000921
720575940623759591,FB.295,3.135241,3.715225,0.0
720575940623781268,FB.414,3.254885,4.398531,0.000295
720575940623784231,FB.264,3.077918,4.740545,0.003954
720575940623801125,FB.741,3.278914,4.187938,1e-06
720575940623807672,FB.85,4.047896,3.605022,0.000269
720575940623807932,FB.1003,2.825861,2.764237,0.0
720575940623808526,FB.936,2.909328,1.757321,0.004043
720575940623815155,FB.655,2.799999,4.435902,0.000241
720575940623816848,FB.1226,2.927366,3.014743,3e-06
720575940623855117,FB.149,3.262866,4.014919,5.3e-05
720575940623861479,FB.167,3.278717,3.633085,0.000498
720575940623880013,FB.886,2.973398,4.521074,4.7e-05
720575940623889552,FB.580,3.164045,2.965769,0.002957
720575940623897955,FB.351,3.191833,4.669479,0.010317
720575940623902307,FB.867,3.426394,2.515145,0.0
720575940623904551,FB.320,3.139686,4.686373,0.003295
720575940623956813,FB.1029,2.825311,2.364059,0.0
720575940623973837,EB.55,0.695698,3.560558,0.021153
720575940624012350,FB.431,2.834204,2.344041,0.0
720575940624023480,FB.919,2.724174,2.902073,1.6e-05
720575940624039370,NO.FB.143,0.689868,1.051667,0.0
720575940624065038,FB.539,2.819438,3.801942,0.0
720575940624073452,FB.172,3.381462,3.868267,0.000451
720575940624077517,FB.184,3.122373,4.145362,0.000257
720575940624082725,NO.FB.53,2.569133,1.015311,0.0
720575940624093884,FB.935,3.170165,3.30847,0.000128
720575940624102670,FB.217,3.632616,3.538978,0.0
720575940624103399,FB.579,3.403727,3.77062,0.000125
720575940624126183,FB.1154,2.651157,3.843654,0.0
720575940624135060,EB.353,0.417006,1.755896,0.0
720575940624135205,FB.1250,2.871931,2.896392,0.0
720575940624136489,FB.73,3.599703,3.871041,0.03417
720575940624163109,NO.127,2.485156,1.519218,0.0
720575940624166949,FB.625,3.255172,4.095892,7e-06
720575940624167973,FB.1225,2.69721,3.202657,0.0
720575940624175653,FB.1249,3.187513,2.850164,5e-06
720575940624180263,EB.162,0.767818,0.786798,5e-06
720575940624215245,FB.260,3.273734,4.383652,0.001671
720575940624222014,FB.670,3.248112,4.289489,5.2e-05
720575940624276410,FB.CRE.17,2.840119,3.218327,0.0
720575940624280676,NO.83,2.257003,1.906516,0.0
720575940624282430,FB.705,2.631228,2.810953,6.2e-05
720575940624290232,FB.17,3.497253,4.440661,0.041254
720575940624295096,FB.845,2.954803,4.532945,0.0
720575940624306494,FB.549,3.280462,2.091127,0.000584
720575940624307658,SMP.FB.8,3.333364,3.727144,9.3e-05
720575940624323475,EB.354,1.783552,2.358014,0.0
720575940624323592,CRE.FB.22,2.880531,3.218086,0.0
720575940624331722,FB.CRE.36,2.35236,3.496298,0.0
720575940624341436,FB.1365,2.836347,1.40356,0.0
720575940624346917,AOTU.FB.31,2.232754,2.160406,0.0
720575940624356234,EB.321,0.770741,2.860878,0.0
720575940624364474,FB.1061,3.056293,3.127606,0.0
720575940624373837,EB.125,0.691545,0.825288,0.0
720575940624381966,FB.75,3.461978,4.065975,0.005501
720575940624383892,FB.171,3.249698,4.11316,0.000731
720575940624403044,FB.1336,2.228794,3.421639,0.0
720575940624417052,FB.806,3.276413,2.845737,0.001843
720575940624437735,FB.179,3.127285,3.65345,0.0
720575940624449428,FB.597,3.101392,2.848958,9e-06
720575940624469444,AOTU.FB.1,2.511888,2.669854,0.004996
720575940624483216,FB.885,2.715011,2.84858,1e-06
720575940624560392,FB.688,2.990451,3.309769,0.0
720575940624562952,NO.FB.17,4.195812,3.577402,0.0
720575940624576258,FB.1248,2.983474,3.015656,1e-05
720575940624583708,FB.654,3.128265,3.703737,0.001784
720575940624602957,FB.589,3.235327,3.093857,0.0
720575940624608714,NO.221,2.084529,0.479439,0.0
720575940624611018,FB.395,3.045433,4.870896,0.000966
720575940624617397,NO.6,2.842907,1.225577,0.000163
720575940624634040,AOTU.FB.43,2.074689,1.783351,0.0
720575940624689130,FB.SMP.57,2.063114,3.058938,0.0
720575940624700674,FB.884,2.985453,4.137793,0.0
720575940624730638,FB.271,3.278974,3.838109,8e-05
720575940624737869,NO.72,3.889209,2.388472,0.0
720575940624754981,FB.LAL.5,1.114419,4.836251,0.003683
720575940624773916,FB.1247,3.068608,1.538819,6e-06
720575940624783287,EB.247,1.112412,3.181926,0.000618
720575940624824963,FB.1100,3.108288,2.982238,7e-06
720575940624827523,NO.23,2.663163,0.757444,0.0
720575940624836810,NO.73,2.647354,0.635133,0.0
720575940624861017,FB.1039,2.699718,2.29334,0.0
720575940624863516,FB.844,2.721557,4.121349,0.0
720575940624888880,FB.84,3.014194,4.409287,0.021156
720575940624892858,FB.306,3.149763,3.627081,1e-06
720575940624895821,FB.918,3.106486,3.655503,6.5e-05
720575940624905404,FB.140,3.026348,4.748102,0.008433
720575940624940336,FB.559,3.405059,3.801042,0.004399
720575940625021796,EB.138,1.788833,0.227585,0.000983
720575940625029925,FB.1153,2.945703,3.174847,0.0
720575940625061918,FB.1399,1.648839,2.898543,0.0
720575940625131913,NO.FB.50,2.499022,2.061195,0.0
720575940625142936,FB.162,2.847481,3.215456,0.007688
720575940625144604,FB.470,2.870689,4.183333,3e-06
720575940625146109,FB.376,2.918457,3.344136,1e-06
720575940625156745,SMP.1228,2.642001,2.508493,0.0
720575940625175960,AOTU.FB.52,2.101706,2.247777,0.0
720575940625176092,NO.106,2.353639,2.033597,0.0
720575940625218685,EB.277,0.4358,3.642708,0.000564
720575940625294217,FB.1224,2.610415,3.221739,0.000127
720575940625301604,FB.270,2.998704,2.461429,0.000588
720575940625308162,FB.LAL.7,1.921443,4.771623,0.002197
720575940625328842,SLP.FB.15,3.390764,1.930477,0.0
720575940625346362,FB.1171,2.81698,3.117983,0.0
720575940625349961,FB.1005,3.667106,2.711361,3.2e-05
720575940625378121,FB.724,3.236298,3.039189,9e-06
720575940625390266,SMP.1384,2.697599,2.335725,0.0
720575940625392650,FB.106,3.002025,4.634293,0.004965
720575940625395096,FB.1002,2.786899,2.952647,0.000171
720575940625415196,SMP.FB.25,3.371863,3.394707,0.0
720575940625424642,NO.FB.54,2.700661,0.646216,0.0
720575940625437706,FB.905,2.711923,2.777183,1e-06
720575940625439690,CRE.FB.32,3.06406,2.973403,2.5e-05
720575940625453145,NO.92,2.353754,2.492784,1e-06
720575940625455247,FB.2,3.523573,4.577524,0.008614
720575940625493604,FB.CRE.15,2.335842,3.082273,0.0
720575940625506027,EB.300,0.76812,3.60211,0.00077
720575940625511762,EB.110,0.489074,0.783651,0.0
720575940625516830,EB.152,0.770184,1.285354,0.000259
720575940625535621,FB.484,3.133835,3.008294,0.000142
720575940625537301,NO.119,2.23304,0.630282,0.0
720575940625541434,PB.FB.4,4.225678,3.678804,0.001616
720575940625556611,FB.532,3.003912,3.813018,8.7e-05
720575940625579141,FB.204,2.874144,4.699178,0.002335
720575940625604098,FB.1048,2.831417,2.12,0.0
720575940625609810,FB.1246,2.994258,3.700535,0.0
720575940625630993,FB.1132,2.904078,3.034268,0.0
720575940625636964,FB.548,3.716262,3.464647,0.0
720575940625637562,FB.263,3.122939,4.907416,0.002427
720575940625649214,FB.5,3.926123,3.466928,0.040867
720575940625649726,FB.1099,2.597638,2.249104,4.5e-05
720575940625653223,EB.116,2.076752,1.585946,0.000987
720575940625667721,SMP.FB.19,3.179828,3.658327,0.001281
720575940625678650,FB.469,3.090663,4.74587,0.002902
720575940625680784,CRE.FB.34,3.811907,3.687686,0.0
720575940625683077,FB.843,2.961046,3.518003,2e-06
720575940625698279,FB.54,3.408998,4.362551,0.001601
720575940625703824,FB.183,3.217281,3.271001,1.2e-05
720575940625721331,FB.715,3.536455,4.478274,0.00236
720575940625733909,FB.1245,2.932321,3.241968,0.0
720575940625750415,FB.413,3.267737,3.954887,0.000918
720575940625760017,FB.904,3.070285,3.589845,0.0
720575940625781180,FB.1268,3.098538,3.565935,0.0
720575940625787536,FB.35,3.22589,4.368684,3.6e-05
720575940625796133,FB.196,3.281365,3.913911,0.0
720575940625805906,AOTU.FB.27,2.292685,2.07816,0.001198
720575940625816212,FB.874,2.712879,4.318287,0.000706
720575940625817256,FB.1244,2.901262,3.101126,0.001006
720575940625819535,AOTU.BU.13,2.218356,1.799418,0.000987
720575940625821017,NO.118,2.340947,1.951129,3e-06
720575940625824999,LAL.496,2.001233,2.136685,0.0
720575940625848330,AOTU.FB.21,2.150051,2.0592,0.000242
720575940625850938,FB.114,3.323214,4.628495,0.00611
720575940625863336,FB.1346,2.733316,1.40102,0.0
720575940625863690,FB.739,2.767743,1.840143,0.000628
720575940625864581,FB.SMP.10,1.99792,3.635781,0.0
720575940625875402,FB.357,2.817121,3.16425,6.9e-05
720575940625880472,FB.547,3.020456,4.552345,0.006685
720575940625899751,FB.863,3.446432,2.174911,9.7e-05
720575940625902823,FB.268,3.178599,4.369423,0.001691
720575940625905295,FB.1077,2.956576,2.534411,0.000259
720575940625925892,FB.1243,2.877811,3.349844,0.0
720575940625925898,FB.CRE.66,2.13919,3.707723,0.0
720575940625932275,FB.MB_ML.11,3.033955,4.285713,0.000108
720575940625938856,FB.738,2.847513,3.020598,0.000907
720575940625951321,NO.FB.52,2.670198,2.364054,3e-06
720575940625952584,FB.1170,3.041453,2.421412,1.6e-05
720575940625962152,FB.46,3.606014,3.853682,0.050013
720575940625968515,FB.526,3.258084,4.629296,3.6e-05
720575940625968792,FB.463,2.991435,4.636013,0.000647
720575940625969064,FB.974,2.94415,3.179134,0.0
720575940626012072,FB.477,3.07432,2.815161,0.0
720575940626038403,SLP.FB.14,2.418544,1.557322,8e-06
720575940626048540,AOTU.FB.20,2.264903,1.933381,0.001169
720575940626048711,FB.1038,3.043827,2.683367,0.0
720575940626063944,FB.721,2.726803,2.991532,5e-05
720575940626090782,FB.767,3.399375,2.794029,0.000768
720575940626102790,FB.902,2.789462,3.024507,0.000407
720575940626111527,FB.1364,2.234303,3.365911,0.0
720575940626137895,EB.33,0.749553,0.344626,3e-06
720575940626138008,FB.294,3.127027,3.852898,0.0
720575940626140420,SMP.FB.2,3.388888,3.600804,0.017619
720575940626158223,FB.SMP.17,2.199663,3.547938,0.0
720575940626166012,FB.1322,2.901081,2.968404,0.0
720575940626180358,FB.610,3.25549,4.049737,1.2e-05
720575940626196732,FB.202,3.130102,3.837894,0.0
720575940626205702,FB.1098,3.105976,2.968075,0.0
720575940626216177,FB.1345,2.813754,3.21963,0.0
720575940626302982,FB.987,3.175893,3.417196,0.0
720575940626304936,FB.687,3.170439,3.24498,0.000193
720575940626314061,FB.609,2.753382,3.060221,3.8e-05
720575940626315207,PB.17,3.172041,3.863761,0.000986
720575940626316606,FB.194,3.196,3.611255,1.5e-05
720575940626327046,FB.SMP.112,2.586259,2.053381,0.0
720575940626343305,FB.105,3.486683,3.961514,0.00816
720575940626347848,FB.825,2.684435,2.754432,2e-06
720575940626351256,FB.CRE.16,2.665238,3.195831,1e-06
720575940626355081,FB.901,2.898839,3.244223,0.0
720575940626356648,FB.917,2.918918,4.4917,0.000146
720575940626363654,EB.158,0.766185,2.261006,1e-06
720575940626371898,FB.842,3.299824,4.481219,0.00016
720575940626375305,FB.468,3.074899,4.484654,0.0
720575940626382973,FB.1321,2.614786,3.057404,0.0
720575940626397127,FB.1131,2.936969,1.909717,0.0
720575940626408177,FB.441,3.187056,3.102782,2e-06
720575940626429383,FB.624,3.423895,3.624752,1e-06
720575940626449082,GA.PB.2,1.633397,0.160802,0.0
720575940626456083,EB.151,0.435121,0.785883,0.0
720575940626469898,FB.436,3.073764,4.697992,0.001038
720575940626471957,FB.LAL.38,0.750742,3.261894,0.003534
720575940626479674,FB.1047,3.419497,2.186632,0.0
720575940626485514,SMP.FB.16,3.42035,3.589554,0.000269
720575940626500233,FB.986,2.265955,3.824194,0.0
720575940626510666,FB.602,2.914544,2.887086,0.000954
720575940626526986,SLP.FB.13,3.009104,1.809079,0.0
720575940626533714,FB.669,2.902974,4.399489,0.00036
720575940626534986,NO.105,2.257552,2.224164,0.0
720575940626541075,FB.1281,2.591355,2.703392,0.0
720575940626561448,SMP.FB.44,2.700103,1.8262,0.0
720575940626579185,NO.155,2.193975,1.326546,0.0
720575940626605211,FB.1028,3.146732,2.988193,0.0
720575940626609128,FB.766,3.104751,3.658709,2e-06
720575940626612254,FB.86,3.452546,4.210439,0.000321
720575940626646790,FB.1027,3.065809,2.50072,1e-06
720575940626658577,FB.497,2.774338,4.000999,3e-06
720575940626660358,FB.525,3.029357,3.293067,0.001077
720575940626666345,FB.412,2.847512,4.38441,6e-06
720575940626666857,FB.1200,3.168083,3.205678,0.0
720575940626682384,FB.1026,2.680327,2.542259,0.0
720575940626692039,NO.41,4.053846,2.216518,0.0
720575940626721835,EB.61,1.234455,0.806522,0.0
720575940626753935,SMP.FB.14,3.065679,3.195035,0.0
720575940626778217,FB.790,2.34295,4.403229,0.0
720575940626780422,AOTU.FB.26,2.110317,2.520737,0.000987
720575940626781522,NO.FB.9,3.020143,1.203125,0.001319
720575940626793871,FB.453,3.039764,4.621575,0.000205
720575940626798480,FB.388,2.959377,4.528024,0.000876
720575940626800400,FB.1319,2.757679,2.869292,0.0
720575940626812777,FB.139,4.160232,3.960285,0.042674
720575940626814666,FB.487,3.229716,4.629628,0.000204
720575940626819088,FB.805,2.845836,2.892662,0.000125
720575940626827024,EB.290,0.768101,3.377077,0.0
720575940626849301,FB.99,3.534458,3.544694,0.012317
720575940626858831,FB.1169,2.716325,3.079911,0.0
720575940626859599,FB.1242,2.951237,3.068199,0.000985
720575940626894588,NO.45,2.403095,2.297046,0.0
720575940626898504,FB.869,3.003546,3.768998,3e-06
720575940626923029,FB.1076,3.004235,2.621777,0.0
720575940626972090,FB.238,3.314658,3.485553,8.5e-05
720575940626973821,FB.507,3.08342,3.82269,9e-06
720575940627033875,FB.375,3.223398,4.667182,0.010532
720575940627038792,FB.234,3.298953,3.371232,3.7e-05
720575940627046479,FB.1199,3.068019,2.792107,0.0
720575940627048976,FB.1097,3.075096,2.950335,0.0
720575940627054988,FB.868,3.096013,3.537089,1.3e-05
720575940627082500,FB.147,3.156193,4.14993,0.002309
720575940627097862,CRE.FB.40,3.212346,2.387815,0.0
720575940627104259,FB.704,2.555177,3.357702,2e-06
720575940627109116,FB.319,3.457601,3.478497,5.2e-05
720575940627126787,FB.973,2.608221,4.014077,0.0
720575940627145627,FB.1280,3.049742,3.120098,0.0
720575940627159498,FB.282,2.589176,2.920075,0.001766
720575940627161700,EB.239,1.585218,3.784441,0.00138
720575940627162344,FB.216,3.096477,4.844037,0.002235
720575940627174928,FB.1198,2.698025,2.258134,1e-06
720575940627194267,FB.304,3.070906,3.287015,0.0
720575940627212806,SMP.FB.28,2.714388,2.064678,0.0
720575940627227654,SMP.FB.7,3.323316,3.55271,1.6e-05
720575940627228328,FB.789,3.285449,4.251759,0.001551
720575940627241402,FB.252,3.279045,3.682111,0.000102
720575940627243267,AOTU.FB.42,2.267277,2.277785,0.001971
720575940627264062,SMP.FB.1,3.36119,4.413703,0.018728
720575940627269562,FB.906,3.005223,3.274756,2.4e-05
720575940627296396,FB.1344,2.998505,3.148343,0.0
720575940627299227,EB.251,0.522666,3.441066,5e-06
720575940627299483,EB.337,0.707456,3.607169,0.0009
720575940627306124,FB.1197,2.876985,2.784736,0.0
720575940627342211,FB.864,3.39267,2.683871,0.000381
720575940627357969,FB.191,3.384207,3.588716,0.001691
720575940627377346,FB.1152,2.778089,3.164486,0.0
720575940627385031,NO.FB.19,4.055865,3.346382,0.000145
720575940627399783,FB.1318,2.538875,3.149395,0.0
720575940627400776,FB.128,3.253424,4.786381,0.008199
720575940627418750,NO.17,2.764569,0.549401,3e-06
720575940627424199,FB.596,2.960156,2.902484,1e-06
720575940627425276,CRE.FB.29,2.997098,2.763908,1.1e-05
720575940627426069,FB.737,3.019926,3.011422,0.00168
720575940627426919,FB.840,2.418126,4.214439,0.0
720575940627433288,LAL.FB.6,3.025189,1.882266,0.0
720575940627446090,CRE.FB.15,3.200283,2.673457,6.1e-05
720575940627460337,FB.653,3.216805,4.147776,0.000981
720575940627526376,FB.1415,2.605671,2.273551,0.0
720575940627543171,FB.958,2.831077,2.673418,4e-05
720575940627557909,FB.334,3.209079,3.254448,0.0
720575940627569658,FB.703,2.804315,4.481942,0.007815
720575940627602814,FB.SMP.83,2.162047,2.943389,0.0
720575940627617866,FB.1037,2.738823,4.450642,0.0
720575940627618801,FB.985,2.778332,2.867585,1.2e-05
720575940627640475,AOTU.FB.30,2.015713,1.543458,0.000215
720575940627653114,EB.80,2.228738,0.361826,0.001164
720575940627653502,CRE.FB.35,3.779111,3.033438,0.0
720575940627666793,FB.1279,2.788544,3.51986,0.0
720575940627669886,FB.972,3.147041,3.344843,0.0
720575940627675121,FB.102,3.509834,4.359414,0.019455
720575940627712335,FB.1130,2.933053,2.144211,0.0
720575940627723338,FB.476,3.114542,3.368781,0.0
720575940627730206,FB.488,3.130302,4.806042,0.002999
720575940627740922,FB.245,3.065543,4.809781,0.001255
720575940627768698,FB.133,3.32013,3.711218,0.002621
720575940627777527,FB.623,3.35016,2.814088,0.0
720575940627778137,AOTU.FB.14,2.320067,2.183204,0.0
720575940627779560,CRE.FB.8,2.965218,3.305899,0.0
720575940627782014,FB.132,3.140106,4.658011,0.005324
720575940627786270,FB.163,2.84416,4.770524,0.010565
720575940627798266,FB.CRE.89,0.777975,2.564592,0.0
720575940627798654,FB.804,3.208623,2.675097,0.000144
720575940627799808,FB.1278,2.970868,3.74982,0.0
720575940627807994,FB.112,2.998826,4.034988,0.0014
720575940627826448,FB.1241,2.926929,3.471276,0.0
720575940627831657,FB.720,2.723623,3.135302,4e-06
720575940627851458,FB.1196,2.849804,3.612105,0.0
720575940627852226,FB.1240,2.827727,3.08791,0.0
720575940627877114,EB.179,0.597462,2.432837,0.0
720575940627890072,EB.115,0.55825,1.289348,1e-06
720575940627899900,FB.158,4.26253,4.055064,0.066527
720575940627900871,CRE.FB.21,3.031064,2.018484,0.0
720575940627901687,FB.788,2.896253,4.673178,0.001187
720575940627916410,FB.934,3.04749,3.555976,0.0
720575940627929722,FB.754,2.978497,3.809912,2.7e-05
720575940627934449,PB.81,3.442842,2.241107,0.0
720575940627935610,FB.430,3.012051,4.745364,0.00279
720575940627943966,FB.327,2.774183,4.287887,8.1e-05
720575940627958046,EB.219,0.622924,2.725408,0.0
720575940627965187,FB.311,3.086358,2.529385,0.001171
720575940628003739,FB.38,3.332518,4.676689,0.017197
720575940628014441,SLP.FB.1,3.565422,3.582762,0.004861
720575940628029378,FB.127,3.149732,4.595152,0.004289
720575940628029634,NO.FB.33,4.15384,3.375772,0.0
720575940628031531,NO.91,2.416474,2.11749,0.0
720575940628050950,FB.16,3.749438,3.970083,0.00505
720575940628057862,FB.452,2.9182,3.633657,0.0
720575940628067846,FB.303,3.028314,4.688377,0.001373
720575940628072748,NO.164,2.205299,2.038091,0.0
720575940628073235,FB.1163,2.288094,1.678988,0.0
720575940628078908,AOTU.FB.39,2.168559,2.277809,0.001178
720575940628083712,FB.1129,2.75277,3.678552,0.0
720575940628088823,FB.1195,2.697668,2.172959,1.4e-05
720575940628104061,FB.449,3.12984,3.826637,0.000164
720575940628105353,FB.1288,2.95165,2.448335,0.0
720575940628120402,FB.151,3.131523,4.68653,0.012173
720575940628136809,FB.286,3.147243,4.785048,0.001042
720575940628137222,CRE.FB.33,3.070172,3.32933,0.0
720575940628141818,FB.933,2.823358,2.657532,0.0
720575940628144254,FB.537,3.350931,2.756666,0.001703
720575940628164140,FB.765,2.799844,2.298626,0.0
720575940628165019,FB.137,3.388395,3.881206,0.003718
720575940628168458,FB.67,3.542273,4.061965,0.005879
720575940628174415,FB.178,3.169916,3.2903,0.0
720575940628182722,FB.1376,2.113572,3.012845,0.0
720575940628194895,FB.1025,2.157263,3.832975,0.0
720575940628206391,FB.515,3.29877,3.762561,2.8e-05
720575940628207951,FB.971,2.91879,3.274981,0.0
720575940628211244,FB.293,3.337557,4.304703,0.002699
720575940628211340,NO.113,2.350729,0.797536,0.0
720575940628218959,NO.139,2.632073,1.909879,0.0
720575940628219479,FB.292,3.156395,4.487145,0.000426
720575940628320515,FB.764,3.143824,4.071902,1.1e-05
720575940628352000,FB.1335,1.948298,3.26508,0.0
720575940628377856,FB.MB_ML.1,3.131648,4.612735,0.004762
720575940628382203,FB.369,3.024389,2.693492,9e-06
720575940628386686,FB.719,3.055852,4.10468,0.0
720575940628386942,FB.578,2.798354,3.87848,0.0
720575940628458812,FB.718,3.238622,4.218278,0.001034
720575940628471868,FB.1128,2.866285,2.993667,0.0
720575940628493572,EB.23,0.561744,0.790619,0.000206
720575940628523819,FB.206,3.421654,2.393686,0.001183
720575940628527247,FB.12,3.377195,4.636306,0.003469
720575940628567034,FB.639,2.976328,3.737072,9.9e-05
720575940628576250,FB.318,3.245107,4.576614,0.001025
720575940628585922,NO.215,1.444024,1.743925,0.0
720575940628585978,FB.916,3.525071,3.068503,0.0
720575940628621563,FB.341,3.434314,3.673616,0.000383
720575940628628987,FB.203,3.054067,4.213309,0.0
720575940628639735,FB.1075,2.66433,2.378915,0.0
720575940628668610,FB.970,3.09729,2.601361,0.0
720575940628675948,FB.954,2.924929,3.712704,0.0
720575940628695034,FB.1150,2.88503,2.89585,0.0
720575940628695660,FB.1127,2.831283,3.647233,0.0
720575940628705271,FB.356,2.998056,3.051859,1.6e-05
720575940628707858,FB.932,3.012436,2.769374,2e-06
720575940628708624,FB.686,3.0858,3.311797,0.004137
720575940628710014,FB.SMP.24,1.948216,3.466399,0.0
720575940628716360,FB.391,3.072092,3.501106,0.0
720575940628720079,FB.1024,2.806754,2.521386,1e-06
720575940628733292,EB.76,0.522597,2.389571,0.0
720575940628763002,NO.FB.65,2.525125,2.421707,1.7e-05
720575940628764268,FB.883,3.113006,3.808449,0.0
720575940628766780,FB.824,3.016611,3.905321,0.0
720575940628789626,FB.435,2.819069,4.709885,0.002777
720575940628789698,FB.1317,2.590214,3.252728,0.0
720575940628793982,FB.3,3.551152,4.448779,0.00524
720575940628797512,FB.850,2.913159,2.804234,1.7e-05
720575940628802041,EB.22,0.775235,0.808616,0.0
720575940628802632,FB.1105,2.833838,2.778624,0.000604
720575940628805327,FB.1239,3.010631,2.04581,0.0
720575940628805636,FB.1372,2.570394,2.4081,0.0
720575940628809687,SMP.FB.6,3.467085,3.776827,0.000112
720575940628810071,FB.803,2.660966,3.111292,1e-06
720575940628812548,FB.1236,2.755155,3.191492,0.0
720575940628819447,NO.FB.71,2.508339,1.673108,0.0
720575940628843458,EB.9,0.814426,0.805193,0.0
720575940628856514,CRE.FB.25,2.985128,2.492331,0.0
720575940628858873,FB.SMP.64,0.733476,2.750859,0.0
720575940628860476,FB.344,3.110917,4.852172,0.000844
720575940628883838,FB.1060,2.457414,1.703625,3.1e-05
720575940628907524,FB.255,3.322654,4.40533,0.001286
720575940628909950,SMP.1375,2.37132,2.2438,0.0
720575940628940994,SMP.FB.24,3.293441,3.27195,0.0
720575940628967168,CRE.FB.28,3.070919,2.980832,2e-06
720575940628972119,NO.146,2.817476,2.035802,0.0
720575940628990713,FB.702,3.101402,3.858981,0.0
720575940628999929,FB.753,2.94268,3.662537,0.000493
720575940629000603,FB.244,3.109625,3.206935,1e-06
720575940629008079,FB.1375,2.832317,1.962131,0.0
720575940629039660,FB.57,3.063928,4.780842,0.014586
720575940629076473,FB.134,3.216624,4.609063,0.002841
720575940629079084,FB.1277,2.033154,3.983931,0.0
720575940629111035,FB.CRE.19,2.315656,3.133794,0.0
720575940629112060,FB.267,3.365801,3.541097,0.0
720575940629112579,NO.FB.1,3.584005,3.638336,0.0
720575940629113388,FB.180,4.116448,3.951098,0.008502
720575940629133820,FB.1325,1.848389,2.245933,0.00019
720575940629135378,FB.1149,3.077919,2.185495,0.0
720575940629139708,FB.1282,3.231939,3.090237,0.0
720575940629174012,FB.166,3.211474,4.027248,0.000287
720575940629196283,FB.882,3.083675,3.059729,0.000624
720575940629202681,FB.1023,3.120295,3.443682,0.000155
720575940629213639,EB.139,0.73351,0.788705,1.2e-05
720575940629229586,FB.900,2.943508,2.419294,0.0
720575940629272850,FB.1168,3.020657,3.274739,3e-05
720575940629315900,FB.1194,2.739472,2.548413,0.0
720575940629331663,FB.514,2.860203,4.490804,0.001421
720575940629342479,FB.281,3.462267,3.624033,2.1e-05
720575940629343196,FB.1126,2.718911,3.159469,1e-06
720575940629345527,SMP.1178,2.33237,2.855633,0.0
720575940629372747,FB.787,2.949935,3.001677,7e-06
720575940629391179,FB.1096,2.973993,3.103805,0.0
720575940629423580,FB.CRE.75,2.129564,4.097646,0.0
720575940629424202,FB.590,3.291844,3.218131,2.2e-05
720575940629468739,FB.317,3.282937,4.410591,0.00073
720575940629469378,AOTU.CRE.16,1.930575,2.243189,0.000987
720575940629483735,FB.385,3.118582,4.657992,0.002227
720575940629497462,NO.58,2.518011,2.071393,0.0
720575940629506012,FB.111,3.520141,3.549694,0.022253
720575940629516793,NO.193,2.240374,1.145388,0.0
720575940629526570,NO.FB.21,4.030412,2.653755,0.0
720575940629535788,FB.1001,3.147565,2.890658,0.0
720575940629538858,FB.802,3.130814,2.551021,1e-05
720575940629550039,NO.80,2.427952,2.115765,0.0
720575940629552633,FB.763,2.598757,4.149162,0.0
720575940629576960,FB.1356,2.085111,3.019394,0.0
720575940629597647,NO.90,2.048363,1.740021,0.0
720575940629606475,FB.LAL.37,0.748767,3.659145,0.012146
720575940629609167,NO.112,2.537434,1.907095,0.0
720575940629615417,SMP.FB.27,3.097691,2.285325,8e-06
720575940629681168,AOTU.FB.41,2.068666,2.296439,0.0
720575940629691753,GA.PB.1,0.977923,2.247684,0.0
720575940629699781,FB.326,2.918224,3.45043,0.000765
720575940629700138,FB.915,2.91529,3.698489,0.0
720575940629703722,FB.685,3.016441,3.962248,0.0
720575940629711376,EB.184,1.094083,2.564365,0.0
720575940629712727,NO.FB.23,4.07228,3.563027,0.0
720575940629720848,EB.137,0.489064,0.565501,0.0
720575940629733114,EB.167,0.647258,1.290811,0.0
720575940629750138,LAL.FB.1,3.339125,3.431198,4e-06
720575940629757496,FB.668,3.1277,3.08244,7e-06
720575940629758762,NO.FB.32,4.17939,3.512867,0.0
720575940629801291,FB.SMP.41,1.938503,3.666455,0.0
720575940629823993,FB.969,2.977046,3.421778,0.0
720575940629827907,FB.762,3.1454,3.881067,0.0
720575940629836611,FB.881,2.459444,1.89427,5.1e-05
720575940629842499,FB.1223,2.968967,3.024709,0.0
720575940629846636,FB.1193,3.013893,3.125669,0.0
720575940629846841,FB.1022,3.060801,3.904546,2e-06
720575940629860683,FB.801,3.01456,3.488716,0.0
720575940629864515,FB.1238,2.916905,2.571987,0.0
720575940629899628,FB.968,3.150722,2.141753,0.000857
720575940629902206,EB.18,0.762756,2.23192,0.0
720575940629907052,FB.1334,2.575366,2.636384,0.0
720575940629909199,FB.121,3.166381,4.107955,0.000205
720575940629922934,FB.LAL.19,2.516345,4.931273,0.000534
720575940629947704,FB.SMP.9,2.007673,3.912204,0.0
720575940629955915,FB.684,3.282552,4.06493,0.000313
720575940629957432,FB.1354,2.771731,1.38274,0.0
720575940629983884,FB.1074,2.953007,3.267969,0.0
720575940629999119,NO.75,3.600618,0.689187,0.0
720575940630007237,SMP.FB.21,3.397907,3.517075,0.000889
720575940630007916,FB.145,4.213608,4.014385,0.018509
720575940630017593,FB.1192,2.798138,3.124189,0.0
720575940630019323,NO.FB.12,4.2163,3.751071,6e-05
720575940630019385,FB.736,2.867394,4.319936,0.001905
720575940630020409,FB.531,3.310041,3.750495,0.000864
720575940630021115,FB.249,3.30275,4.478061,0.003433
720575940630025528,FB.316,3.19974,4.686642,0.001092
720575940630050105,NO.FB.51,2.370225,0.732879,0.0
720575940630057258,FB.269,3.164093,2.722865,0.002316
720575940630058827,NO.122,2.741257,1.33008,0.0
720575940630087030,FB.588,3.081845,4.066955,0.0
720575940630089031,FB.445,3.373785,3.901731,0.0
720575940630111628,FB.1191,2.875076,1.701616,0.0
720575940630145071,SLP.FB.12,2.977605,3.022579,0.0
720575940630148655,FB.462,2.933336,4.530491,0.00036
720575940630179781,FB.222,2.864083,3.149785,0.000597
720575940630199759,FB.355,3.121064,4.359332,0.000794
720575940630252955,SMP.FB.42,3.395795,1.710422,0.0
720575940630256402,FB.374,2.678953,4.27654,0.001408
720575940630268044,FB.1190,2.903723,3.156498,1e-06
720575940630278028,NO.79,2.677244,2.035739,0.0
720575940630286639,SMP.1861,2.0824,2.418364,0.0
720575940630293445,SLP.533,2.981533,1.999385,0.0
720575940630306095,FB.558,2.95692,3.354087,0.0
720575940630329820,FB.1299,2.729663,1.723215,0.0
720575940630335596,FB.701,3.310269,4.549823,0.000517
720575940630398551,FB.1021,3.158374,3.037149,0.0
720575940630404655,FB.899,3.397256,3.277551,0.0
720575940630410321,NO.173,2.238631,1.520263,0.0
720575940630411311,FB.1046,3.135354,2.890346,0.000148
720575940630411823,NO.253,1.832861,1.187366,0.0
720575940630427340,FB.1059,2.74863,2.36393,4e-06
720575940630434430,FB.1070,2.929885,2.541894,0.0
720575940630444625,FB.65,3.337788,4.613875,0.010154
720575940630463007,FB.1353,2.380971,2.522737,0.0
720575940630479631,FB.1343,2.847908,3.101189,0.0
720575940630504991,FB.1095,2.810866,3.455489,0.0
720575940630520314,FB.98,4.302063,4.022425,0.090367
720575940630539335,FB.652,3.116122,2.565972,0.0
720575940630541416,FB.866,2.662438,3.251367,1.2e-05
720575940630556743,FB.493,3.333024,3.762062,0.001719
720575940630580255,FB.914,3.111837,3.151789,0.000203
720575940630590255,FB.89,3.152468,4.387449,0.00511
720575940630591506,FB.638,3.005608,3.393745,0.000762
720575940630596921,NO.252,1.96029,1.905128,0.0
720575940630631736,FB.LAL.45,0.740101,3.030197,0.000365
720575940630644132,FB.967,2.893713,3.358818,0.0
720575940630666404,EB.144,0.786388,0.22722,0.0
720575940630671953,FB.161,3.055847,3.655321,0.000751
720575940630692143,FB.760,3.421613,3.735401,0.0
720575940630696399,FB.429,3.13065,3.293064,0.0
720575940630706247,AOTU.FB.45,1.909852,2.158649,1e-06
720575940630735378,FB.1125,3.019561,3.715464,0.0
720575940630736170,FB.1000,3.085334,2.86057,0.0
720575940630748876,FB.230,3.116497,4.104104,6.8e-05
720575940630755276,EB.270,0.770805,3.71002,8e-06
720575940630758014,NO.100,2.625029,2.007344,0.0
720575940630764359,FB.717,2.877342,3.52259,0.000648
720575940630769612,FB.1073,3.148494,2.815493,0.0
720575940630773585,FB.74,3.470541,3.456646,0.009391
720575940630786733,NO.251,1.964443,1.673228,0.0
720575940630792275,FB.1189,3.230704,2.946627,0.0
720575940630800066,FB.494,3.284106,3.938087,0.0
720575940630814762,FB.402,2.903473,4.42025,4e-05
720575940630815059,SMP.1258,2.417053,2.223913,0.0
720575940630819599,FB.215,3.365297,2.389972,6.4e-05
720575940630822175,FB.291,3.226126,4.803643,0.001046
720575940630836807,FB.822,2.896989,2.903879,0.000147
720575940630840493,FB.43,3.417824,4.036002,0.000922
720575940630844447,FB.1094,3.155005,2.937491,0.0
720575940630849325,FB.440,2.919222,3.830897,0.0
720575940630852300,FB.1124,2.630942,3.556167,0.0
720575940630892344,FB.622,3.350323,3.794007,5.2e-05
720575940630894583,FB.1256,2.909799,1.64416,0.0
720575940630898515,FB.1374,2.391977,2.684262,0.0
720575940630900983,FB.923,3.438582,3.002595,0.000596
720575940630904121,EB.112,0.55845,0.566106,0.0
720575940630941783,FB.373,3.102581,2.75297,1.1e-05
720575940630941994,FB.148,4.162189,3.9968,0.018252
720575940630976568,FB.190,2.90261,4.661496,0.003177
720575940630979748,FB.953,3.129563,3.109786,3.9e-05
720575940630980409,SMP.FB.3,3.337896,3.861729,0.001405
720575940630982712,SMP.FB.38,3.25018,2.978151,8e-05
720575940630984749,NO.250,1.999005,1.008772,0.0
720575940630985811,FB.1276,2.989356,3.291684,0.0
720575940630993581,FB.966,3.080896,2.61109,5e-06
720575940631004728,FB.506,2.948895,4.667762,0.000404
720575940631024977,NO.104,2.374294,2.040768,0.0
720575940631025219,FB.524,2.968574,4.700071,0.00542
720575940631049519,NO.FB.30,4.00017,3.376214,0.0
720575940631058861,FB.1373,2.199026,3.080249,0.0
720575940631080552,FB.821,2.831893,2.841639,0.000769
720575940631086649,FB.637,3.042674,3.488883,0.0
720575940631089256,FB.SMP.26,2.069902,3.843062,0.0
720575940631100124,FB.1034,2.446394,1.724782,4.9e-05
720575940631119827,FB.276,3.435724,3.438325,0.0
720575940631125036,EB.10,1.372305,0.707328,0.00067
720575940631132985,FB.1386,2.3167,2.262375,0.0
720575940631151663,FB.LAL.14,0.778519,4.838062,0.000923
720575940631165613,FB.1020,2.822486,3.139305,0.0
720575940631255656,FB.800,3.632475,2.933306,0.0
720575940631257647,FB.90,3.189751,4.358487,0.005023
720575940631282247,LAL.FB.3,3.059561,2.133534,2e-06
720575940631303212,FB.671,3.038997,3.796068,0.0
720575940631347596,FB.66,3.119182,4.695111,0.012509
720575940631353683,FB.1316,3.012141,3.210922,0.0
720575940631366483,FB.310,3.314268,4.289256,0.001296
720575940631369149,NO.153,2.272207,1.330231,1e-06
720575940631372369,EB.143,1.757258,0.440651,1e-06
720575940631372845,FB.1093,2.965255,3.466553,0.0
720575940631398308,FB.340,3.250523,3.529042,0.0
720575940631413156,FB.242,2.824035,4.350324,0.00238
720575940631426700,FB.786,2.98546,3.45842,0.000436
720575940631449411,FB.9,3.242431,3.379718,0.003931
720575940631468258,FB.1315,2.502603,3.455956,0.0
720575940631477677,FB.418,3.123619,2.758926,0.000165
720575940631483167,FB.700,3.324128,4.341864,0.002618
720575940631487047,EB.98,0.329144,0.47647,0.0
720575940631508255,FB.88,3.238553,4.588137,0.005569
720575940631520839,NO.64,4.020812,1.924591,0.0
720575940631552204,FB.1167,3.016463,3.729465,0.0
720575940631572305,FB.302,3.142709,3.466203,0.000905
720575940631614675,FB.557,3.094399,4.076748,2.6e-05
720575940631619384,FB.83,3.354291,3.443298,0.014276
720575940631620689,FB.785,3.359745,4.53229,0.030296
720575940631621145,FB.SMP.70,2.039945,3.711213,0.0
720575940631625953,FB.999,3.357246,2.459795,0.001061
720575940631626491,CRE.71,2.960503,0.670186,0.0
720575940631638073,FB.759,3.107468,2.605499,0.0
720575940631639972,FB.354,3.044226,3.830173,0.0
720575940631701499,CRE.FB.39,3.001966,2.577938,0.0
720575940631724717,NO.211,1.860934,1.051156,0.0
720575940631725011,FB.229,3.354114,4.441218,0.001451
720575940631725087,FB.784,3.394632,4.28363,0.00293
720575940631729720,FB.401,3.025388,3.259825,0.0
720575940631785441,FB.253,2.658313,4.41466,7.2e-05
720575940631814085,FB.815,3.150604,2.816238,4.3e-05
720575940631822663,AOTU.FB.13,2.120622,2.059952,0.000157
720575940631824332,FB.505,3.401037,3.679112,0.0
720575940631831879,AOTU.FB.25,2.047945,2.002012,0.000985
720575940631839827,SMP.FB.9,3.404615,3.816492,0.000432
720575940631863583,FB.301,3.262271,3.947722,1.3e-05
720575940631911905,FB.460,2.941881,4.043248,0.0
720575940631958829,FB.280,3.061126,3.884099,0.0
720575940631983277,FB.275,3.222846,4.429683,0.00032
720575940631991507,FB.144,4.210745,4.018885,0.020973
720575940632052010,FB.1333,2.987643,3.317011,0.0
720575940632059673,FB.1222,2.736351,3.397145,0.0
720575940632074521,FB.735,3.108697,4.040968,0.0
720575940632088857,FB.1275,2.203161,1.59784,0.0
720575940632091929,FB.880,2.767959,2.840888,7e-06
720575940632097965,FB.290,3.077851,4.179002,0.000882
720575940632180909,FB.1092,2.809663,3.286995,6.1e-05
720575940632212039,FB.10,3.466249,4.346085,0.010064
720575940632216289,NO.FB.97,1.987984,1.529593,0.0
720575940632223132,FB.1237,1.972323,1.645201,0.0
720575940632255388,FB.1091,2.213186,4.168517,0.0
720575940632259865,FB.898,2.885186,4.462356,0.0001
720575940632339682,NO.FB.10,4.102793,3.73919,0.000267
720575940632372380,FB.716,3.038352,3.961107,0.0
720575940632402588,FB.459,3.441323,4.74664,0.0
720575940632423442,FB.939,3.169251,3.081543,1e-06
720575940632424011,FB.565,3.258446,4.678534,0.000219
720575940632496938,FB.752,4.063474,3.387182,0.0
720575940632614295,EB.35,0.738926,0.294284,0.0
720575940632640703,FB.1221,2.671559,3.566746,0.0
720575940632646189,CRE.FB.20,2.72114,2.731416,0.0
720575940632651219,FB.52,3.263935,4.748496,0.026171
720575940632669977,NO.FB.8,2.871448,1.218805,1.7e-05
720575940632677331,FB.1274,2.982688,2.236021,0.0
720575940632716128,FB.734,3.087586,3.635618,6e-06
720575940632718944,FB.667,3.345381,4.519386,0.007113
720575940632720279,FB.325,2.847621,4.325749,0.0
720575940632732985,FB.58,3.387812,4.405758,0.001617
720575940632735545,FB.378,3.438596,3.474469,4.8e-05
720575940632735584,FB.353,3.16515,3.51072,1.2e-05
720575940632736703,EB.170,0.521366,0.227033,0.0
720575940632742099,EB.FB.4,3.2717,3.033199,0.004676
720575940632769175,FB.496,3.023748,2.901867,1.3e-05
720575940632803007,FB.931,3.039477,3.321956,3e-06
720575940632803223,FB.233,2.74934,4.281518,0.002417
720575940632825913,FB.77,4.322852,4.064984,0.136775
720575940632827496,FB.1158,2.987382,2.984174,0.0
720575940632830056,SMP.FB.17,3.244436,3.441493,0.0
720575940632841367,FB.865,3.000434,2.791964,1.3e-05
720575940632862177,FB.228,3.363059,3.518529,0.000116
720575940632880224,AOTU.BU.41,1.84699,1.742109,0.0
720575940632891106,FB.156,4.26573,4.015553,0.076446
720575940632894304,AOTU.FB.38,2.074677,2.437635,0.000986
720575940632934355,FB.838,2.932515,3.49573,0.0
720575940632943199,FB.984,2.98377,3.269723,2.4e-05
720575940632988351,EB.93,1.094106,2.402783,0.0
720575940632992922,FB.699,2.20606,4.309241,0.0
720575940632994399,EB.274,0.768152,3.167236,8e-06
720575940633013412,FB.104,3.141124,3.956837,0.006624
720575940633021084,NO.FB.73,2.130902,1.673715,0.0
720575940633054874,FB.1273,2.710285,3.304883,0.0
720575940633057762,FB.324,3.278494,3.368096,0.0
720575940633120151,FB.1332,2.127101,2.667876,0.0
720575940633135455,FB.1148,2.531855,2.428239,4e-06
720575940633173412,FB.352,3.146181,3.844463,0.0
720575940633173668,FB.201,3.217287,4.018161,0.0
720575940633177696,FB.SMP.4,2.839223,2.677708,0.0
720575940633227055,FB.1323,2.693534,2.176613,0.0
720575940633228615,AOTU.FB.8,2.387071,2.480533,0.0
720575940633242449,FB.601,2.859505,4.449962,0.000498
720575940633271447,FB.897,2.355504,4.23306,0.0
720575940633303743,NO.89,3.865229,1.326398,0.0
720575940633305951,AOTU.FB.47,2.025998,1.710469,0.001231
720575940633368171,NO.131,2.327093,1.8596,1e-06
720575940633391211,FB.1314,2.828823,3.245126,0.0
720575940633412971,FB.783,3.29689,4.33568,0.001481
720575940633423255,NO.FB.67,2.259879,1.84415,0.0
720575940633437176,FB.51,3.255959,4.886955,0.019653
720575940633442468,FB.MB_ML.5,3.318389,4.606702,0.006323
720575940633515420,FB.333,2.905269,3.2496,3.6e-05
720575940633519514,FB.577,3.017133,4.544718,0.001128
720575940633537823,FB.823,3.431009,3.471916,0.000307
720575940633620132,EB.FB.2,3.45939,3.023411,0.00481
720575940633623743,NO.96,2.502183,1.826492,0.0
720575940633658559,NO.9,2.727842,2.057713,0.0
720575940633676479,FB.513,3.403188,3.499696,0.0
720575940633738903,FB.1424,1.528133,2.68881,0.0
720575940633741613,FB.314,3.13181,3.36874,0.0
720575940633744747,FB.467,3.508709,4.34457,0.002342
720575940633791571,FB.740,2.627136,2.958156,0.000179
720575940633792595,FB.313,3.616782,3.544733,0.0
720575940633797677,FB.461,3.09508,4.301055,7.1e-05
720575940633815800,NO.FB.117,2.469046,1.522003,0.0
720575940633909600,FB.116,3.102591,4.59747,0.008635
720575940633913239,FB.1019,2.878145,2.614976,0.0
720575940633924653,FB.674,2.996341,2.217048,8e-06
720575940633936279,FB.512,3.351792,3.019088,0.0
720575940633982303,FB.621,2.914947,4.475611,0.002815
720575940634036159,NO.63,2.715293,2.50333,3.5e-05
720575940634040244,FB.1147,3.146351,2.782887,0.0
720575940634043640,FB.1166,2.70382,3.065516,0.0
720575940634046399,FB.837,3.281334,4.382516,0.000362
720575940634062328,FB.820,2.508729,1.869352,2.3e-05
720575940634066424,FB.368,2.924213,3.149962,5.7e-05
720575940634076115,FB.709,3.666698,3.220793,0.009338
720575940634081272,FB.CRE.96,1.528108,3.163942,0.0
720575940634145436,FB.142,3.166574,4.219487,0.002019
720575940634173176,FB.1411,1.798152,2.353817,0.0
720575940634192339,FB.1355,2.656865,3.055715,0.0
720575940634221935,FB.367,2.911993,2.740801,4.6e-05
720575940634244207,NO.192,2.076312,0.741984,0.0
720575940634248184,FB.1045,3.118689,3.204037,0.002414
720575940634258131,FB.988,2.598514,4.167418,0.0
720575940634280288,FB.79,3.293179,4.022528,0.000446
720575940634288595,FB.799,3.412419,3.595941,0.0
720575940634308959,FB.576,3.056271,3.506019,0.0
720575940634309565,FB.1220,2.932303,3.446258,0.0
720575940634313071,FB.39,3.062922,4.717571,0.013371
720575940634338515,LAL.491,2.904223,2.729739,0.0
720575940634360056,NO.295,2.159998,1.179753,0.0
720575940634360824,NO.40,4.072868,2.534789,0.0
720575940634376440,SLP.FB.9,3.397219,2.268897,0.0
720575940634407520,FB.200,2.952815,3.396436,0.0
720575940634419051,FB.110,3.484345,4.110695,0.006385
720575940634488939,FB.698,2.877625,3.581345,0.0
720575940634489592,FB.733,2.824187,4.37371,0.00174
720575940634534255,FB.189,2.812737,4.331091,0.004764
720575940634539877,SMP.939,2.657617,2.870139,0.0
720575940634575711,NO_CONS.2567,2.74538,2.454205,0.0
720575940634647732,FB.185,2.890175,4.517858,0.006473
720575940634655924,FB.1146,3.099082,3.095409,0.0
720575940634701025,FB.82,3.815016,3.572206,0.0
720575940634752225,FB.1006,2.863894,2.386937,2e-05
720575940634772671,FB.1036,2.779751,2.194936,0.0
720575940634788600,FB.193,3.614823,3.585764,0.0
720575940634809230,FB.1090,2.886145,3.523734,1.1e-05
720575940634843247,NO.FB.29,4.009942,3.562578,0.0
720575940634909807,FB.393,2.972361,3.964167,0.0
720575940634996878,AOTU.FB.24,2.151737,2.481035,0.000987
720575940635038309,FB.530,3.232894,2.872604,0.000292
720575940635095452,FB.143,3.256224,4.702046,0.013223
720575940635119758,FB.1145,2.254659,4.324183,0.0
720575940635152153,EB.118,0.442564,1.289485,2e-06
720575940635183728,FB.1363,2.066974,3.428611,0.0
720575940635201422,NO.82,2.438194,1.944256,0.0
720575940635223152,FB.556,2.992707,2.910694,0.0
720575940635229797,NO.62,2.313438,2.461818,0.0
720575940635239342,NO.129,2.327512,0.479427,0.0
720575940635319407,FB.1018,3.1256,3.12153,0.000488
720575940635319663,FB.138,4.196631,3.986364,0.016978
720575940635395429,FB.913,3.158041,2.904347,1e-06
720575940635412622,NO.FB.43,2.939111,1.96528,0.0
720575940635427982,EB.45,1.226395,0.805382,0.0
720575940635462318,NO.171,1.837432,1.673366,0.0
720575940635467150,FB.LAL.12,0.940077,4.840902,3.3e-05
720575940635530359,FB.214,3.078411,4.981697,0.009598
720575940635568480,FB.980,2.421908,2.089499,1.1e-05
720575940635586851,NO.97,2.358428,2.137194,0.0
720575940635622039,FB.1308,2.67763,2.709241,0.0
720575940635632023,FB.262,3.166425,4.781102,0.00762
720575940635640974,FB.232,3.285959,3.846848,0.001448
720575940635666409,FB.1123,3.051951,3.048287,0.0
720575940635678942,FB.192,3.392156,4.542794,0.004497
720575940635814512,NO.78,2.470525,2.1449,0.0
720575940635852766,FB.930,3.02078,3.382001,0.0
720575940635869541,FB.1219,2.731355,3.268957,0.0
720575940635886057,FB.1144,3.018476,2.468713,0.0
720575940635887593,FB.951,2.956301,3.339904,0.0
720575940635911396,FB.1235,2.82669,3.725731,0.0
720575940635969758,FB.101,3.385794,4.696113,0.057048
720575940635990640,FB.LAL.1,1.368632,5.006043,0.007014
720575940635992718,FB.400,3.066269,2.430374,0.00049
720575940636063204,FB.PB.1,3.066744,4.565631,0.0
720575940636069348,FB.71,3.203654,4.627631,0.013913
720575940636129758,FB.862,2.922568,2.076542,0.0
720575940636143796,FB.1089,3.066,3.201721,0.0
720575940636191977,FB.651,3.142202,3.898304,0.0
720575940636212964,FB.666,2.75282,3.199,0.000332
720575940636229183,FB.241,3.060096,4.946588,0.006656
720575940636260442,FB.1272,2.915074,3.674681,0.0
720575940636271706,FB.1313,2.817107,3.567357,0.0
720575940636313701,FB.93,3.141268,4.174558,0.010186
720575940636322367,FB.1312,2.74038,2.622729,4.3e-05
720575940636330217,FB.861,2.968156,3.982383,0.0
720575940636330729,FB.998,2.662914,3.154306,0.0
720575940636345707,FB.278,3.092028,3.518282,0.000485
720575940636381673,SMP.FB.11,3.400061,3.857665,0.002442
720575940636395610,EB.195,0.442095,2.213811,3.8e-05
720575940636413176,EB.221,0.768171,3.173805,0.000964
720575940636455280,EB.FB.1,3.435314,3.383818,0.010703
720575940636513784,FB.1423,1.949097,2.179211,0.0
720575940636588724,FB.96,3.025637,4.066474,0.002845
720575940636702174,FB.714,3.33062,3.781889,2.9e-05
720575940636730694,EB.39,1.245075,0.566732,2e-06
720575940636735198,FB.466,3.047453,4.739582,0.001486
720575940636779753,AOTU.CRE.27,1.112622,1.529239,0.0
720575940636802532,NO.FB.49,2.621752,1.739141,0.0
720575940636841840,FB.227,3.254669,2.630544,0.000961
720575940636914287,FB.761,3.400123,4.552673,0.019176
720575940636916713,NO.95,2.2215,1.910389,0.0
720575940636923108,FB.95,4.283449,4.142671,0.100743
720575940636924479,FB.372,2.949752,3.118804,0.000453
720575940636938212,FB.199,2.862373,2.981171,0.00669
720575940636969182,FB.683,3.298155,4.267213,0.004876
720575940636996324,SMP.FB.33,3.110828,2.095875,0.0
720575940637057614,FB.575,2.948623,3.45176,0.0
720575940637066352,FB.620,2.988647,4.40981,2.1e-05
720575940637195895,FB.938,3.271187,2.977801,0.0
720575940637211957,FB.1072,2.8381,3.058128,0.0
720575940637224937,FB.366,3.324833,3.024106,0.000672
720575940637238505,FB.123,3.255177,4.810341,0.009169
720575940637242421,FB.392,3.410066,3.858246,1.6e-05
720575940637260622,FB.504,2.894409,3.275985,0.0
720575940637303415,FB.109,3.423978,4.411756,0.009805
720575940637344613,FB.903,2.846459,2.759517,0.0
720575940637354047,FB.586,3.83405,3.244667,0.0
720575940637455593,FB.434,2.997402,4.251099,0.0
720575940637475561,FB.LAL.47,0.741645,3.216238,0.001099
720575940637477565,FB.798,3.043709,2.673805,0.0
720575940637487593,EB.108,0.768135,2.347243,0.0
720575940637487694,FB.1297,2.932545,3.415373,0.0
720575940637503603,FB.1188,3.195622,2.975322,0.0
720575940637519165,FB.SMP.50,2.20453,3.26222,0.0
720575940637558618,FB.399,3.007446,4.816169,0.000255
720575940637567822,AOTU.FB.6,2.381443,2.678994,0.000987
720575940637625203,FB.1187,2.865272,3.013911,0.0
720575940637653605,SMP.FB.46,3.066351,2.718399,0.0
720575940637674915,FB.1044,2.457576,1.847179,1.2e-05
720575940637681267,EB.173,0.381827,2.54426,1e-06
720575940637703750,FB.503,3.289166,2.567799,0.001136
720575940637729370,FB.119,3.142928,4.46097,0.009464
720575940637745853,FB.878,2.772597,3.115304,0.0
720575940637783971,FB.1088,2.750548,3.265977,0.0
720575940637791549,SMP.FB.35,2.926535,2.248462,0.0
720575940637794163,FB.1035,3.061842,2.830878,0.0
720575940637804915,FB.451,3.086085,4.458474,0.000117
720575940637824189,SLP.FB.3,3.495519,2.055957,0.005739
720575940637862062,EB.77,0.437056,2.011563,0.0
720575940637898072,FB.782,2.903833,2.868747,1.6e-05
720575940637899197,AOTU.FB.2,2.508702,3.1155,0.007865
720575940637906803,FB.682,3.012839,4.036056,7e-06
720575940637912739,FB.819,2.919523,3.236438,0.000654
720575940637924324,CRE.FB.11,3.109476,3.135682,0.0
720575940637969222,SLP.FB.5,3.109639,1.879163,0.0
720575940637983814,FB.567,2.906482,4.442192,0.003063
720575940637994328,FB.1071,2.887348,3.265469,0.000262
720575940638006128,FB.312,2.999857,4.25059,0.00104
720575940638013759,CRE.FB.30,3.004438,3.356367,0.0
720575940638017862,NO.52,2.361603,2.239194,0.0
720575940638027497,FB.18,3.835723,4.129144,0.024048
720575940638055024,FB.SMP.23,2.844254,2.124989,0.0
720575940638055869,EB.142,0.558214,0.311553,1e-06
720575940638060632,PB.FB.5,4.215922,3.738592,0.0
720575940638070505,FB.574,3.229512,3.332224,0.001844
720575940638070862,NO.170,2.218925,1.491613,0.0
720575940638076733,NO.7,3.067179,1.29804,0.000343
720575940638113085,FB.1017,2.395477,1.679175,1.8e-05
720575940638114357,FB.50,3.159529,4.664627,0.016712
720575940638124656,FB.381,3.020717,3.566672,0.0
720575940638250112,FB.236,3.325988,4.433141,0.002182
720575940638251904,FB.1342,2.963698,3.078422,0.0
720575940638252672,FB.697,2.773588,2.864874,9.6e-05
720575940638278333,SMP.FB.10,3.321602,3.342337,0.0
720575940638302592,FB.1362,2.593346,2.233516,0.0
720575940638305853,FB.965,3.3749,1.906672,0.0
720575940638310784,FB.636,3.010978,2.908784,0.000292
720575940638328765,FB.150,3.358292,4.74688,0.007369
720575940638490531,NO.57,2.528604,2.360216,0.0
720575940638494416,NO.69,2.399974,0.960924,0.000918
720575940638498000,NO.FB.145,2.392752,1.3607,0.0
720575940638542424,NO.FB.28,4.146418,3.14939,0.0
720575940638542936,NO.191,1.611085,1.008909,0.0
720575940638576462,FB.1122,2.77525,3.68788,0.0
720575940638612190,AOTU.FB.36,1.946773,2.192826,0.0
720575940638647459,FB.1143,2.258883,1.7291,0.0
720575940638662232,NO.39,2.892722,1.825786,0.0
720575940638663000,NO.19,2.879682,1.770808,0.0
720575940638678131,FB.732,2.524459,3.294196,1.5e-05
720575940638709632,FB.299,3.324869,3.617718,0.000639
720575940638845648,NO.128,2.487998,0.689219,0.0
720575940638846848,NO.246,1.861639,1.688238,0.0
720575940638857424,FB.731,3.136344,3.750069,3e-06
720575940638888819,FB.585,3.273203,2.991344,0.0
720575940638890192,FB.1218,3.064306,3.052405,0.0
720575940638901875,FB.LAL.29,0.77852,4.853157,0.002038
720575940639065472,FB.240,3.034917,2.77171,4.7e-05
720575940639184361,FB.421,3.29785,3.401574,4e-05
720575940639278399,EB.3,2.414236,4.300243,0.017344
720575940639279679,FB.975,3.037624,3.834258,7e-05
720575940639322752,FB.221,3.197997,4.146256,1e-06
720575940639400307,FB.1311,2.985834,3.487719,0.0
720575940639404416,FB.59,3.273674,4.729733,0.014585
720575940639410291,FB.15,3.751429,4.105824,0.061415
720575940639426805,EB.129,0.687622,2.193749,0.0
720575940639468789,FB.584,3.347371,3.811074,5e-05
720575940639473909,NO.FB.20,4.106161,3.650532,0.000129
720575940639590528,NO.FB.26,4.13313,3.513138,0.0
720575940639596507,FB.635,3.405176,3.831316,0.00124
720575940639598963,FB.1234,2.972006,3.330353,0.0
720575940639693008,FB.836,2.599061,4.348797,0.0
720575940639702435,FB.152,3.129288,4.007974,0.000242
720575940639710883,FB.176,3.078241,4.556701,0.013443
720575940639782875,FB.SMP.13,1.938508,3.816688,0.0
720575940639812304,FB.997,2.8489,3.361503,9.1e-05
720575940639861301,LAL.FB.4,3.515792,2.954659,0.0
720575940639924176,FB.365,3.001769,3.007201,3.4e-05
720575940639935963,NO.FB.13,3.025198,1.113722,0.000125
720575940639961653,AOTU.FB.54,2.465866,2.98657,0.000266
720575940639978704,FB.1186,2.45554,3.453073,0.0
720575940640002256,FB.536,2.734445,2.845381,1e-06
720575940640008400,FB.428,3.464742,3.667967,0.003093
720575940640039040,FB.40,4.012903,3.705085,3.3e-05
720575940640164029,FB.775,3.210696,4.089904,0.0
720575940640228661,FB.72,3.213032,4.481138,0.003316
720575940640241037,FB.1217,2.71585,3.426189,0.0
720575940640257152,FB.1058,2.666346,3.14784,0.0
720575940640356149,SAD.FB.1,3.253536,3.304489,0.0
720575940640486973,FB.20,3.452343,4.344181,0.004361
720575940640589683,FB.446,3.443457,3.558913,0.001135
720575940640698064,FB.996,2.862918,3.181273,0.0
720575940640749939,EB.1,2.199985,4.492586,0.075648
720575940640785267,NO.FB.31,4.048865,3.278608,0.0
720575940640850595,SMP.1792,2.668356,2.256285,0.0
720575940641173376,FB.403,3.264132,4.508493,0.001368
720575940641215104,FB.872,3.351354,4.499557,0.020243
720575940641239181,FB.681,3.324169,4.29444,0.002662
720575940641306765,FB.595,3.259725,3.425621,0.000162
720575940641557133,FB.877,2.847772,4.419353,0.000244
720575940641567885,FB.680,3.308299,4.137741,0.002592
720575940641591248,FB.742,3.229629,4.254026,0.00023
720575940641715144,FB.876,3.000343,3.689925,0.000191
720575940641981600,FB.713,2.903236,2.847376,0.000171
720575940642051232,FB.1296,2.883603,3.172989,0.0
720575940642071968,NO.135,2.424831,2.121375,0.0
720575940642476448,FB.125,3.429563,4.183564,0.000164
720575940642486747,NO.43,2.673672,1.995112,0.0
720575940642492360,FB.1216,3.138599,2.654373,0.0
720575940642837870,AOTU.BU.53,1.094421,1.175245,0.0
720575940642860192,FB.523,2.938262,4.042029,0.0
720575940642870820,FB.964,2.420769,1.943069,1.4e-05
720575940642877088,EB.148,0.771945,1.289848,2e-06
720575940642936100,FB.177,3.00415,4.50823,0.00226
720575940642984471,FB.1121,2.824654,2.825325,0.0
720575940643177495,FB.248,3.198496,3.866342,0.0
720575940643182372,AOTU.FB.23,2.002517,2.13808,0.000398
720575940643221271,NO.107,2.705727,2.040535,0.0
720575940643259336,FB.634,2.964246,3.591959,0.0
720575940643323592,FB.247,3.159427,3.736626,1.9e-05
720575940643338020,FB.94,2.99997,4.139129,0.004876
720575940643346336,FB.1371,2.22203,2.708129,0.0
720575940643408164,FB.92,3.352034,4.821193,0.015395
720575940643535982,NO.FB.129,1.795857,1.844324,0.0
720575940643567652,NO.103,2.628451,1.11368,0.0
720575940643638807,FB.860,3.044734,2.662615,8.2e-05
720575940643702551,NO.55,3.934715,2.380377,0.0
720575940643703588,FB.198,3.266874,4.519402,0.005212
720575940643745480,FB.288,3.304321,3.229327,7.9e-05
720575940643829284,FB.364,3.25513,2.692003,7.6e-05
720575940643915300,EB.122,0.489862,0.785303,4e-06
720575940643921444,FB.274,3.425297,3.79063,0.0
720575940643922724,FB.555,3.068202,3.529924,0.000459
720575940643937316,FB.195,3.337664,4.621879,0.002045
720575940644038180,FB.1057,3.110357,3.221635,0.000219
720575940644047908,FB.483,3.092536,3.511809,0.0
720575940644178468,FB.175,3.387007,3.606681,0.0
720575940644188439,FB.427,3.307073,3.157954,0.0
720575940644492055,FB.332,3.185871,4.559701,0.001581
720575940644525859,AOTU.FB.44,2.18035,1.869853,0.0
720575940644614947,FB.1383,2.378731,1.326328,0.0
720575940644615790,FB.CRE.22,2.060605,3.179587,0.0
720575940644658542,FB.390,3.350886,4.850685,0.003493
720575940644674851,CRE.FB.13,3.02143,2.332641,0.0
720575940644706083,FB.LAL.2,2.144755,4.962408,0.001745
720575940644733975,FB.384,3.235151,4.897884,0.020431
720575940644745120,SAD.FB.2,2.915836,2.935003,0.0
720575940644765463,EB.20,0.766098,2.438743,0.0
720575940644808227,FB.929,2.910236,2.518751,0.0
720575940644870167,FB.383,3.183869,2.718423,0.000633
720575940645002019,FB.1370,2.594492,2.207586,0.0
720575940645009699,NO.FB.15,4.126189,3.711262,0.000186
720575940645057828,EB.107,3.3355,1.377249,0.0
720575940645179592,EB.302,0.770802,1.804809,0.0
720575940645203235,FB.SMP.12,2.062727,3.873528,0.0
720575940645255476,FB.323,3.682687,3.820703,0.001621
720575940645273652,FB.1056,2.904458,2.799303,0.0
720575940645405060,FB.1310,2.431256,2.706859,0.0
720575940645448756,FB.1271,3.1381,2.951229,0.0
720575940645448995,NO.121,2.455393,0.479925,2e-05
720575940645464099,SMP.FB.5,3.100049,3.668333,0.0
720575940645927812,FB.896,3.006546,2.291828,0.000242
720575940646126644,FB.1270,2.889873,3.055368,0.000976
720575940646135940,SLP.FB.2,3.430307,2.076326,0.000969
720575940646521988,FB.1382,2.186191,3.207867,0.0
720575940646707076,FB.679,3.537034,3.237006,0.0
720575940646796932,SLP.142,3.022373,1.767209,0.000889
720575940647317113,AOTU.FB.50,2.076032,2.135845,0.000986
720575940647872889,NO.116,2.230643,1.844462,0.0
720575940648482425,FB.594,3.097651,2.800891,2e-06
720575940648742777,FB.439,3.675164,3.766415,0.0
720575940649126009,FB.835,3.002857,3.930836,0.000217
720575940649647225,FB.1165,2.644645,2.798846,0.0
720575940650338038,FB.797,2.852822,3.48584,0.000603
720575940650362614,NO.241,1.893579,1.46824,0.0
720575940650420726,FB.174,2.970012,4.624188,0.011284
720575940650510070,FB.24,3.454006,4.295024,0.0061
720575940650516214,FB.781,2.64358,2.81675,0.0
720575940650785401,EB.174,3.281465,0.670552,0.0
720575940650870774,FB.650,3.418082,4.05524,0.001008
720575940651284726,FB.103,3.306719,4.796591,0.005746
720575940651290358,SMP.2115,3.196964,1.909321,1e-06
720575940651558646,FB.633,2.59343,4.304359,0.0
720575940651565558,FB.573,3.128564,2.915696,0.0
720575940652083190,FB.426,3.697459,3.789632,0.011967
720575940652702710,EB.141,0.537617,0.708326,1e-06
720575940652733089,FB.1142,3.084106,2.933202,0.0
720575940652886177,SMP.FB.36,3.313642,3.10161,0.000425
720575940653018017,FB.963,2.725855,3.047069,0.0
720575940653053857,FB.1055,2.983723,3.275352,0.0
720575940653346550,FB.450,3.190897,4.658251,0.006382
720575940653347830,FB.478,3.077457,4.235625,3.4e-05
720575940653612790,FB.397,3.16535,3.955444,0.000165
720575940653654433,NO.FB.95,2.233885,2.420475,0.0
720575940654008993,NO.FB.63,2.47926,2.499198,2e-05
720575940654122657,FB.1215,2.521675,3.253093,0.0
720575940654697377,FB.619,2.991047,3.765518,0.0
720575940654856353,FB.566,3.619036,3.624467,0.0
720575940658155393,FB.492,3.364061,3.56744,0.000253
720575940658531713,FB.546,3.100172,4.054221,4.4e-05
720575940658852481,NO.189,2.178795,1.84386,0.0
720575940658902401,FB.618,2.806215,3.643933,0.0
720575940659184257,FB.522,3.018274,3.048861,0.000987
720575940660921985,EB.41,0.755791,1.865349,0.0
720575940661139073,FB.480,3.250495,4.645366,0.00028
