Id,avg_out_hitting_time,rw_out_closeness,out_truncated_runs,out_stuck_runs,out_total_runs,out_truncation_rate,avg_in_hitting_time,rw_in_closeness,in_truncated_runs,in_stuck_runs,in_total_runs,in_truncation_rate,Label,modularity_class,classic_name,normal_in_closeness,normal_out_closeness,normal_betweenness,rw_betweenness_name,rw_betweenness
720575940602747360,36679.2525,2.726336912127639e-05,85,0,400,0.2125,941.1875,0.001062487548974,0,0,400,0.0,FB.382,3,FB.382,3.201592,3.886401,0.001047,FB.382,0.003295
720575940602783968,50127.925,1.9948960584344953e-05,156,0,400,0.39,26192.3775,3.81790465565793e-05,5,0,400,0.0125,EB.310,4,EB.310,0.770835,2.351321,0.0,EB.310,0.000332
720575940602800608,33830.7925,2.9558870073764895e-05,99,0,400,0.2475,14058.215,7.11327860613883e-05,0,0,400,0.0,FB.1214,3,FB.1214,2.797575,3.536564,0.0,FB.1214,0.000629
720575940602831328,27748.92,3.6037438574185955e-05,67,0,400,0.1675,2959.54,0.0003378903478243,0,0,400,0.0,FB.665,0,FB.665,3.110335,3.770895,0.000947,FB.665,0.002098
720575940602920364,23573.025,4.2421369340591625e-05,70,0,400,0.175,4482.1275,0.000223108334156,0,0,400,0.0,FB.545,0,FB.545,3.33356,3.960426,6.7e-05,FB.545,0.002773
720575940603048108,34026.6075,2.938876583567727e-05,92,0,400,0.23,1122.4075,0.0008909420152662,0,0,400,0.0,FB.363,3,FB.363,2.945535,4.004306,1.1e-05,FB.363,0.002821
720575940603197408,28047.9825,3.5653188246249086e-05,70,0,400,0.175,13334.6125,7.499280537773408e-05,0,0,400,0.0,FB.350,1,FB.350,3.083123,2.672765,5.6e-05,FB.350,0.003265
720575940603238828,48486.1775,2.062443466491043e-05,156,0,400,0.39,38994.375,2.564472439935247e-05,44,0,400,0.11,FB.1120,3,FB.1120,2.864519,3.561275,0.0,FB.1120,0.000633
720575940603409632,40688.475,2.4576984023117113e-05,135,0,400,0.3375,99766.945,1.0023359941511687e-05,399,0,400,0.9975,NO.239,4,NO.239,2.037229,1.483938,0.0,NO.239,0.000165
720575940603676774,49228.8075,2.0313309437771776e-05,151,0,400,0.3775,63647.4225,1.571155532653345e-05,153,0,400,0.3825,FB.1361,3,FB.1361,2.148447,3.182081,0.0,FB.1361,0.000419
720575940603676844,26265.96,3.807209026435737e-05,67,0,400,0.1675,8104.335,0.0001233907532203,0,0,400,0.0,FB.213,4,FB.213,3.298903,3.784938,0.00097,FB.213,0.004591
720575940603731168,31765.4825,3.14807118072266e-05,74,0,400,0.185,676.485,0.0014782293768524,0,0,400,0.0,FB.331,2,FB.331,3.060791,3.896253,0.0,FB.331,0.002969
720575940603807422,30376.645,3.292002787009559e-05,84,0,400,0.21,23188.07,4.312562451294998e-05,11,0,400,0.0275,FB.1141,4,FB.1141,3.008573,3.046325,0.0,FB.1141,0.000582
720575940603844017,40409.2425,2.4746813801322805e-05,131,0,400,0.3275,43394.74,2.3044267577130315e-05,46,0,400,0.115,FB.1351,3,FB.1351,2.613406,3.567832,0.0,FB.1351,0.000937
720575940603925280,35128.8675,2.846661652272166e-05,107,0,400,0.2675,4840.6,0.0002065859604181,0,0,400,0.0,FB.1213,2,FB.1213,2.401121,3.715191,0.0,FB.1213,0.000514
720575940603932448,34050.3925,2.9368237091540137e-05,105,0,400,0.2625,6376.5975,0.0001568234469872,0,0,400,0.0,FB.157,3,FB.157,4.165278,3.977536,0.03538,FB.157,0.020099
720575940603943456,46947.8675,2.13002219962387e-05,139,0,400,0.3475,93369.245,1.0710164787130924e-05,351,0,400,0.8775,FB.1422,4,FB.1422,2.380326,2.03295,0.0,FB.1422,0.000291
720575940603964774,48092.1125,2.0793430523560384e-05,141,0,400,0.3525,14517.99,6.888005846539362e-05,0,0,400,0.0,EB.287,5,EB.287,0.718646,1.632411,0.000982,EB.287,0.00126
720575940604019424,24028.43,4.1617367426835625e-05,64,0,400,0.16,239.96,0.0041673612268711,0,0,400,0.0,FB.80,3,FB.80,3.233933,4.557414,0.007146,FB.80,0.010754
720575940604064958,18671.535,5.35574605944289e-05,48,0,400,0.12,2418.3325,0.0004135080680592,0,0,400,0.0,FB.962,2,FB.962,2.662743,4.149537,0.0,FB.962,0.001622
720575940604065470,29892.04,3.345372212803141e-05,89,0,400,0.2225,30616.99,3.266160390031809e-05,12,0,400,0.03,FB.1016,1,FB.1016,2.690402,2.703847,1.9e-05,FB.1016,0.001161
720575940604067761,39101.185,2.5574672481153702e-05,116,0,400,0.29,8331.295,0.0001200293591812,0,0,400,0.0,FB.632,1,FB.632,3.009993,3.455753,0.000711,FB.632,0.002603
720575940604074174,38904.9775,2.570365192988481e-05,120,0,400,0.3,5078.9625,0.0001968906051186,0,0,400,0.0,FB.600,2,FB.600,3.063392,3.432193,0.0,FB.600,0.002499
720575940604110513,29749.33,3.361420240388607e-05,87,0,400,0.2175,6572.62,0.0001521463282526,0,0,400,0.0,FB.130,3,FB.130,4.202863,3.981347,0.015847,FB.130,0.013661
720575940604125105,40815.2675,2.450063569961902e-05,127,0,400,0.3175,28958.875,3.45317281835016e-05,19,0,400,0.0475,FB.1119,1,FB.1119,2.942669,2.450219,1e-06,FB.1119,0.000565
720575940604278705,19925.545,5.018683303267239e-05,53,0,400,0.1325,81187.7525,1.231712874426472e-05,257,0,400,0.6425,AOTU.FB.37,4,AOTU.FB.37,2.200941,2.635026,0.0,AOTU.FB.37,0.000436
720575940604349630,30224.6275,3.308560213024958e-05,79,0,400,0.1975,7253.2,0.0001378701814371,0,0,400,0.0,FB.458,2,FB.458,2.944511,3.125846,0.0,FB.458,0.002124
720575940604444081,22521.015,4.440297206853244e-05,44,0,400,0.11,7924.0275,0.0001261984514819,0,0,400,0.0,FB.535,1,FB.535,3.42796,2.749536,0.003663,FB.535,0.002349
720575940604451505,19144.625,5.223398212291962e-05,44,0,400,0.11,313.3825,0.0031909886480578,0,0,400,0.0,FB.32,0,FB.32,3.174959,4.337702,9.4e-05,FB.32,0.005898
720575940604481760,29377.005,3.404022976474286e-05,68,0,400,0.17,480.9175,0.0020793587257689,0,0,400,0.0,FB.205,3,FB.205,3.173235,3.992103,0.000274,FB.205,0.003807
720575940604498208,20867.2775,4.792191985753772e-05,41,0,400,0.1025,99577.9175,1.0042387158779457e-05,397,0,400,0.9925,NO.205,0,NO.205,2.429817,1.17985,0.0,NO.205,0.000312
720575940604518432,26212.8625,3.8149210144447217e-05,76,0,400,0.19,88737.535,1.126918839924954e-05,307,0,400,0.7675,NO.71,3,NO.71,3.768272,1.992642,0.0,NO.71,0.000365
720575940604518944,28006.895,3.570549323657621e-05,52,0,400,0.13,99890.275,1.0010984552800562e-05,399,0,400,0.9975,NO.FB.128,0,NO.FB.128,2.216417,1.142417,0.0,NO.FB.128,0.000137
720575940604561766,44456.4575,2.249392003400181e-05,124,0,400,0.31,97527.275,1.02535418937933e-05,383,0,400,0.9575,NO.94,0,NO.94,2.755048,1.826842,0.0,NO.94,0.001004
720575940604612832,50236.85,1.9905706667515977e-05,143,0,400,0.3575,292.3375,0.0034207038098088,0,0,400,0.0,FB.60,2,FB.60,3.099356,4.599704,0.012302,FB.60,0.012124
720575940604667825,33950.4325,2.9454705768475847e-05,92,0,400,0.23,99477.6275,1.0052511555927489e-05,397,0,400,0.9925,NO.238,3,NO.238,2.384344,1.211974,0.0,NO.238,0.000717
720575940604709920,41751.2575,2.39513743987232e-05,135,0,400,0.3375,697.6225,0.0014334400051603,0,0,400,0.0,FB.209,0,FB.209,2.853951,4.381901,0.001877,FB.209,0.004084
720575940604798910,35621.915,2.8072606427812766e-05,101,0,400,0.2525,25636.6475,3.900666028972782e-05,16,0,400,0.04,FB.780,4,FB.780,3.45671,2.877802,0.001311,FB.780,0.002856
720575940604833982,38436.6275,2.601685072396115e-05,128,0,400,0.32,38090.0575,2.6253570239425335e-05,43,0,400,0.1075,FB.1164,3,FB.1164,2.907029,3.607204,9e-06,FB.1164,0.001025
720575940604842924,33446.495,2.989849908039691e-05,89,0,400,0.2225,5907.8325,0.0001692668165524,0,0,400,0.0,EB.150,5,EB.150,0.558641,2.385457,0.005681,EB.150,0.002149
720575940604868286,33316.4125,3.0015236484420404e-05,103,0,400,0.2575,3581.225,0.0002792340609707,0,0,400,0.0,FB.70,4,FB.70,3.379626,3.373955,0.039208,FB.70,0.027308
720575940604967270,28410.6875,3.519802187117084e-05,72,0,400,0.18,85501.1725,1.1695746043716536e-05,283,0,400,0.7075,EB.338,4,EB.338,0.434547,2.211062,1e-06,EB.338,0.00022
720575940604969161,32695.945,3.058483246164012e-05,101,0,400,0.2525,94683.6825,1.0561481911099096e-05,360,0,400,0.9,AOTU.FB.17,4,AOTU.FB.17,2.090801,2.051455,0.000446,AOTU.FB.17,0.000707
720575940605104049,50556.995,1.9779656603403743e-05,145,0,400,0.3625,53656.8875,1.8636936404483023e-05,94,0,400,0.235,FB.330,0,FB.330,3.345575,2.620636,0.000367,FB.330,0.004773
720575940605124482,35543.825,2.8134282115107197e-05,98,0,400,0.245,26641.105,3.7535980583387965e-05,7,0,400,0.0175,FB.751,1,FB.751,3.463089,3.384797,0.00107,FB.751,0.002112
720575940605361841,28950.9175,3.454121963492176e-05,77,0,400,0.1925,3811.6425,0.000262354090133,0,0,400,0.0,FB.1294,0,FB.1294,2.292169,4.030386,0.0,FB.1294,0.000463
720575940605379506,34375.18,2.9090756761128234e-05,92,0,400,0.23,122.8925,0.0081371930752486,0,0,400,0.0,FB.45,3,FB.45,3.392271,4.766977,0.015181,FB.45,0.014479
720575940605380274,30525.8175,3.275915542638621e-05,83,0,400,0.2075,61324.805,1.6306615243211943e-05,142,0,400,0.355,FB.1185,4,FB.1185,3.09733,2.874669,0.0,FB.1185,0.001293
720575940605384882,24902.5525,4.015652612317552e-05,57,0,400,0.1425,22667.0425,4.4116915561436835e-05,3,0,400,0.0075,FB.779,1,FB.779,2.713332,2.818817,4.6e-05,FB.779,0.001272
720575940605480806,33089.51,3.0221057972753298e-05,79,0,400,0.1975,937.245,0.0010669568789377,0,0,400,0.0,FB.136,0,FB.136,3.127895,4.285682,0.001671,FB.136,0.004994
720575940605554354,29938.805,3.340146675860977e-05,95,0,400,0.2375,7609.21,0.0001314196874576,0,0,400,0.0,FB.583,1,FB.583,3.271145,2.846857,0.000536,FB.583,0.002071
720575940605583136,21579.2,4.6340920886779863e-05,59,0,400,0.1475,819.5875,0.0012201259780072,0,0,400,0.0,FB.31,3,FB.31,3.19321,4.254239,0.010796,FB.31,0.012105
720575940605591730,26041.415,3.840037110118632e-05,68,0,400,0.17,98219.575,1.018126987415696e-05,387,0,400,0.9675,NO.204,4,NO.204,2.002135,1.672998,0.0,NO.204,0.000183
720575940605754033,34221.875,2.922107570084924e-05,84,0,400,0.21,4752.8725,0.0002103990797144,0,0,400,0.0,FB.322,3,FB.322,3.180022,3.158624,0.0,FB.322,0.003075
720575940605756081,27744.8125,3.6042773761761774e-05,83,0,400,0.2075,2961.175,0.0003377037831266,0,0,400,0.0,FB.521,0,FB.521,2.917771,3.762295,0.0,FB.521,0.001191
720575940605890434,41793.92,2.392692525611381e-05,125,0,400,0.3125,98653.915,1.013644516793885e-05,387,0,400,0.9675,NO.FB.112,0,NO.FB.112,2.144216,1.844949,0.0,NO.FB.112,0.000457
720575940606102729,25477.8025,3.924985288664515e-05,65,0,400,0.1625,13184.4625,7.584685382509905e-05,0,0,400,0.0,EB.135,5,EB.135,0.424287,0.90301,1e-06,EB.135,0.000696
720575940606198473,41362.4375,2.417652489653203e-05,117,0,400,0.2925,4467.825,0.0002238225534796,0,0,400,0.0,CRE.FB.24,3,CRE.FB.24,3.884477,3.423805,0.0,CRE.FB.24,0.002076
720575940606436384,32470.33,3.0797346377446734e-05,103,0,400,0.2575,400.8275,0.0024948388022278,0,0,400,0.0,FB.538,3,FB.538,3.090324,4.489377,0.000106,FB.538,0.001888
720575940606483657,41814.465,2.3915169068885615e-05,124,0,400,0.31,94045.495,1.0633151540113645e-05,357,0,400,0.8925,SLP.FB.4,4,SLP.FB.4,3.399393,2.051686,0.000472,SLP.FB.4,0.005234
720575940606591836,25219.9725,3.9651113814656224e-05,44,0,400,0.11,7973.4,0.0001254170115634,0,0,400,0.0,EB.260,4,EB.260,0.71536,3.798419,0.000714,EB.260,0.001586
720575940606597724,39633.245,2.523134303032719e-05,123,0,400,0.3075,83205.2575,1.2018471308739114e-05,278,0,400,0.695,FB.1396,3,FB.1396,2.246509,3.260952,0.0,FB.1396,0.000373
720575940606615561,44404.4925,2.2520243869468837e-05,137,0,400,0.3425,35527.0125,2.8147596142512687e-05,34,0,400,0.085,FB.1184,3,FB.1184,2.936841,3.397748,0.0,FB.1184,0.00048
720575940606646962,38357.15,2.607075864604122e-05,112,0,400,0.28,9773.2075,0.0001023205534109,0,0,400,0.0,FB.834,1,FB.834,2.807956,3.214333,0.000369,FB.834,0.001929
720575940606681099,38006.39,2.6311365009936487e-05,118,0,400,0.295,10070.995,9.929505475874032e-05,0,0,400,0.0,FB.928,1,FB.928,2.521546,2.790057,0.0,FB.928,0.00096
720575940606683228,16079.34,6.219160736696904e-05,34,0,400,0.085,5935.65,0.0001684735454415,0,0,400,0.0,FB.649,0,FB.649,3.254685,3.826391,0.000246,FB.649,0.002193
720575940606697858,31146.01,3.210684129363601e-05,84,0,400,0.21,97847.0225,1.022003505523124e-05,381,0,400,0.9525,AOTU.BU.31,4,AOTU.BU.31,1.906071,1.543865,0.0,AOTU.BU.31,0.00011
720575940606723081,23202.825,4.309820032689985e-05,52,0,400,0.13,5810.5975,0.0001720993409025,0,0,400,0.0,FB.593,1,FB.593,3.275884,3.294144,0.000578,FB.593,0.002793
720575940606731529,27276.9275,3.6661020563991306e-05,62,0,400,0.155,1132.2925,0.0008831640234303,0,0,400,0.0,FB.712,2,FB.712,3.298441,4.437709,0.002253,FB.712,0.002945
720575940606734182,16839.3975,5.938454745782918e-05,42,0,400,0.105,987.02,0.0010131506960345,0,0,400,0.0,FB.218,0,FB.218,3.242971,4.082862,1.7e-05,FB.218,0.003582
720575940606734258,35028.97,2.8547799150246208e-05,105,0,400,0.2625,99442.515,1.0056061031843372e-05,395,0,400,0.9875,NO.282,0,NO.282,2.024072,1.738984,0.0,NO.282,0.000148
720575940606933634,25341.4075,3.946110728064335e-05,59,0,400,0.1475,11884.6325,8.414227364624022e-05,0,0,400,0.0,FB.572,1,FB.572,2.806136,2.933176,0.00024,FB.572,0.002509
720575940606951893,27982.6825,3.573638803213381e-05,82,0,400,0.205,88054.5375,1.1356598176442638e-05,313,0,400,0.7825,EB.154,4,EB.154,0.774995,0.691231,0.0,EB.154,0.000244
720575940606958859,52662.0075,1.898902163955675e-05,186,0,400,0.465,56682.1425,1.7642240675711933e-05,123,0,400,0.3075,FB.SMP.49,4,FB.SMP.49,1.643292,3.087614,0.00015,FB.SMP.49,0.001515
720575940607001045,22419.355,4.4604316225868226e-05,39,0,400,0.0975,83982.345,1.1907264556616036e-05,279,0,400,0.6975,FB.SMP.8,4,FB.SMP.8,2.608985,2.327256,0.0,FB.SMP.8,0.000563
720575940607040981,36399.91,2.7472595399274335e-05,96,0,400,0.24,85745.5625,1.1662411101449128e-05,285,0,400,0.7125,EB.249,4,EB.249,1.484005,2.396781,0.0,EB.249,0.000223
720575940607246549,32507.985,3.076167286283662e-05,95,0,400,0.2375,19088.9075,5.2386444850235664e-05,1,0,400,0.0025,EB.297,4,EB.297,0.770719,3.63431,0.001282,EB.297,0.001168
720575940607250697,34121.8725,2.9306715216171095e-05,96,0,400,0.24,100000.0,1e-05,400,0,400,1.0,NO.36,1,NO.36,2.648733,0.389959,1e-06,NO.36,0.00072
720575940607263068,35299.905,2.832868813669612e-05,94,0,400,0.235,94969.85,1.0529657570270986e-05,349,0,400,0.8725,NO.FB.127,4,NO.FB.127,1.935154,1.743543,0.0,NO.FB.127,0.000128
720575940607285001,30011.82,3.332020517249537e-05,67,0,400,0.1675,94733.6575,1.0555910395415694e-05,355,0,400,0.8875,NO.FB.5,1,NO.FB.5,2.848496,1.920982,7e-06,NO.FB.5,0.001972
720575940607287305,30989.23,3.2269275486999836e-05,80,0,400,0.2,73032.5025,1.3692533677043311e-05,203,0,400,0.5075,NO.FB.48,3,NO.FB.48,3.994597,3.278372,0.0,NO.FB.48,0.000977
720575940607290633,38264.0725,2.613417586431763e-05,115,0,400,0.2875,97404.48,1.0266468236368594e-05,377,0,400,0.9425,NO.126,4,NO.126,2.043852,2.042289,0.0,NO.126,0.000669
720575940607309577,41166.9025,2.4291358816709616e-05,121,0,400,0.3025,6627.7275,0.0001508812786886,0,0,400,0.0,FB.534,0,FB.534,3.465348,3.70463,0.001109,FB.534,0.003074
720575940607330825,31660.9475,3.158465172275719e-05,90,0,400,0.225,96365.3425,1.0377174760728942e-05,374,0,400,0.935,NO.81,0,NO.81,2.254403,2.179906,0.0,NO.81,0.000851
720575940607339971,26237.9525,3.8112730023426946e-05,52,0,400,0.13,23880.215,4.187566987985661e-05,5,0,400,0.0125,FB.1341,3,FB.1341,3.094506,2.969259,0.0,FB.1341,0.000546
720575940607343829,27706.33,3.609283510302519e-05,82,0,400,0.205,3256.085,0.0003071172896284,0,0,400,0.0,FB.750,0,FB.750,3.284183,4.289883,0.000992,FB.750,0.001898
720575940607527381,42627.5875,2.3458986507270673e-05,134,0,400,0.335,10158.2525,9.844212870274686e-05,0,0,400,0.0,FB.949,2,FB.949,2.996609,3.650171,1e-06,FB.949,0.001008
720575940607613707,34196.2975,2.9242931928522374e-05,103,0,400,0.2575,16992.78,5.8848522725534024e-05,1,0,400,0.0025,FB.511,2,FB.511,3.184505,2.937965,1e-05,FB.511,0.002001
720575940607837707,18467.56,5.414900506618091e-05,54,0,400,0.135,1275.1525,0.0007842199266362,0,0,400,0.0,FB.711,2,FB.711,3.316716,4.211658,0.000873,FB.711,0.002266
720575940607848649,39175.8375,2.5525938022384333e-05,120,0,400,0.3,2215.3775,0.0004513903386668,0,0,400,0.0,FB.SMP.5,2,FB.SMP.5,2.084015,3.924613,0.0,FB.SMP.5,0.001419
720575940607862217,23879.5775,4.187678781167716e-05,54,0,400,0.135,4949.9175,0.0002020235690796,0,0,400,0.0,FB.518,2,FB.518,3.095554,3.221219,0.0,FB.518,0.003585
720575940607864841,36700.3075,2.7247728101460727e-05,113,0,400,0.2825,8708.84,0.0001148258551081,0,0,400,0.0,FB.749,1,FB.749,3.415136,3.367714,0.0,FB.749,0.002112
720575940607938517,22414.355,4.46142661700504e-05,51,0,400,0.1275,67142.155,1.489377277211314e-05,178,0,400,0.445,FB.710,4,FB.710,2.850136,2.24559,0.000334,FB.710,0.004406
720575940608014549,35806.87,2.79276016027092e-05,105,0,400,0.2625,3066.905,0.0003260616158635,0,0,400,0.0,FB.995,2,FB.995,2.032793,3.875401,0.0,FB.995,0.001297
720575940608047299,28196.0425,3.5465970091370095e-05,81,0,400,0.2025,92602.8,1.0798809539236394e-05,349,0,400,0.8725,NO.8,1,NO.8,2.766111,1.814131,7e-06,NO.8,0.001866
720575940608064707,48298.9775,2.0704372054253115e-05,146,0,400,0.365,100000.0,1e-05,400,0,400,1.0,FB.1381,0,FB.1381,1.958033,1.212469,0.0,FB.1381,0.000138
720575940608068035,35930.7675,2.7831300848221513e-05,105,0,400,0.2625,99234.57,1.0077133402200462e-05,394,0,400,0.985,NO.FB.66,0,NO.FB.66,2.673276,1.844954,0.0,NO.FB.66,0.000677
720575940608140380,30646.8775,3.262975159541131e-05,75,0,400,0.1875,3854.815,0.0002594158215115,0,0,400,0.0,FB.49,3,FB.49,4.035295,3.742947,0.000655,FB.49,0.006643
720575940608147413,26529.3,3.7694172104051e-05,57,0,400,0.1425,99096.4425,1.0091179610206493e-05,389,0,400,0.9725,NO.FB.111,0,NO.FB.111,2.09768,1.825637,0.0,NO.FB.111,0.000278
720575940608179268,26891.7475,3.718612931346317e-05,65,0,400,0.1625,4483.0475,0.0002230625484115,0,0,400,0.0,FB.678,0,FB.678,3.093396,3.782291,0.001122,FB.678,0.003489
720575940608185986,41880.2,2.38776319119775e-05,120,0,400,0.3,726.9225,0.0013756624674569,0,0,400,0.0,FB.839,3,FB.839,2.746553,4.484472,0.0,FB.839,0.000922
720575940608207317,29094.9875,3.43701814616693e-05,70,0,400,0.175,15800.78,6.328801489546718e-05,1,0,400,0.0025,FB.231,1,FB.231,3.018595,2.643821,6e-06,FB.231,0.003516
720575940608208835,33419.555,2.9922600704886704e-05,74,0,400,0.185,268.625,0.0037226617031177,0,0,400,0.0,FB.37,0,FB.37,3.15285,4.798183,0.016227,FB.37,0.012444
720575940608242756,28281.34,3.535900349841981e-05,64,0,400,0.16,13793.76,7.249654916425978e-05,0,0,400,0.0,FB.1054,1,FB.1054,2.788537,2.669414,0.0,FB.1054,0.000996
720575940608278620,23058.5775,4.336780965781606e-05,69,0,400,0.1725,289.0325,0.0034598185325179,0,0,400,0.0,FB.7,2,FB.7,3.397491,4.649129,0.052207,FB.7,0.013889
720575940608279747,32175.285,3.1079755781495024e-05,92,0,400,0.23,5650.435,0.0001769775247392,0,0,400,0.0,FB.571,1,FB.571,3.017158,3.551285,0.001282,FB.571,0.003195
720575940608312924,28342.895,3.5282210938579136e-05,95,0,400,0.2375,12197.73,8.19824672295583e-05,0,0,400,0.0,FB.457,3,FB.457,3.537178,3.801318,0.0,FB.457,0.002491
720575940608328387,36579.5575,2.733767350794224e-05,88,0,400,0.22,1205.8925,0.0008292613147523,0,0,400,0.0,FB.226,0,FB.226,3.407395,4.15822,0.000328,FB.226,0.002811
720575940608352451,26282.5675,3.8048033168753394e-05,80,0,400,0.2,46394.24,2.1554399856533915e-05,61,0,400,0.1525,FB.1043,4,FB.1043,3.078569,2.857638,0.0,FB.1043,0.001237
720575940608370866,40697.7525,2.45713814294782e-05,121,0,400,0.3025,884.2075,0.0011309562517847,0,0,400,0.0,FB.243,3,FB.243,3.245618,4.552169,0.000803,FB.243,0.005395
720575940608413705,42432.43,2.3566880331859386e-05,138,0,400,0.345,8840.9275,0.0001131103043204,0,0,400,0.0,FB.173,3,FB.173,3.672815,3.516769,0.0,FB.173,0.004132
720575940608434883,18253.875,5.47828885647568e-05,31,0,400,0.0775,49281.645,2.0291530447086337e-05,73,0,400,0.1825,FB.748,4,FB.748,2.659597,2.037471,0.001601,FB.748,0.004626
720575940608480836,29245.285,3.419354607075978e-05,79,0,400,0.1975,38930.565,2.568675794969839e-05,43,0,400,0.1075,FB.256,1,FB.256,3.695173,2.427938,0.013765,FB.256,0.005049
720575940608548619,46194.01,2.164782836562576e-05,162,0,400,0.405,1427.3075,0.000700619873433,0,0,400,0.0,FB.339,0,FB.339,3.114342,4.003392,0.000212,FB.339,0.00336
720575940608702475,27908.845,3.583093460155732e-05,69,0,400,0.1725,586.16,0.0017060188344479,0,0,400,0.0,FB.465,0,FB.465,3.253385,4.711988,8.5e-05,FB.465,0.002213
720575940608745006,48706.1525,2.0531287089449328e-05,159,0,400,0.3975,9122.605,0.0001096178120175,0,0,400,0.0,FB.796,4,FB.796,3.417149,3.130881,2.7e-05,FB.796,0.002059
720575940608783452,31396.8325,3.18503466870424e-05,89,0,400,0.2225,650.8675,0.0015364110206762,0,0,400,0.0,FB.47,0,FB.47,3.502743,4.374802,0.005581,FB.47,0.010724
720575940608839800,28133.985,3.5544200368344547e-05,86,0,400,0.215,1222.32,0.0008181163688723,0,0,400,0.0,FB.664,2,FB.664,2.909575,4.574098,0.017942,FB.664,0.003605
720575940608859694,20260.435,4.9357281815518765e-05,58,0,400,0.145,18218.4525,5.488940402594568e-05,1,0,400,0.0025,FB.1212,3,FB.1212,2.6792,2.93535,0.0,FB.1212,0.000833
720575940608982392,24404.1125,4.0976700136093865e-05,63,0,400,0.1575,30209.1675,3.310253418933176e-05,15,0,400,0.0375,FB.1087,4,FB.1087,3.186022,3.012575,0.000167,FB.1087,0.00144
720575940609019512,35505.76,2.8164444304248097e-05,110,0,400,0.275,99571.6025,1.0043024064014638e-05,398,0,400,0.995,NO.FB.58,3,NO.FB.58,2.681289,1.518624,2e-06,NO.FB.58,0.001648
720575940609079854,23503.72,4.254645647582595e-05,69,0,400,0.1725,16019.68,6.24232194400887e-05,0,0,400,0.0,SMP.FB.15,2,SMP.FB.15,3.15173,3.188329,0.0,SMP.FB.15,0.002846
720575940609116740,31949.3575,3.1299533957764254e-05,65,0,400,0.1625,74076.8125,1.3499500940324612e-05,213,0,400,0.5325,FB.1369,3,FB.1369,2.485522,3.447116,0.0,FB.1369,0.000344
720575940609175758,26798.375,3.73156954479516e-05,74,0,400,0.185,100000.0,1e-05,400,0,400,1.0,NO.202,4,NO.202,1.572832,0.828595,0.0,NO.202,0.000139
720575940609214072,36295.1925,2.7551858279853456e-05,119,0,400,0.2975,5193.795,0.0001925374413121,0,0,400,0.0,FB.818,2,FB.818,3.062514,3.966853,2e-05,FB.818,0.001544
720575940609261922,56124.0375,1.781767749691921e-05,176,0,400,0.44,4327.1225,0.0002311004599476,0,0,400,0.0,FB.696,0,FB.696,3.085276,3.986327,2e-05,FB.696,0.001324
720575940609370466,22134.4425,4.517845886563441e-05,56,0,400,0.14,18094.0775,5.526670259923448e-05,0,0,400,0.0,FB.948,1,FB.948,3.037332,2.807884,0.000901,FB.948,0.001198
720575940609375580,36205.73,2.761993750712939e-05,94,0,400,0.235,54.865,0.0182265560922263,0,0,400,0.0,FB.4,0,FB.4,3.514871,4.540874,0.054364,FB.4,0.023374
720575940609427246,25690.6025,3.892473911423447e-05,57,0,400,0.1425,1795.6725,0.0005568944225631,0,0,400,0.0,FB.34,1,FB.34,3.502864,3.171267,0.002502,FB.34,0.00889
720575940609439698,28236.0075,3.541577186505564e-05,63,0,400,0.1575,15796.5,6.330516253600481e-05,1,0,400,0.0025,FB.1118,1,FB.1118,2.569243,2.764667,0.0,FB.1118,0.000754
720575940609558136,28013.655,3.5696877112251155e-05,78,0,400,0.195,9685.275,0.000103249520535,0,0,400,0.0,FB.677,0,FB.677,3.170601,2.731874,0.000246,FB.677,0.003218
720575940609579470,26786.8475,3.733175395126284e-05,76,0,400,0.19,97723.215,1.0232983022509032e-05,383,0,400,0.9575,AOTU.FB.22,4,AOTU.FB.22,1.724316,2.051754,0.000987,AOTU.FB.22,0.001171
720575940609604875,33181.1675,3.013757728687515e-05,94,0,400,0.235,950.8025,0.0010517431327746,0,0,400,0.0,FB.MB_ML.10,3,FB.MB_ML.10,3.147152,4.316024,0.003326,FB.MB_ML.10,0.004871
720575940609648226,41265.285,2.423344464966133e-05,131,0,400,0.3275,84994.8275,1.1765421842876262e-05,277,0,400,0.6925,AOTU.FB.49,4,AOTU.FB.49,2.171371,2.302568,0.001024,AOTU.FB.49,0.002894
720575940609648942,17884.595,5.591404222460726e-05,45,0,400,0.1125,35928.9725,2.783269129113002e-05,30,0,400,0.075,FB.994,1,FB.994,3.505714,3.01545,0.000666,FB.994,0.00126
720575940609663442,18916.815,5.28630216027381e-05,49,0,400,0.1225,1235.9775,0.0008090762170023,0,0,400,0.0,FB.CRE.4,0,FB.CRE.4,0.760503,4.501733,0.000155,FB.CRE.4,0.002468
720575940609716430,40357.67,2.477843740731316e-05,115,0,400,0.2875,99436.6975,1.00566493572456e-05,393,0,400,0.9825,AOTU.BU.45,4,AOTU.BU.45,1.796468,1.218423,0.0,AOTU.BU.45,5.1e-05
720575940609774434,30588.4825,3.269204348401396e-05,78,0,400,0.195,4335.2525,0.0002306670718718,0,0,400,0.0,FB.1233,2,FB.1233,3.065497,3.784026,0.0,FB.1233,0.001477
720575940609777476,25371.8525,3.9413755854051254e-05,58,0,400,0.145,642.9875,0.0015552401874064,0,0,400,0.0,FB.520,0,FB.520,3.129225,3.560969,9e-05,FB.520,0.001902
720575940609843349,40152.8275,2.490484636480457e-05,108,0,400,0.27,98997.96,1.01012182473255e-05,392,0,400,0.98,NO.281,4,NO.281,1.706242,1.825774,0.0,NO.281,9.2e-05
720575940609913646,30309.8975,3.2992523316847245e-05,100,0,400,0.25,91637.65,1.091254522567962e-05,332,0,400,0.83,FB.582,4,FB.582,2.868198,2.2294,5e-05,FB.582,0.002243
720575940610051733,21518.105,4.647249374422144e-05,62,0,400,0.155,1125.19,0.000888738790782,0,0,400,0.0,CRE.FB.4,3,CRE.FB.4,3.341323,3.884733,0.0,CRE.FB.4,0.002613
720575940610069550,25157.405,3.974972776405198e-05,63,0,400,0.1575,2476.7375,0.0004037569584988,0,0,400,0.0,FB.329,4,FB.329,3.132449,3.834725,0.000395,FB.329,0.006469
720575940610070626,38882.72,2.571836538184571e-05,89,0,400,0.2225,69072.7125,1.44774971737211e-05,189,0,400,0.4725,SLP.FB.6,4,SLP.FB.6,2.573636,1.732799,4.2e-05,SLP.FB.6,0.00261
720575940610095322,31699.4925,3.154624636340787e-05,78,0,400,0.195,52215.9525,1.9151235439016454e-05,89,0,400,0.2225,FB.1140,4,FB.1140,2.565805,1.64099,0.000672,FB.1140,0.002007
720575940610137969,21455.6075,4.660786230359593e-05,57,0,400,0.1425,4449.5625,0.0002247411964659,0,0,400,0.0,FB.912,0,FB.912,3.187463,4.103172,3e-06,FB.912,0.001613
720575940610147790,29851.6575,3.3498977401841086e-05,88,0,400,0.22,18228.125,5.486027773015601e-05,2,0,400,0.005,FB.1015,4,FB.1015,2.916914,3.482,0.0,FB.1015,0.001701
720575940610151130,39473.8375,2.5333234955937586e-05,121,0,400,0.3025,35722.4275,2.7993618294837327e-05,22,0,400,0.055,FB.1117,4,FB.1117,3.2418,3.152622,0.0,FB.1117,0.001096
720575940610160789,37165.1125,2.6906954741493112e-05,119,0,400,0.2975,5515.2025,0.0001813170051326,0,0,400,0.0,FB.817,0,FB.817,2.993611,3.95034,6e-06,FB.817,0.001203
720575940610161813,39156.5225,2.553852937272456e-05,103,0,400,0.2575,12102.4325,8.262801713622447e-05,1,0,400,0.0025,FB.1139,1,FB.1139,2.677436,3.225551,0.0,FB.1139,0.000963
720575940610165205,40974.425,2.4405467556896768e-05,118,0,400,0.295,82663.145,1.2097289547839004e-05,268,0,400,0.67,CRE.FB.19,3,CRE.FB.19,3.014969,2.377278,0.0,CRE.FB.19,0.001811
720575940610177203,26104.6575,3.8307340366369486e-05,51,0,400,0.1275,94508.4825,1.0581060805838249e-05,354,0,400,0.885,NO.68,4,NO.68,2.345869,2.357724,5e-06,NO.68,0.001197
720575940610178417,30533.115,3.275132589648976e-05,74,0,400,0.185,74261.885,1.3465858023937854e-05,214,0,400,0.535,NO.61,3,NO.61,4.045823,2.007419,0.0,NO.61,0.000689
720575940610219715,28916.92,3.4581829600109556e-05,75,0,400,0.1875,815.61,0.0012260761883743,0,0,400,0.0,FB.305,2,FB.305,3.25339,4.653094,0.017323,FB.305,0.00642
720575940610237394,35233.8775,2.8381775465956024e-05,111,0,400,0.2775,51370.17,1.9466550334561867e-05,85,0,400,0.2125,FB.859,4,FB.859,3.20666,2.829896,0.0,FB.859,0.001297
720575940610268366,17672.13,5.658627454641857e-05,34,0,400,0.085,6602.1375,0.0001514660971541,0,0,400,0.0,FB.816,2,FB.816,3.100007,3.719346,1.7e-05,FB.816,0.001816
720575940610306146,48208.2175,2.0743351483593025e-05,148,0,400,0.37,68943.4925,1.45046321812026e-05,175,0,400,0.4375,FB.983,1,FB.983,3.574375,3.12945,0.0,FB.983,0.001145
720575940610355186,26641.9525,3.753478653638468e-05,79,0,400,0.1975,66829.6475,1.4963418743155872e-05,174,0,400,0.435,FB.1340,4,FB.1340,2.908996,2.989518,0.0,FB.1340,0.000627
720575940610363059,29431.16,3.3977593815534285e-05,78,0,400,0.195,100000.0,1e-05,400,0,400,1.0,NO.111,0,NO.111,2.876978,1.142489,0.0,NO.111,0.000678
720575940610409957,30573.5525,3.27080080079016e-05,78,0,400,0.195,15866.66,6.302523656522544e-05,1,0,400,0.0025,FB.961,1,FB.961,2.959778,3.107733,0.0,FB.961,0.001743
720575940610440049,34299.8,2.9154688948623603e-05,101,0,400,0.2525,5025.725,0.0001989762671057,0,0,400,0.0,FB.676,0,FB.676,3.046473,3.792853,7.5e-05,FB.676,0.002191
720575940610440371,18927.2325,5.283392593185507e-05,40,0,400,0.1,80174.845,1.2472740047080852e-05,246,0,400,0.615,FB.730,0,FB.730,2.676404,2.235738,0.0,FB.730,0.001345
720575940610448307,40829.3075,2.4492210650401065e-05,142,0,400,0.355,65169.2925,1.534465024305734e-05,146,0,400,0.365,FB.1339,3,FB.1339,2.97156,3.772557,0.0,FB.1339,0.000556
720575940610453162,43804.8175,2.2828539349581817e-05,123,0,400,0.3075,100000.0,1e-05,400,0,400,1.0,PB.EB.3,3,PB.EB.3,0.644965,0.160802,0.0,PB.EB.3,0.000396
720575940610477425,34594.39,2.8906420954380177e-05,102,0,400,0.255,3274.4225,0.0003053973639626,0,0,400,0.0,FB.1116,2,FB.1116,2.199382,3.662193,0.0,FB.1116,0.000801
720575940610505701,37746.6575,2.6492411944024448e-05,121,0,400,0.3025,94665.9525,1.0563459972580956e-05,356,0,400,0.89,EB.165,4,EB.165,0.276426,1.719976,0.0,EB.165,8.1e-05
720575940610545561,46068.63,2.170674491514074e-05,150,0,400,0.375,79738.56,1.2540983935501218e-05,246,0,400,0.615,FB.1380,4,FB.1380,2.27135,2.35567,0.0,FB.1380,0.000792
720575940610603214,38195.5675,2.6181048363792475e-05,110,0,400,0.275,79820.325,1.2528137413622408e-05,263,0,400,0.6575,FB.778,4,FB.778,2.65327,1.856523,0.00047,FB.778,0.002616
720575940610615269,23603.2325,4.23670783228526e-05,47,0,400,0.1175,95412.2225,1.0480837504859503e-05,360,0,400,0.9,NO.FB.40,4,NO.FB.40,2.409594,2.359553,0.0,NO.FB.40,0.001298
720575940610623402,27338.0275,3.657908384209505e-05,76,0,400,0.19,16825.5175,5.943353599673829e-05,1,0,400,0.0025,FB.1086,3,FB.1086,3.03462,3.005591,0.000122,FB.1086,0.000767
720575940610634725,40002.855,2.499821575235067e-05,102,0,400,0.255,1178.74,0.0008483635067953,0,0,400,0.0,FB.675,2,FB.675,3.026277,4.611613,0.003916,FB.675,0.003517
720575940610636773,21320.1,4.6904095196551614e-05,44,0,400,0.11,44737.98,2.235237263729833e-05,60,0,400,0.15,FB.1069,4,FB.1069,3.120577,2.955713,0.0,FB.1069,0.00138
720575940610642289,32061.5525,3.1190005537005734e-05,95,0,400,0.2375,8166.4475,0.0001224522658108,0,0,400,0.0,FB.895,1,FB.895,2.636497,3.371109,0.000651,FB.895,0.001777
720575940610665445,23253.07,4.300507416870117e-05,48,0,400,0.12,7621.09,0.0001312148262256,0,0,400,0.0,FB.631,1,FB.631,3.005701,3.167314,3e-06,FB.631,0.002995
720575940610670250,45338.4825,2.2056318272231544e-05,143,0,400,0.3575,1008.175,0.0009918912887147,0,0,400,0.0,FB.464,3,FB.464,2.984005,4.642004,0.001329,FB.464,0.003176
720575940610682261,27746.8025,3.604018877490478e-05,88,0,400,0.22,94390.3325,1.059430530134005e-05,354,0,400,0.885,NO.115,4,NO.115,2.524575,2.240386,0.000165,NO.115,0.001443
720575940610686938,34262.3375,2.9186566736726587e-05,93,0,400,0.2325,84205.995,1.187563902071343e-05,274,0,400,0.685,NO.FB.85,3,NO.FB.85,2.016925,2.541751,0.0,NO.FB.85,0.00027
720575940610694067,30044.2475,3.3284241850290976e-05,71,0,400,0.1775,79377.9475,1.2597957386086356e-05,250,0,400,0.625,FB.1293,4,FB.1293,3.277348,2.551564,0.0,FB.1293,0.000585
720575940610716786,32004.37,3.124573300458656e-05,99,0,400,0.2475,50362.6825,1.9855971730655928e-05,83,0,400,0.2075,FB.1115,4,FB.1115,2.262507,2.054322,1.1e-05,FB.1115,0.001266
720575940610776900,55685.46,1.795800914637322e-05,176,0,400,0.44,53361.8975,1.8739963285600928e-05,88,0,400,0.22,FB.1295,3,FB.1295,2.224935,3.399204,9e-06,FB.1295,0.000733
720575940610810482,29265.5175,3.416990661449947e-05,87,0,400,0.2175,15595.73,6.4120114928894e-05,1,0,400,0.0025,FB.833,1,FB.833,2.83789,2.893101,0.000175,FB.833,0.001926
720575940610813682,48758.04,2.050943803319411e-05,147,0,400,0.3675,7070.58,0.0001414311131477,0,0,400,0.0,FB.894,2,FB.894,2.913507,3.438463,9.9e-05,FB.894,0.001452
720575940610877098,27220.12,3.673753091463227e-05,63,0,400,0.1575,616.465,0.0016221521092032,0,0,400,0.0,FB.220,3,FB.220,3.130149,4.797893,0.003182,FB.220,0.004406
720575940610894450,31863.625,3.138374871032408e-05,93,0,400,0.2325,244.0425,0.0040976469262526,0,0,400,0.0,FB.78,3,FB.78,3.128415,4.607551,0.009549,FB.78,0.011511
720575940610908057,44425.68,2.250950351238293e-05,118,0,400,0.295,2406.96,0.0004154618273673,0,0,400,0.0,FB.349,2,FB.349,3.144195,3.558735,2e-06,FB.349,0.004034
720575940610919778,35797.0825,2.7935237459644937e-05,95,0,400,0.2375,488.4625,0.002047240064488,0,0,400,0.0,FB.154,0,FB.154,3.16575,4.112758,0.000621,FB.154,0.004654
720575940610931058,39791.5725,2.5130949524550707e-05,102,0,400,0.255,93140.5425,1.0736463125067154e-05,347,0,400,0.8675,AOTU.FB.28,4,AOTU.FB.28,1.952986,1.60313,0.001973,AOTU.FB.28,0.001454
720575940610973413,21040.615,4.75271278905108e-05,40,0,400,0.1,16647.42,6.006936810628915e-05,3,0,400,0.0075,SMP.FB.34,2,SMP.FB.34,3.318782,2.754255,0.0,SMP.FB.34,0.00074
720575940610974577,29598.2475,3.378578410765705e-05,75,0,400,0.1875,99446.775,1.00556302605087e-05,396,0,400,0.99,LAL.116,4,LAL.116,1.019467,0.658902,0.0,LAL.116,3.3e-05
720575940610980932,42961.7775,2.3276504329924433e-05,130,0,400,0.325,376.78,0.0026540686872976,0,0,400,0.0,FB.8,2,FB.8,3.311731,4.404853,0.006049,FB.8,0.019462
720575940611006170,23517.4575,4.252160336635029e-05,55,0,400,0.1375,65471.5825,1.5273802187384123e-05,162,0,400,0.405,FB.1085,4,FB.1085,3.232235,2.849847,0.00094,FB.1085,0.001977
720575940611091780,44021.0475,2.27164062826992e-05,124,0,400,0.31,1158.3175,0.0008633211533107,0,0,400,0.0,FB.417,3,FB.417,3.304759,4.42257,0.003601,FB.417,0.003938
720575940611102469,44969.115,2.223748454911777e-05,133,0,400,0.3325,95356.6525,1.0486945313018408e-05,365,0,400,0.9125,NO.FB.45,0,NO.FB.45,2.767423,1.905841,0.0,NO.FB.45,0.001433
720575940611117380,32838.5275,3.045203534171866e-05,93,0,400,0.2325,6523.315,0.0001532962918393,0,0,400,0.0,FB.1395,2,FB.1395,2.744579,3.545364,0.0,FB.1395,0.000533
720575940611181518,26316.6325,3.7998782708995915e-05,64,0,400,0.16,645.6925,0.0015487248187024,0,0,400,0.0,FB.MB_ML.9,3,FB.MB_ML.9,3.301749,4.643259,0.01055,FB.MB_ML.9,0.005437
720575940611185123,30643.8575,3.2632967308374935e-05,75,0,400,0.1875,72664.6725,1.3761845551564276e-05,205,0,400,0.5125,FB.795,4,FB.795,2.291945,1.841785,2e-05,FB.795,0.002144
720575940611210866,41206.0025,2.426830896785001e-05,108,0,400,0.27,2970.21,0.000336676531289,0,0,400,0.0,FB.1033,2,FB.1033,2.032895,3.885054,0.0,FB.1033,0.001246
720575940611211542,33924.9975,2.9476789202416306e-05,90,0,400,0.225,10774.43,9.281233438799084e-05,0,0,400,0.0,FB.947,2,FB.947,2.957425,3.464659,4e-06,FB.947,0.001595
720575940611216099,39097.0575,2.557737241479106e-05,114,0,400,0.285,91955.865,1.0874782157723165e-05,333,0,400,0.8325,EB.44,2,EB.44,0.609952,2.025336,0.0,EB.44,4.8e-05
720575940611243690,26394.905,3.788609960899651e-05,68,0,400,0.17,5109.125,0.0001957282313507,0,0,400,0.0,FB.777,0,FB.777,3.158714,3.824466,0.0,FB.777,0.001273
720575940611243946,35427.21,2.822689113819575e-05,107,0,400,0.2675,28226.4475,3.5427766813376005e-05,13,0,400,0.0325,FB.946,1,FB.946,3.025369,2.520009,3.1e-05,FB.946,0.000871
720575940611263602,59309.64,1.6860665483722376e-05,197,0,400,0.4925,15748.395,6.349853429508213e-05,3,0,400,0.0075,FB.832,1,FB.832,2.820975,2.601905,1.8e-05,FB.832,0.001041
720575940611284659,40662.575,2.4592638316683098e-05,119,0,400,0.2975,3815.92,0.0002620600012578,0,0,400,0.0,FB.433,0,FB.433,2.849057,3.995628,0.0,FB.433,0.001353
720575940611308259,15954.27,6.267914483081958e-05,29,0,400,0.0725,10277.4925,9.729999802967503e-05,0,0,400,0.0,FB.945,2,FB.945,2.978935,3.447892,0.0,FB.945,0.000864
720575940611363954,27961.18,3.576386976515297e-05,71,0,400,0.1775,48516.8925,2.0611377779399204e-05,74,0,400,0.185,FB.1292,4,FB.1292,3.065465,2.886233,0.0,FB.1292,0.000798
720575940611376882,30111.6475,3.320974051652272e-05,90,0,400,0.225,6345.7575,0.0001575855995127,0,0,400,0.0,FB.1014,3,FB.1014,2.9621,3.463869,0.00017,FB.1014,0.00196
720575940611396835,36001.5875,2.7776552908951584e-05,108,0,400,0.27,14591.1425,6.853472920300792e-05,0,0,400,0.0,PB.20,3,PB.20,3.229923,3.076581,0.0,PB.20,0.000792
720575940611415449,25984.5425,3.848441818823633e-05,79,0,400,0.1975,649.445,0.0015397762705078,0,0,400,0.0,FB.124,2,FB.124,3.074211,4.114364,0.002516,FB.124,0.008232
720575940611419414,38467.15,2.599620715337632e-05,107,0,400,0.2675,18720.2875,5.3417983030442245e-05,1,0,400,0.0025,FB.1042,1,FB.1042,2.926328,2.589879,3e-06,FB.1042,0.00117
720575940611425429,40031.9575,2.4980042507289336e-05,125,0,400,0.3125,74042.675,1.3505724907966924e-05,210,0,400,0.525,AOTU.FB.46,4,AOTU.FB.46,2.025809,2.70647,0.0,AOTU.FB.46,0.00039
720575940611453041,36044.5725,2.774342794605207e-05,103,0,400,0.2575,14637.4475,6.831792223336753e-05,0,0,400,0.0,FB.1032,1,FB.1032,2.774214,2.873142,0.000164,FB.1032,0.001522
720575940611468185,30961.5975,3.2298075058950044e-05,90,0,400,0.225,56937.5025,1.7563116682190265e-05,109,0,400,0.2725,FB.944,4,FB.944,3.06412,2.544001,0.001733,FB.944,0.002754
720575940611475097,25852.6325,3.8680780380876106e-05,70,0,400,0.175,14921.58,6.701703170843838e-05,0,0,400,0.0,FB.1211,4,FB.1211,2.789853,3.360121,0.0,FB.1211,0.000615
720575940611527794,38120.3775,2.623268880272762e-05,124,0,400,0.31,38786.0075,2.578249385425917e-05,39,0,400,0.0975,NO.34,3,NO.34,4.107237,2.759749,0.001653,NO.34,0.001286
720575940611550701,17700.1875,5.649657666055797e-05,39,0,400,0.0975,69888.4525,1.4308515416048169e-05,191,0,400,0.4775,FB.1291,4,FB.1291,2.101447,1.565764,4e-06,FB.1291,0.001145
720575940611568686,41640.89,2.401485655085662e-05,142,0,400,0.355,43939.89,2.2758363755576084e-05,56,0,400,0.14,FB.1255,4,FB.1255,3.23741,2.921669,0.0,FB.1255,0.000389
720575940611606830,22553.31,4.43393896505657e-05,39,0,400,0.0975,760.42,0.0013150627284921,0,0,400,0.0,FB.643,0,FB.643,2.900205,3.54236,0.0,FB.643,0.001763
720575940611612018,26785.1875,3.733406756999554e-05,62,0,400,0.155,97095.7175,1.0299115406402966e-05,377,0,400,0.9425,NO.FB.57,4,NO.FB.57,2.846418,1.910834,3.7e-05,NO.FB.57,0.001672
720575940611679461,43553.375,2.296033315443407e-05,136,0,400,0.34,20497.5625,4.878628861358515e-05,4,0,400,0.01,FB.1068,4,FB.1068,3.101409,3.048618,2e-06,FB.1068,0.001595
720575940611718885,36156.415,2.76576093066749e-05,114,0,400,0.285,3231.32,0.0003094710520777,0,0,400,0.0,FB.519,3,FB.519,3.052076,3.83629,0.0,FB.519,0.001451
720575940611725738,35572.3625,2.8111711725640936e-05,109,0,400,0.2725,5294.1125,0.000188889072531,0,0,400,0.0,FB.747,1,FB.747,2.357562,3.20624,1.8e-05,FB.747,0.001728
720575940611726829,36298.505,2.7549343974359277e-05,114,0,400,0.285,4822.7175,0.0002073519753126,0,0,400,0.0,FB.911,0,FB.911,3.036751,3.926344,0.0,FB.911,0.001654
720575940611758819,35646.88,2.8052946008178e-05,94,0,400,0.235,13746.505,7.27457633776731e-05,1,0,400,0.0025,FB.1183,0,FB.1183,2.880093,3.20393,0.0,FB.1183,0.000876
720575940611851506,27628.895,3.619399183354962e-05,71,0,400,0.1775,3509.76,0.0002849197665937,0,0,400,0.0,FB.1114,2,FB.1114,1.982036,4.039235,0.0,FB.1114,0.000821
720575940611904997,40936.5475,2.442804928774221e-05,132,0,400,0.33,90737.9475,1.1020747411109338e-05,332,0,400,0.83,FB.456,4,FB.456,3.419972,2.133196,0.002718,FB.456,0.004724
720575940611912362,28969.8275,3.4518672919264016e-05,85,0,400,0.2125,100000.0,1e-05,400,0,400,1.0,FB.1360,4,FB.1360,2.468876,1.32602,0.0,FB.1360,0.000353
720575940611939026,37708.4075,2.6519284857097188e-05,88,0,400,0.22,58711.6925,1.70323824338738e-05,120,0,400,0.3,PB.FB.6,3,PB.FB.6,4.102089,3.669394,0.000806,PB.FB.6,0.001985
720575940611963346,34322.055,2.9135784556023817e-05,105,0,400,0.2625,1273.3125,0.0007853531635007,0,0,400,0.0,FB.237,0,FB.237,3.403359,4.172937,0.002547,FB.237,0.00375
720575940611964882,38829.9325,2.5753328311863538e-05,122,0,400,0.305,95461.575,1.0475419036402867e-05,362,0,400,0.905,EB.38,3,EB.38,0.578583,2.409951,0.0,EB.38,0.000272
720575940611974354,27967.0575,3.575635370292352e-05,67,0,400,0.1675,6928.3275,0.0001443349783912,0,0,400,0.0,FB.1338,2,FB.1338,2.26164,3.172286,0.0,FB.1338,0.000272
720575940612012566,24045.46,4.158789226739684e-05,58,0,400,0.145,50878.3875,1.9654710951678648e-05,81,0,400,0.2025,SMP.FB.41,4,SMP.FB.41,3.14749,2.590141,0.0,SMP.FB.41,0.001592
720575940612047853,40465.625,2.4712332998687157e-05,130,0,400,0.325,96661.8225,1.0345346012899768e-05,372,0,400,0.93,AOTU.BU.44,4,AOTU.BU.44,1.670572,1.528893,0.0,AOTU.BU.44,8.8e-05
720575940612053106,28319.4525,3.531141712573716e-05,72,0,400,0.18,1366.695,0.0007316921478457,0,0,400,0.0,FB.502,2,FB.502,2.926935,4.032053,4e-06,FB.502,0.001712
720575940612107762,49021.6975,2.0399130405469943e-05,153,0,400,0.3825,2283.3125,0.0004379602003667,0,0,400,0.0,FB.411,0,FB.411,3.243538,4.043515,4e-06,FB.411,0.002744
720575940612109363,45903.0925,2.1785024614627e-05,146,0,400,0.365,22338.895,4.476497158879165e-05,2,0,400,0.005,FB.1267,3,FB.1267,2.65088,3.451263,0.0,FB.1267,0.000597
720575940612122152,49838.6975,2.0064729821641106e-05,161,0,400,0.4025,70573.535,1.4169617548561227e-05,189,0,400,0.4725,FB.910,4,FB.910,2.586482,1.764642,8e-06,FB.910,0.001744
720575940612131025,27340.215,3.6576157137023246e-05,69,0,400,0.1725,26479.6275,3.776488170009189e-05,8,0,400,0.02,FB.960,4,FB.960,3.079007,2.960675,2.3e-05,FB.960,0.001719
720575940612152930,12655.02,7.902002525480007e-05,24,0,400,0.06,83921.7425,1.191586316263631e-05,277,0,400,0.6925,NO.143,3,NO.143,3.04967,2.762486,0.0,NO.143,0.00039
720575940612154664,37787.56,2.6463735684442182e-05,109,0,400,0.2725,15563.145,6.425436503997103e-05,1,0,400,0.0025,FB.1084,3,FB.1084,3.122611,3.293832,4.6e-05,FB.1084,0.00105
720575940612211496,34438.12,2.9037589740671092e-05,85,0,400,0.2125,995.4775,0.0010045430459251,0,0,400,0.0,FB.425,3,FB.425,2.988283,4.724467,0.000361,FB.425,0.003962
720575940612234467,33336.735,2.9996938812394194e-05,92,0,400,0.23,68265.2125,1.4648749536962185e-05,187,0,400,0.4675,FB.1067,4,FB.1067,3.224465,2.775783,0.0,FB.1067,0.001428
720575940612243918,45426.7225,2.2013474557844228e-05,150,0,400,0.375,1863.28,0.0005366879910695,0,0,400,0.0,CRE.FB.5,3,CRE.FB.5,3.110124,3.427918,1.4e-05,CRE.FB.5,0.002399
720575940612248743,27756.115,3.60280968716263e-05,66,0,400,0.165,14755.035,6.777347529165468e-05,0,0,400,0.0,FB.982,4,FB.982,3.092528,3.298056,0.0,FB.982,0.001199
720575940612248883,30556.2475,3.272653162008849e-05,85,0,400,0.2125,99959.2575,1.0004075910627887e-05,399,0,400,0.9975,NO.FB.126,3,NO.FB.126,1.845702,0.797824,0.0,NO.FB.126,7.4e-05
720575940612249651,19469.6475,5.1361998207723075e-05,41,0,400,0.1025,25980.675,3.8490147003493944e-05,7,0,400,0.0175,FB.1266,3,FB.1266,2.779113,3.085415,0.0,FB.1266,0.000543
720575940612272424,22009.2475,4.5435447077415976e-05,59,0,400,0.1475,4447.2375,0.0002248586903667,0,0,400,0.0,FB.LAL.46,1,FB.LAL.46,0.73774,2.934251,0.00076,FB.LAL.46,0.001652
720575940612286259,46377.4725,2.1562192721908247e-05,149,0,400,0.3725,923.495,0.0010828428957384,0,0,400,0.0,FB.362,2,FB.362,3.016699,3.88268,0.0,FB.362,0.002999
720575940612310824,30625.84,3.265216562223273e-05,82,0,400,0.205,99684.165,1.003168356779635e-05,398,0,400,0.995,NO.FB.137,0,NO.FB.137,1.772795,1.518969,0.0,NO.FB.137,8.1e-05
720575940612316847,29171.8225,3.427965462219579e-05,82,0,400,0.205,6130.9375,0.0001631071920077,0,0,400,0.0,FB.858,2,FB.858,2.955086,3.58572,0.000644,FB.858,0.00206
720575940612318673,47190.54,2.1190687794630025e-05,150,0,400,0.375,3505.3725,0.000285276386461,0,0,400,0.0,FB.592,0,FB.592,3.171938,3.934992,8e-06,FB.592,0.002036
720575940612327446,28668.695,3.48812528787934e-05,68,0,400,0.17,7840.635,0.0001275406902629,0,0,400,0.0,FB.875,2,FB.875,3.080835,3.477703,0.0,FB.875,0.00149
720575940612330154,23751.51,4.210258631977504e-05,63,0,400,0.1575,1763.71,0.0005669866361249,0,0,400,0.0,FB.30,1,FB.30,3.570732,2.967808,0.011462,FB.30,0.011165
720575940612334946,36100.9675,2.7700088647208693e-05,87,0,400,0.2175,10795.8975,9.262777828337108e-05,0,0,400,0.0,FB.723,1,FB.723,3.132183,2.680441,3.6e-05,FB.723,0.001324
720575940612377775,38170.955,2.6197929813388217e-05,122,0,400,0.305,11914.335,8.393250651421167e-05,0,0,400,0.0,FB.1031,2,FB.1031,3.072173,3.05676,0.0,FB.1031,0.000915
720575940612421101,28331.6475,3.529621777201626e-05,92,0,400,0.23,4425.285,0.0002259741462979,0,0,400,0.0,FB.729,4,FB.729,3.345697,2.977793,0.0,FB.729,0.002353
720575940612488615,20789.485,4.810123964109741e-05,50,0,400,0.125,19975.1175,5.006228373875648e-05,2,0,400,0.005,FB.1138,4,FB.1138,2.88364,3.055731,0.0,FB.1138,0.000826
720575940612498984,27781.465,3.599522199423248e-05,72,0,400,0.18,98333.18,1.0169507382960664e-05,387,0,400,0.9675,AOTU.CRE.14,4,AOTU.CRE.14,1.669953,1.752128,0.0,AOTU.CRE.14,5e-05
720575940612585011,42579.985,2.348521259460284e-05,133,0,400,0.3325,11122.855,8.990497493674062e-05,0,0,400,0.0,FB.893,1,FB.893,2.277752,2.603797,0.0,FB.893,0.00113
720575940612589735,21652.075,4.618494994128738e-05,56,0,400,0.14,98949.875,1.0106126965799603e-05,393,0,400,0.9825,NO.87,3,NO.87,3.848346,0.802579,0.0,NO.87,0.000326
720575940612594855,28334.915,3.5292147514824026e-05,69,0,400,0.1725,23290.96,4.293511302239152e-05,8,0,400,0.02,FB.857,1,FB.857,2.847487,2.557956,0.0,FB.857,0.000822
720575940612599013,38279.1125,2.612390765329264e-05,115,0,400,0.2875,9609.61,0.0001040624957724,0,0,400,0.0,FB.408,3,FB.408,3.185475,3.309443,0.000757,FB.408,0.002929
720575940612599533,23118.2025,4.325595815678144e-05,63,0,400,0.1575,40914.9775,2.44409275307557e-05,45,0,400,0.1125,FB.510,0,FB.510,3.078576,2.997148,1.1e-05,FB.510,0.00233
720575940612615917,31380.5,3.186692372651806e-05,81,0,400,0.2025,41747.0525,2.395378691705241e-05,52,0,400,0.13,FB.315,0,FB.315,3.157719,2.543446,0.000919,FB.315,0.003601
720575940612627058,44867.0725,2.228805991297961e-05,136,0,400,0.34,958.2325,0.0010435880644833,0,0,400,0.0,FB.564,2,FB.564,2.946365,4.636694,0.009336,FB.564,0.003611
720575940612689645,46521.545,2.149541680096824e-05,125,0,400,0.3125,75254.6675,1.3288212322511424e-05,219,0,400,0.5475,FB.563,2,FB.563,2.850694,2.211779,4.2e-05,FB.563,0.002425
720575940612692963,26070.13,3.835807493096505e-05,69,0,400,0.1725,3160.4,0.0003164156435894,0,0,400,0.0,FB.663,0,FB.663,3.105676,3.943787,0.001965,FB.663,0.002464
720575940612694568,44498.9975,2.2472416372975595e-05,145,0,400,0.3625,35790.7625,2.7940170316293207e-05,28,0,400,0.07,FB.321,0,FB.321,2.951399,3.006163,4e-06,FB.321,0.002914
720575940612710184,29709.7475,3.36589868358861e-05,87,0,400,0.2175,99501.56,1.0050093686973353e-05,396,0,400,0.99,NO.FB.110,0,NO.FB.110,2.047345,1.66528,0.0,NO.FB.110,0.000308
720575940612712401,38604.5375,2.590369072547495e-05,109,0,400,0.2725,99071.3625,1.0093734200940257e-05,391,0,400,0.9775,NO.236,0,NO.236,1.982761,1.673113,0.0,NO.236,8.1e-05
720575940612734066,26056.0825,3.837875474949083e-05,64,0,400,0.16,1105.605,0.0009044821613505,0,0,400,0.0,FB.13,0,FB.13,3.794942,3.937619,0.005013,FB.13,0.010542
720575940612760994,38530.88,2.595320947769685e-05,109,0,400,0.2725,13161.23,7.598074040192292e-05,0,0,400,0.0,SMP.FB.20,4,SMP.FB.20,3.571288,3.636299,0.002684,SMP.FB.20,0.003622
720575940612765330,42288.5375,2.3647069847236975e-05,118,0,400,0.295,99808.3475,1.0019202051211198e-05,395,0,400,0.9875,NO.161,0,NO.161,2.280238,1.672998,0.0,NO.161,0.000212
720575940612772077,19847.4175,5.0384388800205366e-05,31,0,400,0.0775,702.1875,0.0014241210502892,0,0,400,0.0,FB.212,3,FB.212,3.156642,3.969328,0.0,FB.212,0.00318
720575940612807830,22526.7525,4.439166275742587e-05,46,0,400,0.115,42763.44,2.3384461119124186e-05,47,0,400,0.1175,FB.1210,3,FB.1210,2.914345,3.175645,0.0,FB.1210,0.000396
720575940612821997,41480.5675,2.4107674033148175e-05,130,0,400,0.325,18186.06,5.49871714928907e-05,2,0,400,0.005,FB.424,1,FB.424,2.936431,2.76284,0.00097,FB.424,0.003739
720575940612824239,42741.935,2.3396226679957283e-05,125,0,400,0.3125,55802.615,1.792030713972813e-05,110,0,400,0.275,FB.1265,4,FB.1265,3.207128,2.8448,0.0,FB.1265,0.000971
720575940612824978,40651.6725,2.459923389375923e-05,115,0,400,0.2875,14638.3475,6.831372188698212e-05,0,0,400,0.0,FB.776,1,FB.776,2.900514,2.57826,1e-06,FB.776,0.001345
720575940612828926,35694.435,2.801557161501506e-05,113,0,400,0.2825,40067.3875,2.495795364746454e-05,37,0,400,0.0925,FB.1290,3,FB.1290,2.872559,2.710218,0.0,FB.1290,0.000701
720575940612831486,22367.4975,4.470772825614488e-05,47,0,400,0.1175,99885.6125,1.0011451849484328e-05,398,0,400,0.995,NO.235,4,NO.235,1.989364,0.754643,0.0,NO.235,0.000225
720575940612851367,26143.36,3.8250630370388505e-05,48,0,400,0.12,1672.085,0.0005980557208515,0,0,400,0.0,FB.309,0,FB.309,3.209377,4.29229,5e-06,FB.309,0.004123
720575940612852898,50165.2175,1.9934130655368932e-05,175,0,400,0.4375,10481.0425,9.54103563648368e-05,0,0,400,0.0,FB.927,1,FB.927,2.878313,3.316302,0.0,FB.927,0.001617
720575940612861842,49801.815,2.007958946877739e-05,147,0,400,0.3675,97384.815,1.0268541353187352e-05,380,0,400,0.95,NO.38,1,NO.38,2.443771,1.529384,0.0,NO.38,0.000542
720575940612862882,27600.1925,3.6231631355469715e-05,58,0,400,0.145,99698.3625,1.0030255010457169e-05,398,0,400,0.995,NO.FB.84,3,NO.FB.84,2.422741,1.518759,0.0,NO.FB.84,0.000317
720575940612869269,34744.5875,2.8781461285157005e-05,97,0,400,0.2425,2979.4375,0.0003356338234985,0,0,400,0.0,EB.7,4,EB.7,1.651291,3.583136,0.0,EB.7,0.005175
720575940612892306,26553.535,3.765976921716826e-05,69,0,400,0.1725,88499.51,1.1299497590438637e-05,308,0,400,0.77,FB.1264,4,FB.1264,2.950457,2.496234,0.0,FB.1264,0.001087
720575940612892670,30625.94,3.265205900618887e-05,72,0,400,0.18,63152.1425,1.5834775518502797e-05,139,0,400,0.3475,NO.FB.39,3,NO.FB.39,4.221272,3.591424,0.005737,NO.FB.39,0.001928
720575940612895650,29487.6525,3.3912499477535554e-05,76,0,400,0.19,1213.48,0.0008240762105679,0,0,400,0.0,FB.328,3,FB.328,2.855216,4.349324,0.000992,FB.328,0.004473
720575940612920466,40600.1425,2.4630455422662615e-05,135,0,400,0.3375,98298.4375,1.017310168333042e-05,389,0,400,0.9725,EB.163,3,EB.163,2.375498,0.268172,0.002955,EB.163,0.003288
720575940612922339,31967.92,3.128135956296187e-05,101,0,400,0.2525,31368.4775,3.187913726447195e-05,17,0,400,0.0425,FB.482,0,FB.482,2.979691,2.614962,1.7e-05,FB.482,0.00226
720575940612925078,26164.14,3.822025107647337e-05,67,0,400,0.1675,2503.7375,0.0003994028926754,0,0,400,0.0,FB.554,0,FB.554,3.170624,4.317439,0.0,FB.554,0.002389
720575940612937073,35010.1375,2.8563155457472857e-05,107,0,400,0.2675,4655.9275,0.0002147799767071,0,0,400,0.0,EB.111,4,EB.111,3.148233,2.031346,2.1e-05,EB.111,0.001169
720575940612939154,39477.2275,2.5331059532992785e-05,135,0,400,0.3375,76555.205,1.306246910317855e-05,221,0,400,0.5525,NO.FB.46,3,NO.FB.46,4.013031,3.148471,0.0,NO.FB.46,0.00115
720575940612942998,39792.7325,2.5130216930943357e-05,117,0,400,0.2925,93384.44,1.0708422088305074e-05,349,0,400,0.8725,AOTU.FB.19,4,AOTU.FB.19,2.184691,2.350856,0.000214,AOTU.FB.19,0.001847
720575940612972693,48983.7825,2.0414919978872597e-05,137,0,400,0.3425,2974.055,0.0003362412598287,0,0,400,0.0,FB.500,0,FB.500,3.395041,3.913812,0.002128,FB.500,0.003633
720575940612973096,39944.9975,2.5034423897510573e-05,128,0,400,0.32,1210.8625,0.000825857601503,0,0,400,0.0,FB.794,2,FB.794,3.36264,4.3388,0.006017,FB.794,0.003206
720575940612979090,39530.2175,2.5297103412092283e-05,112,0,400,0.28,76655.4875,1.3045380475859604e-05,227,0,400,0.5675,EB.183,4,EB.183,0.617482,2.641038,0.0,EB.183,5.2e-05
720575940613005937,20700.7775,4.8307364300688706e-05,44,0,400,0.11,1533.885,0.000651939356601,0,0,400,0.0,FB.617,2,FB.617,2.98348,4.208942,0.000415,FB.617,0.002874
720575940613052200,35522.785,2.8150945935123047e-05,115,0,400,0.2875,1341.805,0.0007452647739425,0,0,400,0.0,FB.44,2,FB.44,3.357929,4.044339,0.001772,FB.44,0.006563
720575940613090710,33268.36,3.0058590204025686e-05,77,0,400,0.1925,96185.16,1.0396614197034136e-05,367,0,400,0.9175,AOTU.FB.16,4,AOTU.FB.16,2.220307,2.186073,0.000297,AOTU.FB.16,0.00267
720575940613132178,31307.0325,3.1941705110505124e-05,79,0,400,0.1975,3043.0225,0.0003286206395121,0,0,400,0.0,FB.197,2,FB.197,3.108672,3.685301,1e-06,FB.197,0.004167
720575940613151911,50610.765,1.975864225723519e-05,158,0,400,0.395,40575.3175,2.4645524954918716e-05,46,0,400,0.115,SMP.FB.32,4,SMP.FB.32,3.129399,2.664579,0.0,SMP.FB.32,0.002214
720575940613152175,24462.9625,4.087812340798871e-05,55,0,400,0.1375,2103.27,0.0004754501324128,0,0,400,0.0,CRE.FB.9,3,CRE.FB.9,3.124528,3.471917,0.0,CRE.FB.9,0.002373
720575940613184362,37567.2825,2.6618907023684772e-05,92,0,400,0.23,99976.66,1.0002334544882777e-05,399,0,400,0.9975,NO.234,0,NO.234,2.078974,1.738936,0.0,NO.234,0.000239
720575940613200559,33434.4825,2.990924115544483e-05,93,0,400,0.2325,43483.7925,2.2997074139749885e-05,44,0,400,0.11,CRE.FB.31,0,CRE.FB.31,3.088365,3.029221,4e-06,CRE.FB.31,0.001918
720575940613214098,40965.0625,2.4411045387761828e-05,102,0,400,0.255,49340.2025,2.026744823351708e-05,85,0,400,0.2125,NO.FB.22,3,NO.FB.22,4.133544,3.695429,0.002073,NO.FB.22,0.001767
720575940613231313,35159.2,2.8442057839768826e-05,82,0,400,0.205,27028.3275,3.699821973816175e-05,13,0,400,0.0325,FB.1113,3,FB.1113,3.012146,3.594116,0.000676,FB.1113,0.000843
720575940613250735,24073.08,4.154017682822472e-05,57,0,400,0.1425,2762.185,0.0003620322317295,0,0,400,0.0,FB.SMP.7,2,FB.SMP.7,2.237416,3.954609,0.0,FB.SMP.7,0.001777
720575940613268370,24999.7925,4.0000332002755627e-05,53,0,400,0.1325,644.615,0.0015513135747694,0,0,400,0.0,FB.160,3,FB.160,3.033344,4.646213,0.00274,FB.160,0.005665
720575940613275311,32255.8325,3.1002145115925934e-05,74,0,400,0.185,1589.9425,0.000628953562786,0,0,400,0.0,CRE.FB.16,3,CRE.FB.16,2.950798,3.639058,0.0,CRE.FB.16,0.001588
720575940613300722,27419.33,3.647062127338633e-05,59,0,400,0.1475,91188.835,1.0966254805207236e-05,329,0,400,0.8225,LAL.FB.2,3,LAL.FB.2,2.972082,2.020789,0.0,LAL.FB.2,0.0018
720575940613301471,34335.77,2.912414662609867e-05,95,0,400,0.2375,100000.0,1e-05,400,0,400,1.0,NO.200,0,NO.200,1.976877,1.135842,0.0,NO.200,8.5e-05
720575940613326250,47034.935,2.126079264274523e-05,147,0,400,0.3675,1287.9325,0.0007764382061948,0,0,400,0.0,FB.442,3,FB.442,2.830629,4.064898,0.000811,FB.442,0.003363
720575940613338521,30910.89,3.235105815458565e-05,91,0,400,0.2275,30957.5975,3.230224826070563e-05,16,0,400,0.04,EB.238,4,EB.238,1.247027,3.096982,0.00021,EB.238,0.001229
720575940613348271,24057.05,4.156785640799682e-05,54,0,400,0.135,1215.1925,0.0008229148879704,0,0,400,0.0,FB.648,2,FB.648,2.942323,4.548357,0.000146,FB.648,0.002253
720575940613388753,32428.29,3.0837272023902586e-05,95,0,400,0.2375,68373.965,1.4625449906261836e-05,174,0,400,0.435,FB.1309,4,FB.1309,2.911037,2.817066,0.0,FB.1309,0.000928
720575940613403042,35459.875,2.820088903302677e-05,114,0,400,0.285,98939.09,1.0107228598928896e-05,394,0,400,0.985,NO.232,4,NO.232,1.987665,1.8438,0.0,NO.232,0.0001
720575940613429314,26029.05,3.8418613049650294e-05,64,0,400,0.16,45347.3475,2.205200645969425e-05,69,0,400,0.1725,FB.943,4,FB.943,2.634855,1.846674,0.000522,FB.943,0.00334
720575940613434786,38649.74,2.587339526734203e-05,97,0,400,0.2425,98253.3925,1.017776561760959e-05,386,0,400,0.965,NO.101,2,NO.101,2.464596,1.965585,0.0,NO.101,0.00054
720575940613440479,28950.425,3.454180724462594e-05,91,0,400,0.2275,72143.825,1.3861200178948094e-05,207,0,400,0.5175,FB.1182,4,FB.1182,2.837016,2.435302,3.9e-05,FB.1182,0.001934
720575940613441442,38687.8,2.5847941728400165e-05,102,0,400,0.255,100000.0,1e-05,400,0,400,1.0,NO.24,1,NO.24,2.718232,0.635439,2e-06,NO.24,0.000897
720575940613490841,42068.115,2.3770972386093365e-05,126,0,400,0.315,6137.0425,0.0001629449364249,0,0,400,0.0,FB.131,3,FB.131,4.233317,3.995051,0.039229,FB.131,0.017688
720575940613497490,22581.5125,4.4284013305131795e-05,54,0,400,0.135,100000.0,1e-05,400,0,400,1.0,NO.125,0,NO.125,2.612183,1.008913,0.0,NO.125,0.000429
720575940613505703,34879.78,2.8669905601468818e-05,97,0,400,0.2425,21824.625,4.581980217300412e-05,2,0,400,0.005,FB.407,1,FB.407,2.903794,2.53554,3.9e-05,FB.407,0.002897
720575940613550495,28299.1925,3.533669732802446e-05,84,0,400,0.21,7311.4725,0.0001367713548809,0,0,400,0.0,FB.225,4,FB.225,3.01506,3.51789,0.0,FB.225,0.004094
720575940613605698,33336.02,2.9997582194875094e-05,95,0,400,0.2375,634.7325,0.0015754668305152,0,0,400,0.0,FB.389,0,FB.389,3.210395,4.737102,0.00034,FB.389,0.002568
720575940613606041,33763.0075,2.9618214550347744e-05,98,0,400,0.245,4039.9825,0.0002475258246786,0,0,400,0.0,FB.246,0,FB.246,3.325715,3.481388,1e-05,FB.246,0.004186
720575940613674663,45806.1775,2.1831116556276717e-05,121,0,400,0.3025,73005.07,1.3697678805047376e-05,204,0,400,0.51,NO.FB.56,3,NO.FB.56,3.951112,3.493985,0.0,NO.FB.56,0.001009
720575940613682602,20936.8875,4.776259126386384e-05,37,0,400,0.0925,8974.875,0.0001114221646541,0,0,400,0.0,FB.992,2,FB.992,2.957445,3.375352,0.0,FB.992,0.001205
720575940613704615,29047.375,3.442651874739112e-05,55,0,400,0.1375,21591.415,4.631470424703522e-05,4,0,400,0.01,FB.224,1,FB.224,3.400461,2.466743,0.000293,FB.224,0.004935
720575940613711614,38629.815,2.5886740591431777e-05,132,0,400,0.33,94033.3375,1.0634526292337546e-05,356,0,400,0.89,FB.758,4,FB.758,3.444429,1.906127,9.1e-05,FB.758,0.003876
720575940613714430,32961.165,3.0338733476198428e-05,81,0,400,0.2025,58672.6675,1.7043711196529456e-05,120,0,400,0.3,NO.FB.24,3,NO.FB.24,4.074849,3.604299,0.000868,NO.FB.24,0.00199
720575940613729695,28544.6525,3.5032831455909296e-05,82,0,400,0.205,16731.3175,5.976815633317579e-05,2,0,400,0.005,FB.1013,1,FB.1013,2.855671,2.53254,0.0,FB.1013,0.00075
720575940613748895,35266.1675,2.835578887328769e-05,88,0,400,0.22,85169.1875,1.1741335444816824e-05,283,0,400,0.7075,SMP.FB.43,4,SMP.FB.43,3.281379,2.207973,0.0,SMP.FB.43,0.001512
720575940613754527,33833.895,2.9556159584936943e-05,94,0,400,0.235,48325.5825,2.069297354046379e-05,74,0,400,0.185,PB.FB.1,3,PB.FB.1,4.218556,3.719099,0.001008,PB.FB.1,0.001963
720575940613760927,20982.3125,4.7659189138470794e-05,56,0,400,0.14,11689.305,8.554828537710326e-05,0,0,400,0.0,FB.1263,3,FB.1263,2.910665,3.241961,0.0,FB.1263,0.00045
720575940613762207,32701.6625,3.057948506440613e-05,88,0,400,0.22,3813.2375,0.0002622443527317,0,0,400,0.0,FB.630,0,FB.630,3.150249,3.820426,0.000229,FB.630,0.002837
720575940613793302,36145.3725,2.7666058774190253e-05,103,0,400,0.2575,71613.98,1.3963754004455557e-05,203,0,400,0.5075,SLP.FB.17,4,SLP.FB.17,2.394208,1.757536,3e-06,SLP.FB.17,0.001744
720575940613818690,38942.8425,2.5678659692085908e-05,114,0,400,0.285,97645.4225,1.024113547155782e-05,380,0,400,0.95,SLP.FB.11,4,SLP.FB.11,3.35599,1.641829,0.0,SLP.FB.11,0.00156
720575940613829535,20103.0275,4.974375128323333e-05,25,0,400,0.0625,5567.87,0.0001796018944407,0,0,400,0.0,FB.LAL.42,1,FB.LAL.42,0.708724,3.132613,0.000983,FB.LAL.42,0.001944
720575940613839116,40451.9625,2.472067949731734e-05,127,0,400,0.3175,22453.45,4.453658569173111e-05,7,0,400,0.0175,FB.981,1,FB.981,2.835839,2.560249,0.0,FB.981,0.000787
720575940613842700,26575.61,3.762848717301315e-05,81,0,400,0.2025,16767.465,5.963930743257851e-05,0,0,400,0.0,FB.1112,3,FB.1112,2.460349,3.531709,0.0,FB.1112,0.001685
720575940613958412,30762.51,3.250710036339688e-05,83,0,400,0.2075,96446.9125,1.0368398262619343e-05,373,0,400,0.9325,NO.77,4,NO.77,2.389838,2.136774,0.0,NO.77,0.000745
720575940613959180,23422.325,4.2694309809124415e-05,59,0,400,0.1475,10624.3625,9.412329445649092e-05,0,0,400,0.0,FB.926,1,FB.926,2.963185,3.191137,0.0,FB.926,0.00171
720575940613982514,37100.865,2.6953549465760435e-05,120,0,400,0.3,8638.0375,0.0001157670362046,0,0,400,0.0,FB.120,2,FB.120,3.354105,3.483441,0.017014,FB.120,0.007234
720575940614012134,43221.145,2.313682342288711e-05,146,0,400,0.365,14317.68,6.984371769728057e-05,1,0,400,0.0025,FB.1262,3,FB.1262,2.961938,3.402055,2.8e-05,FB.1262,0.000684
720575940614013382,43812.735,2.282441395178822e-05,127,0,400,0.3175,4007.005,0.0002495629528787,0,0,400,0.0,FB.544,0,FB.544,3.407636,3.901463,0.000258,FB.544,0.003061
720575940614017534,47796.5375,2.09220176252307e-05,151,0,400,0.3775,688.4325,0.0014525752343185,0,0,400,0.0,FB.108,2,FB.108,3.059423,4.193965,0.012902,FB.108,0.009269
720575940614018722,38664.59,2.5863458011581145e-05,105,0,400,0.2625,4727.6125,0.0002115232583042,0,0,400,0.0,FB.279,2,FB.279,3.152708,3.453269,1e-06,FB.279,0.002791
720575940614026449,47846.9225,2.089998578278467e-05,143,0,400,0.3575,1664.5325,0.0006007692850695,0,0,400,0.0,FB.25,1,FB.25,3.275552,3.09935,0.003433,FB.25,0.010981
720575940614038751,44346.7775,2.2549552783175737e-05,145,0,400,0.3625,91797.75,1.089351318523602e-05,344,0,400,0.86,FB.1111,4,FB.1111,2.318224,1.624743,4e-06,FB.1111,0.001159
720575940614073315,39468.375,2.533674112501465e-05,107,0,400,0.2675,6519.9625,0.0001533751152709,0,0,400,0.0,EB.271,4,EB.271,0.771798,3.778294,0.0,EB.271,0.001338
720575940614123570,30932.79,3.232815403977462e-05,90,0,400,0.225,99120.4625,1.0088734200569332e-05,394,0,400,0.985,NO.FB.62,3,NO.FB.62,2.181518,1.673169,0.0,NO.FB.62,0.000277
720575940614154786,36933.8,2.7075470165539423e-05,117,0,400,0.2925,1707.2975,0.0005857210005871,0,0,400,0.0,FB.223,0,FB.223,3.24113,4.341857,0.00243,FB.223,0.006616
720575940614174018,52138.985,1.9179506467185733e-05,169,0,400,0.4225,8798.65,0.0001136537991623,0,0,400,0.0,FB.909,0,FB.909,2.846319,3.400713,0.0,FB.909,0.000585
720575940614230499,32299.98,3.095977149211857e-05,91,0,400,0.2275,5415.4125,0.000184658140077,0,0,400,0.0,FB.117,3,FB.117,4.263915,4.031842,0.059336,FB.117,0.021418
720575940614294175,27756.3425,3.6027801573640335e-05,67,0,400,0.1675,2631.79,0.0003799695264439,0,0,400,0.0,FB.908,2,FB.908,2.156904,4.025161,0.0,FB.908,0.00157
720575940614297640,21474.47,4.65669234211601e-05,56,0,400,0.14,100000.0,1e-05,400,0,400,1.0,EB.348,3,EB.348,0.667641,0.185638,0.0,EB.348,0.000105
720575940614298474,35714.02,2.800020832154991e-05,103,0,400,0.2575,9128.245,0.0001095500832854,0,0,400,0.0,FB.533,0,FB.533,3.394797,3.784956,5e-06,FB.533,0.001517
720575940614298730,24483.8325,4.084327892702255e-05,49,0,400,0.1225,11687.2925,8.556301641291171e-05,0,0,400,0.0,SMP.FB.26,2,SMP.FB.26,3.208843,3.298433,0.0,SMP.FB.26,0.001369
720575940614308283,42365.0275,2.3604375094528147e-05,117,0,400,0.2925,8672.965,0.000115300822729,0,0,400,0.0,FB.814,1,FB.814,2.368321,2.748158,4e-06,FB.814,0.001251
720575940614336106,26555.9825,3.76562983500987e-05,80,0,400,0.2,5822.4525,0.0001717489322583,0,0,400,0.0,FB.629,1,FB.629,3.046387,3.243501,0.000812,FB.629,0.002546
720575940614337130,31433.2125,3.181348390655266e-05,89,0,400,0.2225,83188.5625,1.2020883279477271e-05,274,0,400,0.685,FB.695,4,FB.695,2.749847,2.307755,4.7e-05,FB.695,0.004849
720575940614413106,37943.9025,2.635469559305346e-05,128,0,400,0.32,11879.54,8.417834360589719e-05,0,0,400,0.0,FB.673,1,FB.673,3.003808,3.077929,0.00148,FB.673,0.002469
720575940614442090,40892.1125,2.445459378015748e-05,128,0,400,0.32,469.525,0.0021298120440871,0,0,400,0.0,FB.338,0,FB.338,3.107852,4.822305,0.003036,FB.338,0.004015
720575940614515398,35060.045,2.8522496191890228e-05,93,0,400,0.2325,9115.82,0.0001096994016994,0,0,400,0.0,FB.495,1,FB.495,2.94312,3.233583,0.001896,FB.495,0.003532
720575940614530098,31879.7575,3.1367867211662446e-05,87,0,400,0.2175,775.59,0.0012893410178057,0,0,400,0.0,FB.371,2,FB.371,3.087943,4.591534,0.002058,FB.371,0.004985
720575940614546911,23629.1875,4.232054106811756e-05,47,0,400,0.1175,539.485,0.0018536196557828,0,0,400,0.0,FB.406,0,FB.406,3.121239,4.614741,0.000339,FB.406,0.00262
720575940614615557,28597.62,3.496794488492399e-05,69,0,400,0.1725,4739.785,0.0002109800339044,0,0,400,0.0,FB.672,0,FB.672,3.023665,3.803101,0.000103,FB.672,0.001847
720575940614638011,36042.23,2.7745231080318833e-05,91,0,400,0.2275,10111.75,9.889485005068362e-05,0,0,400,0.0,FB.647,1,FB.647,3.215568,2.757869,0.000104,FB.647,0.002444
720575940614639035,36829.6725,2.715201988288112e-05,119,0,400,0.2975,88009.125,1.136245815419708e-05,306,0,400,0.765,FB.1053,4,FB.1053,3.328588,2.006554,0.0,FB.1053,0.002025
720575940614735558,21472.5525,4.6571081849724195e-05,49,0,400,0.1225,99002.195,1.0100786149236389e-05,394,0,400,0.985,NO.231,4,NO.231,2.142652,1.676236,0.0,NO.231,0.000172
720575940614736559,31376.39,3.1871097981635236e-05,99,0,400,0.2475,11264.6625,8.877318783407848e-05,0,0,400,0.0,SMP.FB.18,2,SMP.FB.18,3.429392,3.870931,0.001138,SMP.FB.18,0.003865
720575940614738956,31344.28,3.190374766943123e-05,87,0,400,0.2175,701.0825,0.0014263656559677,0,0,400,0.0,FB.448,2,FB.448,2.925469,4.636679,0.000416,FB.448,0.003042
720575940614773032,32931.9325,3.036566408606601e-05,85,0,400,0.2125,5533.1375,0.0001807292878588,0,0,400,0.0,FB.608,2,FB.608,3.128172,2.920442,0.0,FB.608,0.001705
720575940614799154,36613.625,2.7312236906342927e-05,104,0,400,0.26,19481.875,5.132976163741939e-05,3,0,400,0.0075,FB.107,3,FB.107,3.849791,3.565536,0.0,FB.107,0.003177
720575940614837222,33807.8425,2.9578935715877168e-05,93,0,400,0.2325,9491.585,0.000105356481557,0,0,400,0.0,FB.1261,3,FB.1261,2.886227,3.160443,0.0,FB.1261,0.000514
720575940614900127,44791.4525,2.232568814329029e-05,128,0,400,0.32,98952.1375,1.0105895893355513e-05,393,0,400,0.9825,NO.86,0,NO.86,2.546714,1.688409,0.0,NO.86,0.000778
720575940614920379,28957.33,3.453357060198575e-05,89,0,400,0.2225,89140.1725,1.121828656995251e-05,322,0,400,0.805,NO.2,1,NO.2,2.886138,1.767239,0.000107,NO.2,0.001831
720575940614926475,31966.76,3.128249469136065e-05,96,0,400,0.24,91270.2175,1.095647657462852e-05,335,0,400,0.8375,EB.59,1,EB.59,0.761044,0.675568,0.0,EB.59,0.000463
720575940614939990,29178.14,3.427223256862843e-05,75,0,400,0.1875,22206.2,4.503246840972341e-05,5,0,400,0.0125,FB.745,1,FB.745,2.91543,2.894547,3.8e-05,FB.745,0.002239
720575940614966214,13907.2,7.19052001840773e-05,25,0,400,0.0625,1666.98,0.0005998872212024,0,0,400,0.0,FB.285,0,FB.285,3.297588,4.366155,0.001912,FB.285,0.004963
720575940615018838,30002.715,3.333031693965029e-05,102,0,400,0.255,4954.85,0.0002018224567847,0,0,400,0.0,FB.813,0,FB.813,3.200571,4.037892,0.0,FB.813,0.00114
720575940615023628,27556.5225,3.6289049171570906e-05,70,0,400,0.175,97075.3125,1.0301280255986814e-05,375,0,400,0.9375,FB.1393,3,FB.1393,2.232286,2.768762,0.0,FB.1393,6.6e-05
720575940615098683,45496.22,2.19798479961632e-05,130,0,400,0.325,100000.0,1e-05,400,0,400,1.0,NO.FB.109,4,NO.FB.109,1.938943,1.311751,0.0,NO.FB.109,0.000239
720575940615101747,19746.9075,5.064084085064965e-05,38,0,400,0.095,857.86,0.0011656913715524,0,0,400,0.0,EB.2,4,EB.2,2.505731,4.124046,0.037547,EB.2,0.030526
720575940615102127,32122.58,3.113074977165595e-05,79,0,400,0.1975,90831.905,1.1009347431389884e-05,326,0,400,0.815,FB.1269,4,FB.1269,2.852781,2.430499,0.0,FB.1269,0.000942
720575940615133755,39112.8,2.556707778527745e-05,115,0,400,0.2875,17718.5325,5.6438082555651826e-05,1,0,400,0.0025,FB.942,1,FB.942,2.976614,2.847678,2e-06,FB.942,0.001418
720575940615134011,24264.5,4.121247089369243e-05,34,0,400,0.085,4584.1075,0.0002181449715129,0,0,400,0.0,FB.774,0,FB.774,3.149116,3.856231,0.0,FB.774,0.001657
720575940615177099,36167.4225,2.764919175537046e-05,111,0,400,0.2775,99198.035,1.0080844847380292e-05,394,0,400,0.985,EB.140,3,EB.140,2.014092,0.227661,0.000984,EB.140,0.001709
720575940615183755,21548.0425,4.640792777348569e-05,40,0,400,0.1,56511.39,1.7695547747100185e-05,101,0,400,0.2525,NO.FB.25,3,NO.FB.25,4.155633,3.604678,0.002299,NO.FB.25,0.002434
720575940615193138,46503.3125,2.150384448419669e-05,140,0,400,0.35,2609.91,0.0003831549746926,0,0,400,0.0,FB.599,0,FB.599,3.360992,3.929058,0.000847,FB.599,0.002317
720575940615220802,26976.9725,3.7068651791819856e-05,65,0,400,0.1625,20410.12,4.899530233041256e-05,3,0,400,0.0075,NO.56,3,NO.56,4.056985,2.526414,0.0,NO.56,0.000883
720575940615250235,29164.96,3.428772060719439e-05,72,0,400,0.18,5890.4475,0.0001697663887166,0,0,400,0.0,FB.1181,0,FB.1181,2.955954,3.071535,0.0,FB.1181,0.000868
720575940615267933,41657.3975,2.400534022798712e-05,130,0,400,0.325,59441.55,1.682324905726718e-05,131,0,400,0.3275,FB.1260,3,FB.1260,2.753111,3.822539,0.0,FB.1260,0.00086
720575940615283771,35216.15,2.839606260195961e-05,115,0,400,0.2875,41024.785,2.4375508610221843e-05,47,0,400,0.1175,FB.1331,3,FB.1331,2.107626,3.294857,0.0,FB.1331,0.000261
720575940615285919,39292.0825,2.5450419941472945e-05,123,0,400,0.3075,719.7975,0.001389279623783,0,0,400,0.0,FB.141,0,FB.141,3.163678,4.123321,0.000985,FB.141,0.004153
720575940615326779,39005.3525,2.5637507057524988e-05,113,0,400,0.2825,383.3125,0.0026088374368172,0,0,400,0.0,FB.273,0,FB.273,3.037796,4.991764,0.003131,FB.273,0.004674
720575940615442315,40785.23,2.4518679924080357e-05,133,0,400,0.3325,94944.8225,1.053243319297374e-05,363,0,400,0.9075,FB.1392,4,FB.1392,2.061202,1.830852,0.0,FB.1392,0.000326
720575940615463825,29508.4425,3.3888606625036206e-05,84,0,400,0.21,365.1175,0.0027388443446287,0,0,400,0.0,FB.298,0,FB.298,2.800297,4.343736,0.002011,FB.298,0.005453
720575940615468703,27921.3725,3.581485831328671e-05,71,0,400,0.1775,29383.7675,3.4032395607540794e-05,17,0,400,0.0425,FB.1162,3,FB.1162,2.944244,3.434711,0.0,FB.1162,0.001626
720575940615484633,42670.22,2.3435548258246614e-05,136,0,400,0.34,35803.4225,2.7930290742456256e-05,29,0,400,0.0725,FB.1289,3,FB.1289,2.952801,3.563378,0.0,FB.1289,0.000708
720575940615502130,38943.96,2.5677922840923214e-05,116,0,400,0.29,55196.555,1.8117072704990377e-05,103,0,400,0.2575,NO.FB.42,3,NO.FB.42,4.19134,3.687263,0.0,NO.FB.42,0.0015
720575940615610836,38741.2625,2.581227186388157e-05,110,0,400,0.275,12633.3425,7.915561538840572e-05,0,0,400,0.0,FB.1232,3,FB.1232,3.095731,3.114888,1.9e-05,FB.1232,0.000822
720575940615612066,36945.1325,2.706716507242192e-05,122,0,400,0.305,772.09,0.0012951857944022,0,0,400,0.0,FB.42,3,FB.42,3.164966,4.17868,0.002379,FB.42,0.009334
720575940615645841,27622.155,3.620282342199586e-05,73,0,400,0.1825,8783.6675,0.000113847661014,0,0,400,0.0,FB.1330,0,FB.1330,2.98315,3.202794,0.0,FB.1330,0.000702
720575940615650009,24252.4025,4.123302835667518e-05,62,0,400,0.155,19955.39,5.0111774312604264e-05,3,0,400,0.0075,FB.993,1,FB.993,2.954689,2.454665,0.0,FB.993,0.000921
720575940615654100,36052.7675,2.773712170639882e-05,95,0,400,0.2375,32808.26,3.048012908944272e-05,23,0,400,0.0575,NO.FB.41,3,NO.FB.41,3.949449,3.376275,0.0,NO.FB.41,0.001197
720575940615654715,17685.72,5.654279271638361e-05,49,0,400,0.1225,69863.625,1.4313600246193924e-05,185,0,400,0.4625,FB.1259,4,FB.1259,3.207443,2.89687,0.00113,FB.1259,0.002082
720575940615661661,20160.4225,4.9602135074302136e-05,36,0,400,0.09,99387.5375,1.0061623671881396e-05,393,0,400,0.9825,NO.144,3,NO.144,1.911244,0.921869,0.0,NO.144,7.3e-05
720575940615673949,49686.08,2.0126361347081516e-05,175,0,400,0.4375,2338.6175,0.0004276030603551,0,0,400,0.0,FB.1052,2,FB.1052,2.882505,4.174834,0.0,FB.1052,0.002137
720575940615677780,20295.89,4.927105931299391e-05,54,0,400,0.135,14735.215,6.78646358400607e-05,0,0,400,0.0,FB.1083,3,FB.1083,2.621146,2.952936,0.0,FB.1083,0.000648
720575940615687380,50184.025,1.99266599281345e-05,166,0,400,0.415,1242.91,0.0008045634840817,0,0,400,0.0,FB.628,2,FB.628,3.369723,4.373477,0.003241,FB.628,0.002726
720575940615706966,37970.265,2.6336397704888285e-05,105,0,400,0.2625,80852.1525,1.2368254512457168e-05,256,0,400,0.64,FB.646,4,FB.646,3.350007,2.463238,6e-06,FB.646,0.002153
720575940615711745,25205.005,3.967465985426307e-05,56,0,400,0.14,19323.705,5.174991027859305e-05,3,0,400,0.0075,FB.1110,3,FB.1110,3.037098,3.294312,0.0,FB.1110,0.000644
720575940615712468,41138.18,2.4308318938757137e-05,134,0,400,0.335,84965.1575,1.1769530351309004e-05,285,0,400,0.7125,FB.1307,4,FB.1307,2.988585,2.394562,5e-06,FB.1307,0.001151
720575940615742977,25757.5875,3.8823511712810835e-05,61,0,400,0.1525,100000.0,1e-05,400,0,400,1.0,NO.FB.93,3,NO.FB.93,2.312175,1.460072,0.0,NO.FB.93,0.000146
720575940615748025,30884.0375,3.237918617343992e-05,79,0,400,0.1975,10118.3225,9.883061149711328e-05,0,0,400,0.0,FB.645,1,FB.645,3.190038,2.776003,0.0,FB.645,0.001898
720575940615748753,43127.935,2.3186827748650616e-05,127,0,400,0.3175,95829.1275,1.0435240579645263e-05,370,0,400,0.925,NO.142,4,NO.142,2.355133,1.950255,1e-06,NO.142,0.00143
720575940615764061,21719.9225,4.604067993336532e-05,50,0,400,0.125,748.9175,0.0013352605594074,0,0,400,0.0,FB.444,3,FB.444,2.940883,4.805082,0.001537,FB.444,0.0037
720575940615783097,38234.2175,2.6154582606535627e-05,105,0,400,0.2625,1353.1,0.0007390436774813,0,0,400,0.0,FB.773,2,FB.773,3.27037,4.22068,3.1e-05,FB.773,0.001931
720575940615785755,19333.9475,5.172249485005585e-05,36,0,400,0.09,42262.2025,2.366180513190244e-05,48,0,400,0.12,FB.1012,4,FB.1012,3.13625,2.917481,0.000856,FB.1012,0.001747
720575940615833055,32056.7575,3.119467088959325e-05,86,0,400,0.215,4082.33,0.0002449581489002,0,0,400,0.0,FB.26,3,FB.26,3.964868,4.061042,0.004218,FB.26,0.008867
720575940615846356,20478.3775,4.883199364793427e-05,28,0,400,0.07,88471.62,1.130305967043443e-05,319,0,400,0.7975,AOTU.FB.10,4,AOTU.FB.10,2.312473,2.612833,0.0,AOTU.FB.10,0.00104
720575940615877410,25926.9625,3.856988646471795e-05,66,0,400,0.165,11569.22,8.643625067204185e-05,0,0,400,0.0,FB.1180,3,FB.1180,2.821007,3.078041,0.0,FB.1180,0.001031
720575940615889638,34451.3875,2.9026407136722725e-05,95,0,400,0.2375,8872.95,0.0001127020889332,0,0,400,0.0,FB.662,1,FB.662,3.068709,3.341498,0.000244,FB.662,0.003218
720575940615914613,37418.2475,2.672492879309754e-05,110,0,400,0.275,33595.275,2.9766090618397978e-05,28,0,400,0.07,FB.1011,4,FB.1011,3.142164,3.044455,0.0,FB.1011,0.001267
720575940615921803,33815.445,2.957228568188294e-05,86,0,400,0.215,8703.0425,0.0001149023459324,0,0,400,0.0,CRE.FB.36,3,CRE.FB.36,3.314603,3.109129,0.000314,CRE.FB.36,0.002219
720575940615929584,37977.645,2.6331279888471235e-05,109,0,400,0.2725,1342.95,0.0007446293607356,0,0,400,0.0,FB.438,2,FB.438,2.895833,3.886403,3e-06,FB.438,0.001645
720575940615935325,30451.6275,3.283896730971112e-05,87,0,400,0.2175,78934.2,1.26687798191405e-05,235,0,400,0.5875,AOTU.FB.35,4,AOTU.FB.35,2.179024,2.406229,0.000987,AOTU.FB.35,0.000466
720575940615957853,41960.85,2.38317383942413e-05,136,0,400,0.34,38958.38,2.5668418450664532e-05,39,0,400,0.0975,FB.1041,4,FB.1041,2.917305,3.043447,1e-06,FB.1041,0.000961
720575940615961739,32964.9725,3.0335229310444592e-05,102,0,400,0.255,8084.4075,0.0001236949028113,0,0,400,0.0,FB.1066,0,FB.1066,2.960484,3.248633,0.000986,FB.1066,0.002244
720575940615965323,32720.94,3.0561469199845725e-05,94,0,400,0.235,3525.005,0.0002836875408687,0,0,400,0.0,FB.616,0,FB.616,3.126404,3.948077,0.001627,FB.616,0.002475
720575940615973771,42547.625,2.35030744959325e-05,124,0,400,0.31,91067.545,1.0980860415200608e-05,337,0,400,0.8425,NO.33,3,NO.33,4.048971,2.079124,0.0,NO.33,0.000569
720575940615976861,28951.805,3.454016079481055e-05,60,0,400,0.15,93457.89,1.0700006173903564e-05,349,0,400,0.8725,AOTU.FB.18,4,AOTU.FB.18,2.337085,2.429142,0.0,AOTU.FB.18,0.000497
720575940615985449,36348.9575,2.751110537351725e-05,86,0,400,0.215,18093.1,5.526968844476624e-05,0,0,400,0.0,FB.855,1,FB.855,3.080086,2.688687,5.9e-05,FB.855,0.001176
720575940616005009,29027.615,3.444995394902406e-05,72,0,400,0.18,4609.7475,0.0002169316215259,0,0,400,0.0,FB.380,0,FB.380,3.125169,3.077609,7.8e-05,FB.380,0.003597
720575940616027037,29386.485,3.4029248479360496e-05,78,0,400,0.195,33038.7625,3.0267477481942616e-05,23,0,400,0.0575,FB.892,4,FB.892,3.137322,2.817181,0.0,FB.892,0.00188
720575940616040148,31617.6775,3.1627876525718876e-05,80,0,400,0.2,1016.1975,0.0009840606771813,0,0,400,0.0,FB.437,2,FB.437,3.364446,4.471618,0.000281,FB.437,0.00462
720575940616072861,44049.3775,2.2701796410176283e-05,147,0,400,0.3675,64583.815,1.5483755488894548e-05,154,0,400,0.385,FB.1350,3,FB.1350,2.114483,3.106223,0.0,FB.1350,0.000628
720575940616097093,35356.75,2.8283142539967615e-05,104,0,400,0.26,195.745,0.0051086873227924,0,0,400,0.0,FB.155,0,FB.155,3.288527,4.604828,0.006752,FB.155,0.007407
720575940616103254,41007.47,2.4385800928464983e-05,138,0,400,0.345,1390.0475,0.0007193998766229,0,0,400,0.0,FB.772,2,FB.772,3.310935,4.294349,0.004143,FB.772,0.003011
720575940616199892,38763.8725,2.5797216209500228e-05,109,0,400,0.2725,91403.01,1.0940558740899233e-05,328,0,400,0.82,CRE.FB.23,0,CRE.FB.23,3.044358,2.48193,2e-06,CRE.FB.23,0.001441
720575940616200298,30011.055,3.3321054524740966e-05,73,0,400,0.1825,83151.01,1.2026312127778123e-05,272,0,400,0.68,FB.792,4,FB.792,2.613265,1.947998,0.000571,FB.792,0.002318
720575940616204091,32324.3225,3.0936456595493995e-05,82,0,400,0.205,4671.76,0.000214052091717,0,0,400,0.0,FB.728,0,FB.728,3.264732,3.806908,0.000374,FB.728,0.001973
720575940616205083,26563.2875,3.764594273205077e-05,62,0,400,0.155,38628.4975,2.5887623509042775e-05,43,0,400,0.1075,EB.293,4,EB.293,0.76829,3.30778,0.0,EB.293,0.000385
720575940616218452,30317.2125,3.298456281229681e-05,68,0,400,0.17,6727.9,0.0001486347894588,0,0,400,0.0,FB.661,0,FB.661,2.971408,3.764376,0.0,FB.661,0.001173
720575940616221401,26233.975,3.811850853711647e-05,55,0,400,0.1375,94963.525,1.0530358893059203e-05,360,0,400,0.9,FB.1306,4,FB.1306,2.363976,2.457207,0.000951,FB.1306,0.001579
720575940616231252,36088.59,2.770958909727424e-05,103,0,400,0.2575,4780.1575,0.0002091981278859,0,0,400,0.0,FB.812,0,FB.812,3.057842,3.990534,0.0,FB.812,0.001276
720575940616267348,35113.86,2.8478783021860883e-05,87,0,400,0.2175,62046.4,1.6116970525284304e-05,146,0,400,0.365,FB.1329,3,FB.1329,2.28513,3.425692,0.0,FB.1329,0.000323
720575940616287377,32719.6425,3.0562681117313554e-05,105,0,400,0.2625,99982.8475,1.0001715544258729e-05,399,0,400,0.9975,NO.229,0,NO.229,1.853406,1.212477,0.0,NO.229,6.6e-05
720575940616323101,40285.3725,2.4822905634048687e-05,115,0,400,0.2875,20391.4625,4.904013137851196e-05,1,0,400,0.0025,FB.941,1,FB.941,2.610319,2.79416,2e-06,FB.941,0.001275
720575940616324386,28903.45,3.459794591995073e-05,62,0,400,0.155,22765.44,4.392623204295634e-05,8,0,400,0.02,FB.1065,4,FB.1065,3.105668,2.982425,0.000818,FB.1065,0.001371
720575940616330267,30978.415,3.228054114453564e-05,101,0,400,0.2525,3977.2925,0.0002514273214756,0,0,400,0.0,FB.491,0,FB.491,3.416827,4.087462,0.002929,FB.491,0.002826
720575940616377659,18151.9225,5.509058338035544e-05,40,0,400,0.1,3323.085,0.0003009251945105,0,0,400,0.0,FB.261,1,FB.261,2.812643,3.075006,0.003349,FB.261,0.004483
720575940616400704,27011.5925,3.702114194118692e-05,67,0,400,0.1675,52231.9875,1.914535609046085e-05,85,0,400,0.2125,FB.727,4,FB.727,2.308826,1.766149,3.4e-05,FB.727,0.001985
720575940616410171,39034.97,2.561805478523488e-05,103,0,400,0.2575,222.5525,0.004493321800474,0,0,400,0.0,FB.56,0,FB.56,3.250344,4.764204,0.01653,FB.56,0.012346
720575940616440537,14684.155,6.810061593602083e-05,23,0,400,0.0575,86324.665,1.15841746967683e-05,300,0,400,0.75,FB.660,0,FB.660,2.684128,2.342721,0.0,FB.660,0.001281
720575940616445250,39137.685,2.555082141419453e-05,115,0,400,0.2875,11858.5125,8.432760854280838e-05,1,0,400,0.0025,EB.285,4,EB.285,0.435573,3.779558,0.000709,EB.285,0.00111
720575940616470417,46428.845,2.153833462796673e-05,124,0,400,0.31,45485.555,2.1985001612050243e-05,56,0,400,0.14,FB.1108,4,FB.1108,3.25967,3.041185,0.0,FB.1108,0.001204
720575940616502175,35712.735,2.800121581279059e-05,99,0,400,0.2475,6214.565,0.0001609123084238,0,0,400,0.0,EB.GA.1,5,EB.GA.1,0.423873,1.374791,0.0,EB.GA.1,0.001555
720575940616511813,47434.7775,2.108157880576124e-05,145,0,400,0.3625,15105.1525,6.620257557810158e-05,0,0,400,0.0,FB.409,4,FB.409,3.443531,3.766826,0.000575,FB.409,0.002875
720575940616520517,31260.1025,3.198965838323786e-05,85,0,400,0.2125,7568.66,0.0001321237841308,0,0,400,0.0,FB.708,1,FB.708,2.71309,2.963218,2e-06,FB.708,0.001338
720575940616543745,36873.2225,2.71199513413833e-05,110,0,400,0.275,68478.56,1.4603110813077846e-05,189,0,400,0.4725,NO.47,3,NO.47,3.986281,2.239327,0.0,NO.47,0.000878
720575940616545793,28221.155,3.5434410816991726e-05,70,0,400,0.175,2022.0025,0.000494559230268,0,0,400,0.0,FB.28,1,FB.28,3.628621,3.201668,0.010294,FB.28,0.01058
720575940616571682,29608.625,3.377394255896719e-05,71,0,400,0.1775,97222.2775,1.0285708437554346e-05,379,0,400,0.9475,NO.152,4,NO.152,2.538381,1.847915,0.0,NO.152,0.000659
720575940616586077,23500.685,4.2551951145253846e-05,55,0,400,0.1375,9952.1675,0.0001004806239444,0,0,400,0.0,FB.891,2,FB.891,3.108053,3.479761,0.0,FB.891,0.001305
720575940616617245,27891.725,3.5852927705260256e-05,59,0,400,0.1475,1029.87,0.0009709963393438,0,0,400,0.0,FB.581,2,FB.581,2.925751,4.664248,0.000601,FB.581,0.002995
720575940616617940,38085.01,2.6257049689628544e-05,111,0,400,0.2775,767.3375,0.0013032075195073,0,0,400,0.0,FB.113,2,FB.113,3.191273,4.572314,0.004521,FB.113,0.010543
720575940616657989,27897.8425,3.5845065796754716e-05,80,0,400,0.2,983.7375,0.0010165313409319,0,0,400,0.0,FB.543,2,FB.543,2.919417,4.690153,0.002101,FB.543,0.003466
720575940616728038,28405.88,3.520397889451057e-05,89,0,400,0.2225,3804.475,0.000262848356212,0,0,400,0.0,FB.146,3,FB.146,4.193846,3.999474,0.020848,FB.146,0.013241
720575940616764731,38116.695,2.6235223174517097e-05,123,0,400,0.3075,5291.3475,0.000188987776743,0,0,400,0.0,FB.LAL.40,1,FB.LAL.40,1.91288,3.007635,0.000176,FB.LAL.40,0.002743
720575940616811584,34675.215,2.8839042526484697e-05,105,0,400,0.2625,22982.145,4.3512039454976896e-05,7,0,400,0.0175,FB.726,4,FB.726,3.374394,2.923741,0.000154,FB.726,0.002164
720575940616813858,28352.72,3.526998467871865e-05,66,0,400,0.165,587.5075,0.0017021059305625,0,0,400,0.0,FB.MB_ML.8,3,FB.MB_ML.8,3.134633,4.412314,0.00275,FB.MB_ML.8,0.004621
720575940616819345,40923.43,2.4435879397205953e-05,119,0,400,0.2975,384.9775,0.00259755440253,0,0,400,0.0,FB.342,3,FB.342,3.108382,4.363888,3.3e-05,FB.342,0.002235
720575940616824118,29796.57,3.356090986311512e-05,83,0,400,0.2075,1585.0925,0.0006308780086966,0,0,400,0.0,FB.27,1,FB.27,3.525458,3.306682,0.010887,FB.27,0.013429
720575940616826409,37699.3275,2.6525672109137755e-05,107,0,400,0.2675,9295.6625,0.0001075770554277,0,0,400,0.0,FB.853,1,FB.853,2.909562,3.244178,6e-06,FB.853,0.002035
720575940616828201,45507.3325,2.1974480705938983e-05,145,0,400,0.3625,26579.2,3.762340476763785e-05,15,0,400,0.0375,FB.940,1,FB.940,2.912264,2.897352,6.8e-05,FB.940,0.001441
720575940616828969,19970.51,5.007383386803843e-05,56,0,400,0.14,3822.2125,0.0002616285724563,0,0,400,0.0,FB.570,1,FB.570,3.077063,3.812273,0.000305,FB.570,0.002802
720575940616829481,21831.26,4.580587652751147e-05,45,0,400,0.1125,16292.89,6.137646543983296e-05,0,0,400,0.0,FB.644,1,FB.644,2.776354,2.920193,9.2e-05,FB.644,0.001629
720575940616839654,28967.4375,3.452152093190846e-05,77,0,400,0.1925,58886.865,1.69817157017953e-05,109,0,400,0.2725,FB.1082,4,FB.1082,2.90942,2.323936,2.7e-05,FB.1082,0.001904
720575940616842141,40538.7075,2.466778202043072e-05,124,0,400,0.31,93832.1,1.0657333684314856e-05,355,0,400,0.8875,NO.60,4,NO.60,2.537925,2.241145,1.1e-05,NO.60,0.001404
720575940616855074,40297.1275,2.4815664590484765e-05,121,0,400,0.3025,100000.0,1e-05,400,0,400,1.0,NO.59,1,NO.59,2.501233,0.482398,0.0,NO.59,0.000392
720575940616856645,26291.0925,3.8035695930094955e-05,59,0,400,0.1475,6119.6075,0.0001634091728922,0,0,400,0.0,FB.607,0,FB.607,3.123412,3.714865,0.000145,FB.607,0.002544
720575940616884765,34631.0775,2.8875798045844805e-05,111,0,400,0.2775,98603.3175,1.014164660332042e-05,387,0,400,0.9675,NO.186,4,NO.186,1.929156,1.846902,0.0,NO.186,0.00027
720575940616885824,32085.765,3.116646899333708e-05,85,0,400,0.2125,4065.0525,0.000245999282912,0,0,400,0.0,FB.LAL.44,1,FB.LAL.44,0.708713,3.341614,0.002907,FB.LAL.44,0.001943
720575940616891698,26212.2,3.815017434629677e-05,62,0,400,0.155,30734.8925,3.253631031896402e-05,16,0,400,0.04,EB.307,4,EB.307,1.254056,2.551991,0.0,EB.307,0.000681
720575940616896581,32089.93,3.1162423850722014e-05,88,0,400,0.22,29713.9775,3.365419523522221e-05,18,0,400,0.045,FB.1209,3,FB.1209,2.641183,3.16615,0.0,FB.1209,0.000292
720575940616913339,29953.1175,3.338550653366882e-05,85,0,400,0.2125,84301.7275,1.1862153121358042e-05,277,0,400,0.6925,FB.SMP.1,4,FB.SMP.1,3.037239,2.289542,0.0,FB.SMP.1,0.0011
720575940616956673,33480.98,2.9867703991938103e-05,82,0,400,0.205,687.9675,0.0014535570357611,0,0,400,0.0,FB.219,0,FB.219,2.811115,4.348542,0.005438,FB.219,0.00741
720575940616966557,25992.7975,3.847219599968029e-05,79,0,400,0.1975,70384.5,1.4207673564492184e-05,194,0,400,0.485,NO.44,3,NO.44,3.931171,1.883353,0.0,NO.44,0.000616
720575940616967508,33872.445,2.9522521920103493e-05,89,0,400,0.2225,736.7075,0.0013573908233593,0,0,400,0.0,FB.447,2,FB.447,2.927666,4.637465,0.003429,FB.447,0.003989
720575940616968733,39551.4575,2.528351831282071e-05,106,0,400,0.265,413.235,0.0024199305479932,0,0,400,0.0,FB.284,0,FB.284,2.999249,4.864801,0.002036,FB.284,0.004244
720575940616973313,46888.6575,2.132711946380636e-05,145,0,400,0.3625,750.4025,0.0013326181615866,0,0,400,0.0,FB.489,0,FB.489,3.128951,4.430708,5.9e-05,FB.489,0.002147
720575940616983862,29321.7925,3.41043270120679e-05,75,0,400,0.1875,7421.8725,0.0001347368874903,0,0,400,0.0,FB.443,1,FB.443,3.12292,2.768566,0.000538,FB.443,0.002704
720575940617047297,29572.8625,3.3814785430392476e-05,75,0,400,0.1875,9591.8625,0.0001042550391021,0,0,400,0.0,SMP.FB.12,2,SMP.FB.12,3.207322,3.70839,0.000238,SMP.FB.12,0.003371
720575940617068066,32880.2175,3.041342412044568e-05,73,0,400,0.1825,74798.635,1.3369227927755634e-05,214,0,400,0.535,FB.1349,4,FB.1349,2.59395,2.358042,0.0,FB.1349,0.000602
720575940617073876,33210.025,3.011138955782177e-05,96,0,400,0.24,15138.6625,6.605603368197158e-05,0,0,400,0.0,FB.1404,0,FB.1404,2.894501,2.695643,0.0,FB.1404,0.0006
720575940617077533,42496.49,2.3531355177804094e-05,141,0,400,0.3525,4959.805,0.0002016208298511,0,0,400,0.0,FB.517,4,FB.517,3.455834,3.601848,0.001603,FB.517,0.004011
720575940617155742,34577.0475,2.892091928901679e-05,109,0,400,0.2725,10640.865,9.3977322332348e-05,1,0,400,0.0025,FB.569,2,FB.569,3.009716,3.164284,0.000989,FB.569,0.003658
720575940617172436,46499.97,2.1505390218531324e-05,133,0,400,0.3325,79214.2225,1.262399564674134e-05,252,0,400,0.63,AOTU.FB.3,4,AOTU.FB.3,2.362059,2.344639,0.001972,AOTU.FB.3,0.001973
720575940617178369,33658.58,2.971010660580452e-05,89,0,400,0.2225,69673.0225,1.435275755404468e-05,176,0,400,0.44,FB.1368,3,FB.1368,2.005518,3.265871,0.0,FB.1368,0.000138
720575940617180955,25502.2525,3.921222252818648e-05,74,0,400,0.185,88050.425,1.1357128599890346e-05,307,0,400,0.7675,FB.SMP.6,4,FB.SMP.6,2.850549,2.333537,0.0,FB.SMP.6,0.000635
720575940617187329,32559.105,3.0713374953027735e-05,68,0,400,0.17,61658.22,1.621843770384549e-05,136,0,400,0.34,EB.334,4,EB.334,1.047882,2.359725,0.0,EB.334,0.000201
720575940617193886,36797.765,2.717556351588201e-05,103,0,400,0.2575,97352.2825,1.0271972822003428e-05,379,0,400,0.9475,FB.1287,4,FB.1287,3.177926,1.755682,0.0,FB.1287,0.001308
720575940617211968,43688.5025,2.288931738962671e-05,134,0,400,0.335,39654.0525,2.5218103496483747e-05,49,0,400,0.1225,FB.979,1,FB.979,2.775955,2.697643,0.0,FB.979,0.00084
720575940617225565,36763.4725,2.720091253621376e-05,95,0,400,0.2375,1393.9725,0.0007173742667089,0,0,400,0.0,FB.100,0,FB.100,3.44272,3.953423,0.00103,FB.100,0.007246
720575940617232017,25052.7375,3.991579762491025e-05,43,0,400,0.1075,989.7025,0.0010104046417989,0,0,400,0.0,FB.23,3,FB.23,3.50537,4.087543,0.005969,FB.23,0.017201
720575940617236667,28323.36,3.530654555109281e-05,79,0,400,0.1975,996.81,0.0010032002086656,0,0,400,0.0,FB.475,3,FB.475,3.035573,4.669436,0.002058,FB.475,0.003155
720575940617241019,39932.145,2.504248143945185e-05,122,0,400,0.305,2814.605,0.0003552896409975,0,0,400,0.0,FB.289,0,FB.289,3.130414,3.373822,1e-06,FB.289,0.002409
720575940617244347,26256.1525,3.808631138930199e-05,75,0,400,0.1875,1002.605,0.0009974017683933,0,0,400,0.0,FB.36,3,FB.36,3.219912,4.164259,0.003022,FB.36,0.010796
720575940617296155,28483.7725,3.5107709135087356e-05,62,0,400,0.155,4157.4175,0.0002405339372338,0,0,400,0.0,FB.1328,0,FB.1328,2.445392,3.450885,0.0,FB.1328,0.000331
720575940617337413,28946.2475,3.4546792291470594e-05,60,0,400,0.15,8476.8425,0.000117968453466,0,0,400,0.0,FB.1179,3,FB.1179,3.042856,3.111767,0.0,FB.1179,0.000955
720575940617387732,46546.6725,2.1483812833237436e-05,153,0,400,0.3825,1421.86,0.0007033041227687,0,0,400,0.0,FB.14,3,FB.14,3.227847,3.228294,0.005457,FB.14,0.023489
720575940617425781,40261.5675,2.4837582391694017e-05,128,0,400,0.32,33884.645,2.951189248109284e-05,30,0,400,0.075,EB.262,4,EB.262,0.714896,3.241475,0.000133,EB.262,0.00169
720575940617433627,21554.3625,4.639432040729574e-05,38,0,400,0.095,10000.6325,9.999367540003096e-05,0,0,400,0.0,SMP.FB.4,0,SMP.FB.4,3.15015,3.088391,0.0,SMP.FB.4,0.003377
720575940617494232,40787.4625,2.451733789519267e-05,133,0,400,0.3325,2460.635,0.0004063991611921,0,0,400,0.0,FB.265,0,FB.265,3.343004,4.30538,0.000673,FB.265,0.005257
720575940617497211,43405.0425,2.3038797853959016e-05,138,0,400,0.345,89480.1775,1.1175659547613212e-05,314,0,400,0.785,FB.SMP.96,4,FB.SMP.96,1.648249,2.30019,0.0,FB.SMP.96,0.000258
720575940617501533,27470.7975,3.640229228874771e-05,75,0,400,0.1875,778.405,0.0012846782844406,0,0,400,0.0,FB.405,0,FB.405,2.744273,4.20707,0.000999,FB.405,0.00296
720575940617559125,27692.24,3.611119938293182e-05,80,0,400,0.2,98950.58,1.0106054961982032e-05,389,0,400,0.9725,NO.227,4,NO.227,2.106954,1.67309,0.0,NO.227,0.000344
720575940617585624,39369.03,2.540067662322389e-05,122,0,400,0.305,71601.1825,1.3966249789240564e-05,201,0,400,0.5025,NO.FB.38,3,NO.FB.38,4.04407,3.494553,0.000933,NO.FB.38,0.001437
720575940617600064,22596.31,4.425501331854625e-05,68,0,400,0.17,1111.435,0.0008997377264527,0,0,400,0.0,FB.562,2,FB.562,3.023961,4.483415,0.002363,FB.562,0.003276
720575940617644372,38517.7825,2.5962034548588043e-05,121,0,400,0.3025,97338.895,1.02733855772659e-05,378,0,400,0.945,AOTU.FB.15,4,AOTU.FB.15,2.157075,1.945314,0.0,AOTU.FB.15,0.001145
720575940617716770,38097.2525,2.624861202261239e-05,109,0,400,0.2725,46563.465,2.147606497927077e-05,69,0,400,0.1725,FB.1327,3,FB.1327,2.868778,2.624399,0.0,FB.1327,0.000665
720575940617736827,40833.29,2.4489821907566104e-05,104,0,400,0.26,28816.1225,3.470279528413304e-05,22,0,400,0.055,FB.890,1,FB.890,2.913676,2.605973,0.000854,FB.890,0.001042
720575940617773865,28033.8025,3.567122226818855e-05,76,0,400,0.19,9141.145,0.000109395486014,0,0,400,0.0,FB.694,1,FB.694,2.6621,2.826651,2e-06,FB.694,0.00108
720575940617784118,35263.9675,2.8357557895321903e-05,96,0,400,0.24,7043.9375,0.0001419660523677,0,0,400,0.0,FB.159,3,FB.159,4.185076,3.988217,0.020404,FB.159,0.016436
720575940617787550,15931.695,6.276796034571337e-05,23,0,400,0.0575,1442.105,0.0006934307834727,0,0,400,0.0,FB.873,4,FB.873,2.608401,4.382356,0.006006,FB.873,0.002683
720575940617797169,29369.04,3.4049461609913026e-05,92,0,400,0.23,1346.125,0.0007428730615656,0,0,400,0.0,FB.811,0,FB.811,2.390584,4.35937,0.0,FB.811,0.001253
720575940617801675,52661.5275,1.89891947209469e-05,165,0,400,0.4125,6191.1375,0.0001615212067249,0,0,400,0.0,FB.568,1,FB.568,3.129862,3.393716,0.000278,FB.568,0.002667
720575940617812273,52406.0125,1.9081779977058932e-05,170,0,400,0.425,19455.2625,5.139997468551246e-05,2,0,400,0.005,SMP.FB.22,4,SMP.FB.22,3.376819,3.693682,6.8e-05,SMP.FB.22,0.002592
720575940617819185,33963.285,2.9443559420120873e-05,109,0,400,0.2725,100000.0,1e-05,400,0,400,1.0,NO.46,1,NO.46,2.489092,0.638807,0.0,NO.46,0.000553
720575940617828731,22841.4725,4.378001462033589e-05,54,0,400,0.135,99811.5025,1.001888534840962e-05,398,0,400,0.995,NO.EB.3,3,NO.EB.3,2.810386,0.204508,0.001972,NO.EB.3,0.002136
720575940617921877,41058.215,2.4355661832839055e-05,116,0,400,0.29,16951.9675,5.899020275965018e-05,0,0,400,0.0,FB.771,1,FB.771,3.10579,2.709339,2.4e-05,FB.771,0.000993
720575940617934576,37254.4725,2.6842414692625157e-05,119,0,400,0.2975,6546.2925,0.0001527582215429,0,0,400,0.0,FB.CRE.18,1,FB.CRE.18,2.569575,3.284479,1e-06,FB.CRE.18,0.001191
720575940617949861,28191.485,3.547170360128244e-05,77,0,400,0.1925,8192.5775,0.000122061707686,0,0,400,0.0,FB.615,0,FB.615,3.389835,3.788741,0.000114,FB.615,0.002093
720575940617978526,32534.39,3.073670660491867e-05,85,0,400,0.2125,2095.715,0.0004771641182126,0,0,400,0.0,FB.308,2,FB.308,3.167265,3.660514,0.00046,FB.308,0.003523
720575940618014343,24823.5975,4.028424969426772e-05,66,0,400,0.165,94652.5875,1.05649515392276e-05,357,0,400,0.8925,AOTU.FB.40,4,AOTU.FB.40,2.144846,1.721571,0.0,AOTU.FB.40,0.000395
720575940618050776,19234.0225,5.199120464790971e-05,37,0,400,0.0925,25502.5975,3.921169206391623e-05,9,0,400,0.0225,FB.1107,4,FB.1107,3.146738,2.93612,7e-06,FB.1107,0.00138
720575940618129355,29604.0375,3.377917623567394e-05,77,0,400,0.1925,7787.865,0.0001284048965923,0,0,400,0.0,FB.542,1,FB.542,3.16546,3.682716,0.000974,FB.542,0.003592
720575940618133371,28468.67,3.512633361516362e-05,64,0,400,0.16,374.045,0.0026734751166303,0,0,400,0.0,FB.297,0,FB.297,3.108586,4.797535,0.003532,FB.297,0.004698
720575940618146901,57340.825,1.743958165931516e-05,209,0,400,0.5225,92392.81,1.0823353029310398e-05,342,0,400,0.855,NO.FB.124,3,NO.FB.124,2.226389,2.677555,0.0,NO.FB.124,6.2e-05
720575940618153153,12640.53,7.911060691284305e-05,29,0,400,0.0725,96253.9225,1.0389186996509157e-05,373,0,400,0.9325,NO.65,0,NO.65,2.767176,2.211184,1e-06,NO.65,0.001099
720575940618174447,29658.065,3.3717641390293e-05,79,0,400,0.1975,59223.5425,1.6885177039181673e-05,134,0,400,0.335,SMP.FB.31,4,SMP.FB.31,3.325975,2.567014,0.0,SMP.FB.31,0.003038
720575940618177739,20006.59,4.998353042672439e-05,47,0,400,0.1175,1358.28,0.0007362252260211,0,0,400,0.0,FB.757,2,FB.757,2.898512,4.573782,0.000473,FB.757,0.002413
720575940618195510,22081.625,4.5286522164922195e-05,51,0,400,0.1275,75179.0025,1.3301586436984182e-05,222,0,400,0.555,FB.1208,0,FB.1208,3.231451,3.246669,0.0,FB.1208,0.000684
720575940618198977,33078.8275,3.0230817582636507e-05,94,0,400,0.235,40151.7025,2.4905544167149576e-05,41,0,400,0.1025,NO.FB.18,3,NO.FB.18,4.215941,3.732223,0.003446,NO.FB.18,0.002799
720575940618225067,41725.17,2.3966349328235213e-05,121,0,400,0.3025,5789.2625,0.0001727335735769,0,0,400,0.0,FB.756,0,FB.756,3.034046,4.084902,1.8e-05,FB.756,0.001718
720575940618236752,34750.77,2.8776340783240203e-05,77,0,400,0.1925,70408.6825,1.4202793810266228e-05,173,0,400,0.4325,FB.1081,4,FB.1081,2.911022,2.303418,0.0,FB.1081,0.001991
720575940618292901,31627.8625,3.161769152120223e-05,77,0,400,0.1925,66335.1175,1.5074971413143274e-05,168,0,400,0.42,SMP.1590,0,SMP.1590,2.308423,2.422239,0.0,SMP.1590,5.9e-05
720575940618295376,26198.9325,3.816949411965545e-05,67,0,400,0.1675,1439.3725,0.0006947471901818,0,0,400,0.0,FB.169,3,FB.169,3.274853,3.414803,0.0,FB.169,0.003436
720575940618306469,32507.455,3.07621743996877e-05,87,0,400,0.2175,78849.6275,1.2682368093622257e-05,245,0,400,0.6125,EB.192,4,EB.192,0.433854,2.30016,0.0,EB.192,0.00017
720575940618308987,42310.93,2.363455494833132e-05,130,0,400,0.325,367.675,0.0027197932957095,0,0,400,0.0,FB.22,0,FB.22,3.489878,4.413052,0.009374,FB.22,0.009342
720575940618317726,30978.93,3.228000450628863e-05,84,0,400,0.21,60722.855,1.6468263885154937e-05,134,0,400,0.335,FB.1258,3,FB.1258,2.896148,3.132618,0.0,FB.1258,0.000485
720575940618374558,53290.335,1.8765128798683664e-05,167,0,400,0.4175,625.93,0.0015976227373667,0,0,400,0.0,FB.553,0,FB.553,2.774596,3.515614,0.0,FB.553,0.001557
720575940618386321,35433.99,2.8221490156767557e-05,89,0,400,0.2225,46645.715,2.1438196413111046e-05,70,0,400,0.175,FB.394,0,FB.394,3.274565,2.468692,0.000907,FB.394,0.003133
720575940618388615,48873.7875,2.046086565318884e-05,147,0,400,0.3675,1564.7825,0.0006390664517273,0,0,400,0.0,FB.831,2,FB.831,2.726189,4.270092,2.1e-05,FB.831,0.002359
720575940618403719,33489.6975,2.9859929311096344e-05,102,0,400,0.255,90079.5975,1.1101292942611116e-05,322,0,400,0.805,NO.FB.2,1,NO.FB.2,3.151935,1.540152,9.8e-05,NO.FB.2,0.001972
720575940618407333,29624.9,3.3755388203842036e-05,73,0,400,0.1825,8733.81,0.0001144975674991,0,0,400,0.0,FB.591,1,FB.591,2.928029,3.192555,0.001522,FB.591,0.003613
720575940618424149,49275.1975,2.0294185528124977e-05,139,0,400,0.3475,28235.22,3.541675963566071e-05,17,0,400,0.0425,SLP.FB.7,4,SLP.FB.7,2.750984,1.802165,0.0,SLP.FB.7,0.000827
720575940618437979,27151.75,3.683003857946541e-05,67,0,400,0.1675,9186.56,0.0001088546746551,0,0,400,0.0,FB.852,2,FB.852,2.997765,3.464481,0.0,FB.852,0.001152
720575940618463960,30935.245,3.232558849946073e-05,87,0,400,0.2175,1038.1075,0.0009632913739665,0,0,400,0.0,FB.529,0,FB.529,2.986371,4.712065,3.6e-05,FB.529,0.002602
720575940618468957,53008.5575,1.886487856229629e-05,170,0,400,0.425,958.64,0.001043144454644,0,0,400,0.0,FB.410,2,FB.410,2.95846,4.105744,2.5e-05,FB.410,0.002507
720575940618523585,21890.4775,4.568196376712203e-05,47,0,400,0.1175,1973.4525,0.0005067261563174,0,0,400,0.0,FB.830,0,FB.830,3.076883,3.63108,0.000655,FB.830,0.001311
720575940618590923,45471.615,2.1991741441336536e-05,154,0,400,0.385,80505.7175,1.2421478014899998e-05,259,0,400,0.6475,FB.1010,4,FB.1010,3.06045,2.142213,7e-06,FB.1010,0.002481
720575940618606715,25460.385,3.927670378904325e-05,83,0,400,0.2075,97691.065,1.0236350683657712e-05,378,0,400,0.945,AOTU.BU.6,4,AOTU.BU.6,1.615419,2.078958,0.0,AOTU.BU.6,0.000284
720575940618622191,32260.7775,3.099739304175171e-05,102,0,400,0.255,71564.945,1.3973321714982105e-05,200,0,400,0.5,FB.1137,4,FB.1137,2.854859,2.697268,0.0,FB.1137,0.001482
720575940618624239,22222.3275,4.499978681350997e-05,47,0,400,0.1175,7517.73,0.0001330188767087,0,0,400,0.0,FB.871,0,FB.871,3.117758,3.742064,0.0,FB.871,0.001095
720575940618648235,38786.505,2.578216315184882e-05,123,0,400,0.3075,99790.895,1.0020954316523566e-05,397,0,400,0.9925,NO.123,0,NO.123,2.440213,1.50154,0.0,NO.123,0.000609
720575940618651608,44715.9075,2.236340613237023e-05,130,0,400,0.325,3076.675,0.0003250262052377,0,0,400,0.0,FB.614,0,FB.614,3.125114,3.844317,0.000368,FB.614,0.002347
720575940618679280,25301.72,3.952300476015069e-05,78,0,400,0.195,48165.875,2.076158691189561e-05,76,0,400,0.19,FB.1080,4,FB.1080,2.848378,2.871835,0.000295,FB.1080,0.001959
720575940618688276,32929.845,3.036758903663227e-05,77,0,400,0.1925,10946.69,9.13518150235368e-05,0,0,400,0.0,FB.925,2,FB.925,3.107482,3.31857,4e-06,FB.925,0.001863
720575940618694638,29923.7175,3.341830773532734e-05,93,0,400,0.2325,1928.5275,0.0005185303294871,0,0,400,0.0,FB.361,0,FB.361,3.277293,4.441523,9e-06,FB.361,0.003699
720575940618704043,41058.3025,2.4355609928101633e-05,117,0,400,0.2925,1018.22,0.0009821060281668,0,0,400,0.0,FB.552,3,FB.552,3.213597,4.59463,0.001928,FB.552,0.003155
720575940618710918,46490.9625,2.1509556830534536e-05,130,0,400,0.325,99241.0425,1.0076476171640378e-05,394,0,400,0.985,NO.151,3,NO.151,2.476801,1.844004,0.0,NO.151,0.000602
720575940618733377,25909.3475,3.859610899116622e-05,67,0,400,0.1675,91587.7,1.0918496697700674e-05,332,0,400,0.83,AOTU.FB.11,4,AOTU.FB.11,2.262831,1.99689,0.000418,AOTU.FB.11,0.00266
720575940618734575,27945.2575,3.5784247112412545e-05,67,0,400,0.1675,14404.5775,6.942237632447047e-05,0,0,400,0.0,FB.1231,0,FB.1231,2.858012,3.037269,0.0,FB.1231,0.000711
720575940618742864,16325.7775,6.125282547799025e-05,26,0,400,0.065,99413.8625,1.005895933275905e-05,396,0,400,0.99,NO.FB.135,3,NO.FB.135,2.04344,1.741114,0.0,NO.FB.135,0.000248
720575940618744047,31276.495,3.197289210315926e-05,95,0,400,0.2375,6430.4525,0.0001555100515865,0,0,400,0.0,FB.613,0,FB.613,3.320395,3.644827,0.001177,FB.613,0.002271
720575940618745424,35337.06,2.829890205919791e-05,91,0,400,0.2275,390.51,0.002560753885944,0,0,400,0.0,FB.379,3,FB.379,3.174717,4.499057,7e-06,FB.379,0.002131
720575940618746491,33669.4,2.970055896451971e-05,100,0,400,0.25,858.91,0.0011642663375673,0,0,400,0.0,FB.MB_ML.7,3,FB.MB_ML.7,3.227862,4.536679,0.002504,FB.MB_ML.7,0.00449
720575940618772870,38270.08,2.6130073415054267e-05,96,0,400,0.24,5300.8075,0.0001886505027771,0,0,400,0.0,FB.851,0,FB.851,3.139975,3.922137,0.0,FB.851,0.001107
720575940618774352,54560.59,1.8328247550108973e-05,182,0,400,0.455,99363.15,1.0064093177400276e-05,394,0,400,0.985,NO.157,2,NO.157,2.318025,1.518839,0.0,NO.157,0.000534
720575940618781861,51843.28,1.9288903016938744e-05,136,0,400,0.34,18482.6475,5.410480289687936e-05,3,0,400,0.0075,FB.924,1,FB.924,2.872627,2.871638,4.3e-05,FB.924,0.001442
720575940618787841,27767.74,3.601301366261712e-05,62,0,400,0.155,902.2275,0.0011083679005572,0,0,400,0.0,FB.419,2,FB.419,3.500464,4.575065,4e-06,FB.419,0.004092
720575940618792942,37840.95,2.6426397857347664e-05,117,0,400,0.2925,767.88,0.0013022868156482,0,0,400,0.0,FB.337,0,FB.337,2.810314,4.318753,2.6e-05,FB.337,0.003131
720575940618798470,22943.0675,4.358615080568455e-05,61,0,400,0.1525,100000.0,1e-05,400,0,400,1.0,NO.FB.55,0,NO.FB.55,2.55692,1.155493,0.0,NO.FB.55,0.000509
720575940618814424,41685.5375,2.3989135320613297e-05,128,0,400,0.32,8325.7025,0.000120109984713,0,0,400,0.0,FB.1161,0,FB.1161,2.956963,3.030721,1.7e-05,FB.1161,0.001069
720575940618844757,37544.625,2.663497105111584e-05,110,0,400,0.275,6922.7925,0.0001444503789475,0,0,400,0.0,FB.135,3,FB.135,4.198994,4.004446,0.023902,FB.135,0.014168
720575940618858837,25761.47,3.881766063815458e-05,66,0,400,0.165,99970.905,1.0002910346765391e-05,399,0,400,0.9975,NO.FB.6,1,NO.FB.6,3.3821,1.305942,1e-06,NO.FB.6,0.001655
720575940618867627,29509.41,3.388749554803027e-05,79,0,400,0.1975,4376.3175,0.0002285026166405,0,0,400,0.0,FB.612,0,FB.612,3.113725,4.156718,0.000259,FB.612,0.001741
720575940618867888,32239.2875,3.1018055222219165e-05,91,0,400,0.2275,54783.76,1.8253584638951396e-05,101,0,400,0.2525,FB.1230,3,FB.1230,2.953104,3.677596,0.0,FB.1230,0.000657
720575940618875886,36516.78,2.738467082804125e-05,107,0,400,0.2675,45101.2675,2.2172325866451536e-05,65,0,400,0.1625,FB.1207,4,FB.1207,3.003378,3.230692,0.0,FB.1207,0.000857
720575940618884299,31041.6925,3.221473829109028e-05,99,0,400,0.2475,6277.6475,0.0001592953411289,0,0,400,0.0,FB.870,0,FB.870,2.990782,3.90867,0.0,FB.870,0.001085
720575940618901553,31634.575,3.1610982603685996e-05,83,0,400,0.2075,18956.5125,5.2752319288687726e-05,3,0,400,0.0075,FB.1305,3,FB.1305,2.985966,3.133936,6.4e-05,FB.1305,0.000539
720575940618928981,38643.46,2.587759998716471e-05,117,0,400,0.2925,1471.495,0.0006795809703736,0,0,400,0.0,FB.744,0,FB.744,2.237552,4.265928,0.0,FB.744,0.001359
720575940618945985,17716.08,5.644589548026425e-05,24,0,400,0.06,11677.8325,8.563232945839906e-05,0,0,400,0.0,SMP.FB.13,2,SMP.FB.13,3.297483,3.622202,0.0,SMP.FB.13,0.002976
720575940618956198,36260.4475,2.7578258652213267e-05,94,0,400,0.235,10594.35,9.438993425741078e-05,0,0,400,0.0,FB.1160,3,FB.1160,2.781039,3.449634,0.0,FB.1160,0.00066
720575940618963694,26620.7825,3.756463582541197e-05,71,0,400,0.1775,8855.34,0.0001129262117547,0,0,400,0.0,FB.693,1,FB.693,2.950535,3.045935,0.000455,FB.693,0.00293
720575940618970606,38649.155,2.5873786891330485e-05,103,0,400,0.2575,20385.77,4.905382529087692e-05,4,0,400,0.01,FB.1136,4,FB.1136,3.130783,3.06195,0.0,FB.1136,0.001292
720575940618994603,39447.425,2.5350197129470428e-05,131,0,400,0.3275,92552.91,1.0804630562129272e-05,348,0,400,0.87,AOTU.FB.34,4,AOTU.FB.34,1.906122,2.376716,0.0,AOTU.FB.34,0.000224
720575940618995541,30369.645,3.2927615716285125e-05,71,0,400,0.1775,355.21,0.0028152360575434,0,0,400,0.0,FB.481,3,FB.481,3.173206,4.606312,0.000382,FB.481,0.002338
720575940618997440,20140.6725,4.965077506721784e-05,30,0,400,0.075,57293.56,1.7453968648483354e-05,111,0,400,0.2775,NO.FB.44,3,NO.FB.44,4.209404,3.649812,0.0,NO.FB.44,0.001434
720575940619006272,43403.2975,2.303972411312758e-05,140,0,400,0.35,99911.43,1.000886485159906e-05,399,0,400,0.9975,EB.355,3,EB.355,0.778573,0.191596,1e-06,EB.355,0.001458
720575940619025232,41030.765,2.4371956018855607e-05,129,0,400,0.3225,7029.47,0.0001422582356849,0,0,400,0.0,FB.1348,2,FB.1348,2.42728,3.788281,0.0,FB.1348,0.000344
720575940619051088,31583.915,3.1661686019608396e-05,92,0,400,0.23,94925.2675,1.0534602918027067e-05,365,0,400,0.9125,NO.141,4,NO.141,2.227146,2.362623,0.0,NO.141,0.001043
720575940619060289,26926.7125,3.713784220780758e-05,69,0,400,0.1725,8508.54,0.0001175289767692,0,0,400,0.0,FB.1063,3,FB.1063,3.042049,3.309737,2.3e-05,FB.1063,0.002518
720575940619067374,40274.175,2.482980719033971e-05,125,0,400,0.3125,5409.505,0.0001848597977079,0,0,400,0.0,FB.404,1,FB.404,2.944321,2.909079,0.004297,FB.404,0.004689
720575940619082405,40950.2125,2.4419897698943563e-05,128,0,400,0.32,84194.5425,1.1877254395675347e-05,286,0,400,0.715,FB.907,4,FB.907,2.510709,1.842829,3.9e-05,FB.907,0.00285
720575940619084891,43315.6825,2.308632675936712e-05,135,0,400,0.3375,80994.725,1.2346483058001616e-05,258,0,400,0.645,SLP.FB.10,4,SLP.FB.10,3.370814,2.227131,0.0,SLP.FB.10,0.002021
720575940619085478,21389.285,4.6752380923439e-05,42,0,400,0.105,87067.25,1.1485374810850231e-05,300,0,400,0.75,NO.5,1,NO.5,2.995028,1.938139,7.1e-05,NO.5,0.00174
720575940619087013,32240.6525,3.1016741984362754e-05,89,0,400,0.2225,98514.4425,1.0150795909949954e-05,388,0,400,0.97,NO.110,0,NO.110,2.544098,1.691972,0.0,NO.110,0.000896
720575940619100180,14663.59,6.819612386871155e-05,31,0,400,0.0775,22070.185,4.5309996268721806e-05,7,0,400,0.0175,FB.387,1,FB.387,2.988897,2.46097,0.0,FB.387,0.002262
720575940619104027,37045.8025,2.699361148945282e-05,97,0,400,0.2425,17702.87,5.6488015785011134e-05,0,0,400,0.0,FB.490,3,FB.490,3.549684,3.581922,0.0,FB.490,0.002504
720575940619111846,39796.32,2.512795152918662e-05,130,0,400,0.325,1808.415,0.0005529704188474,0,0,400,0.0,FB.606,2,FB.606,2.355758,4.033227,1e-05,FB.606,0.001776
720575940619114689,29432.07,3.397654327405446e-05,76,0,400,0.19,99345.6575,1.0065865234220228e-05,392,0,400,0.98,NO.FB.90,0,NO.FB.90,2.248589,1.781971,0.0,NO.FB.90,0.00033
720575940619126950,35636.2875,2.806128444215745e-05,88,0,400,0.22,3252.8425,0.0003074234304304,0,0,400,0.0,FB.692,0,FB.692,3.24014,4.315121,0.0,FB.692,0.00157
720575940619140262,31801.6175,3.144494144047862e-05,85,0,400,0.2125,3849.7425,0.0002597576331403,0,0,400,0.0,FB.528,1,FB.528,3.094454,3.674564,0.0,FB.528,0.003358
720575940619141254,38062.6575,2.627246928304993e-05,107,0,400,0.2675,5191.3975,0.0001926263592799,0,0,400,0.0,FB.129,3,FB.129,4.223517,3.976064,0.03321,FB.129,0.01457
720575940619141405,25408.7125,3.935657896872972e-05,67,0,400,0.1675,16905.9225,5.9150868578748064e-05,0,0,400,0.0,FB.810,1,FB.810,2.912462,3.147872,0.000977,FB.810,0.002209
720575940619157595,42238.615,2.3675018700305396e-05,133,0,400,0.3325,16277.165,6.143575985130088e-05,0,0,400,0.0,FB.770,1,FB.770,2.866741,2.607662,0.0,FB.770,0.000956
720575940619160769,34256.92,2.9191182394681134e-05,97,0,400,0.2425,99866.195,1.0013398427766273e-05,398,0,400,0.995,NO.50,1,NO.50,2.631273,0.638773,0.0,NO.50,0.000562
720575940619172079,23981.3125,4.1699135524796655e-05,52,0,400,0.13,71577.83,1.397080632368989e-05,195,0,400,0.4875,AOTU.FB.4,4,AOTU.FB.4,2.381669,2.596809,0.001972,AOTU.FB.4,0.001872
720575940619196398,33592.1975,2.9768817595216864e-05,104,0,400,0.26,1447.4175,0.0006908856636043,0,0,400,0.0,FB.793,2,FB.793,2.889753,4.272134,0.000535,FB.793,0.002478
720575940619200960,30500.4425,3.278640957422175e-05,83,0,400,0.2075,1415.3525,0.000706537770626,0,0,400,0.0,FB.208,1,FB.208,2.432881,3.162001,0.002793,FB.208,0.005174
720575940619215451,41450.3725,2.412523554522942e-05,137,0,400,0.3425,96182.185,1.0396935773501092e-05,371,0,400,0.9275,AOTU.FB.51,4,AOTU.FB.51,1.735879,2.078857,0.0,AOTU.FB.51,0.000128
720575940619226689,30788.5825,3.2479572581816655e-05,83,0,400,0.2075,5808.26,0.0001721686012678,0,0,400,0.0,FB.889,0,FB.889,3.142076,3.985671,0.0,FB.889,0.000998
720575940619234241,36918.1525,2.7086945913666728e-05,102,0,400,0.255,88192.075,1.1338887309318894e-05,311,0,400,0.7775,FB.1040,4,FB.1040,2.661949,1.667201,9.2e-05,FB.1040,0.001424
720575940619237985,25854.275,3.8678323023948645e-05,54,0,400,0.135,131.7325,0.0075911411382916,0,0,400,0.0,FB.63,3,FB.63,3.200273,4.474703,0.009203,FB.63,0.013598
720575940619253869,30022.4775,3.330837703184222e-05,69,0,400,0.1725,100000.0,1e-05,400,0,400,1.0,NO.FB.74,3,NO.FB.74,1.877145,0.754932,0.0,NO.FB.74,0.000156
720575940619259271,26366.925,3.792630350334747e-05,81,0,400,0.2025,1074.5575,0.0009306156255016,0,0,400,0.0,FB.348,2,FB.348,3.058853,3.893226,0.0,FB.348,0.002795
720575940619271344,19499.14,5.1284313051755104e-05,41,0,400,0.1025,32039.815,3.1211166481454405e-05,25,0,400,0.0625,FB.991,1,FB.991,2.919178,2.511512,1e-06,FB.991,0.000819
720575940619293622,33502.0425,2.984892637516056e-05,87,0,400,0.2175,5944.9775,0.0001682092152577,0,0,400,0.0,FB.691,0,FB.691,3.407227,3.639369,8.2e-05,FB.691,0.002168
720575940619296365,13431.4025,7.445238872113317e-05,8,0,400,0.02,98157.815,1.018767583610128e-05,389,0,400,0.9725,EB.42,3,EB.42,0.777585,0.256699,0.0,EB.42,0.000749
720575940619322221,35063.405,2.851976298365775e-05,116,0,400,0.29,408.795,0.0024462138724788,0,0,400,0.0,FB.474,3,FB.474,3.229865,4.479906,0.000439,FB.474,0.00233
720575940619327041,22533.7825,4.437781362272401e-05,49,0,400,0.1225,15221.805,6.56952312817041e-05,0,0,400,0.0,FB.922,1,FB.922,2.911223,2.569807,1e-05,FB.922,0.001082
720575940619370416,40666.3125,2.4590378092432156e-05,133,0,400,0.3325,2864.07,0.000349153477394,0,0,400,0.0,FB.1135,2,FB.1135,2.250343,3.810801,0.0,FB.1135,0.000797
720575940619376577,51527.4825,1.9407119297939697e-05,169,0,400,0.4225,2095.6,0.000477190303493,0,0,400,0.0,CRE.FB.1,3,CRE.FB.1,3.065543,3.485914,0.0,CRE.FB.1,0.002238
720575940619428272,35779.9125,2.794864297110844e-05,103,0,400,0.2575,43466.885,2.3006019409948515e-05,56,0,400,0.14,FB.1178,3,FB.1178,2.796518,3.554209,0.0,FB.1178,0.000561
720575940619469147,38342.1775,2.6080939195485185e-05,109,0,400,0.2725,67117.255,1.489929825050205e-05,173,0,400,0.4325,FB.978,0,FB.978,3.318338,2.040153,0.0,FB.978,0.000699
720575940619469488,35906.25,2.78503046127067e-05,117,0,400,0.2925,96301.625,1.0384040767744052e-05,378,0,400,0.945,NO.66,2,NO.66,2.406598,2.035073,0.0,NO.66,0.000779
720575940619476126,21967.63,4.552152416988086e-05,63,0,400,0.1575,99740.2225,1.0026045410115262e-05,396,0,400,0.99,EB.161,3,EB.161,1.0864,0.211574,0.0,EB.161,0.00198
720575940619489088,55385.3375,1.8055320146780724e-05,192,0,400,0.48,1077.86,0.0009277642736533,0,0,400,0.0,FB.587,2,FB.587,3.32997,4.423062,0.000756,FB.587,0.004419
720575940619489857,34800.07,2.873557438246532e-05,108,0,400,0.27,1167.15,0.0008567879021548,0,0,400,0.0,FB.642,0,FB.642,2.908364,4.590179,0.001115,FB.642,0.003747
720575940619503445,33746.3775,2.963281021792635e-05,93,0,400,0.2325,100000.0,1e-05,400,0,400,1.0,NO.14,1,NO.14,3.009008,0.389902,1.5e-05,NO.14,0.001646
720575940619544779,37470.925,2.668735826510821e-05,106,0,400,0.265,61.655,0.0162192847295434,0,0,400,0.0,FB.1,0,FB.1,3.500832,4.590005,0.01851,FB.1,0.019607
720575940619550708,41746.405,2.3954158447895095e-05,132,0,400,0.33,88514.1825,1.1297624536045396e-05,318,0,400,0.795,FB.1358,4,FB.1358,2.446889,2.176938,0.0,FB.1358,0.000178
720575940619574181,35113.1025,2.847939739873456e-05,92,0,400,0.23,805.27,0.0012418195139518,0,0,400,0.0,FB.251,2,FB.251,3.18946,4.563828,0.007745,FB.251,0.006685
720575940619578352,45954.0,2.1760891326108717e-05,150,0,400,0.375,23220.6425,4.3065130519106e-05,6,0,400,0.015,FB.1134,0,FB.1134,3.219206,3.215241,1e-06,FB.1134,0.001014
720575940619578608,23626.6,4.2325175861105706e-05,53,0,400,0.1325,776.835,0.0012872746464822,0,0,400,0.0,FB.598,0,FB.598,3.042213,4.790749,0.004213,FB.598,0.003618
720575940619584421,23123.2325,4.3246548682153334e-05,52,0,400,0.13,659.1425,0.0015171226252289,0,0,400,0.0,FB.347,4,FB.347,3.32371,4.244799,0.001515,FB.347,0.005168
720575940619586676,46264.545,2.1614824051549623e-05,140,0,400,0.35,49461.5825,2.021771139247314e-05,75,0,400,0.1875,FB.1051,4,FB.1051,2.895499,3.146775,9.4e-05,FB.1051,0.00299
720575940619615936,38120.545,2.623257353744549e-05,119,0,400,0.2975,5380.8225,0.0001858451937412,0,0,400,0.0,FB.499,4,FB.499,3.261069,3.452239,0.0,FB.499,0.003125
720575940619658111,23645.4525,4.229143003289956e-05,39,0,400,0.0975,12636.87,7.91335196136385e-05,1,0,400,0.0025,EB.330,4,EB.330,0.771026,3.479736,0.000409,EB.330,0.000817
720575940619668206,35456.135,2.8203863731904224e-05,99,0,400,0.2475,90142.695,1.1093522331454589e-05,322,0,400,0.805,FB.423,4,FB.423,3.41245,2.16177,0.000574,FB.423,0.004446
720575940619673222,36524.04,2.7379227489620535e-05,98,0,400,0.245,13063.9475,7.654654154113832e-05,0,0,400,0.0,FB.416,4,FB.416,3.421052,3.868882,1e-06,FB.416,0.003409
720575940619673664,54597.32,1.8315917338067145e-05,182,0,400,0.455,51137.055,1.9555291168018964e-05,89,0,400,0.2225,FB.343,0,FB.343,3.318193,2.485459,0.000174,FB.343,0.00396
720575940619683311,37725.55,2.6507234486972356e-05,98,0,400,0.245,225.9925,0.0044249256059382,0,0,400,0.0,FB.62,0,FB.62,3.211659,4.787281,0.015042,FB.62,0.01095
720575940619707728,23709.675,4.217687505206208e-05,54,0,400,0.135,3063.1325,0.0003264631876028,0,0,400,0.0,FB.181,3,FB.181,3.1855,3.619431,3e-05,FB.181,0.003605
720575940619715568,19867.525,5.033339583063315e-05,37,0,400,0.0925,664.0075,0.0015060070857633,0,0,400,0.0,FB.122,2,FB.122,3.043267,4.165821,0.010923,FB.122,0.00792
720575940619718209,33133.9775,3.0180499760404557e-05,102,0,400,0.255,16445.475,6.080700010185173e-05,2,0,400,0.005,FB.422,1,FB.422,3.048394,2.678074,0.000125,FB.422,0.003137
720575940619737510,34691.275,2.882569176255413e-05,94,0,400,0.235,100000.0,1e-05,400,0,400,1.0,NO.70,1,NO.70,2.702356,0.388692,1e-06,NO.70,0.000591
720575940619766655,21778.795,4.591622263766201e-05,50,0,400,0.125,66916.84,1.4943921440402745e-05,169,0,400,0.4225,FB.1159,4,FB.1159,2.721449,2.757845,2e-05,FB.1159,0.001785
720575940619781229,33229.63,3.0093624274480337e-05,106,0,400,0.265,100000.0,1e-05,400,0,400,1.0,NO.49,1,NO.49,2.321707,0.638942,0.0,NO.49,0.000425
720575940619784374,50397.56,1.98422304571888e-05,171,0,400,0.4275,79917.6775,1.2512876140576032e-05,239,0,400,0.5975,AOTU.FB.12,4,AOTU.FB.12,1.907294,2.447463,0.000987,AOTU.FB.12,0.000367
720575940619818593,35883.3825,2.7868052851483554e-05,83,0,400,0.2075,99435.695,1.0056750747304575e-05,396,0,400,0.99,NO.FB.133,0,NO.FB.133,2.197226,1.179741,0.0,NO.FB.133,7.2e-05
720575940619829765,37109.345,2.6947390205890187e-05,119,0,400,0.2975,6708.5775,0.0001490628974622,0,0,400,0.0,EB.280,4,EB.280,0.769009,3.754069,4e-06,EB.280,0.001912
720575940619832188,21834.79,4.5798471155435885e-05,59,0,400,0.1475,18107.96,5.5224332282598374e-05,1,0,400,0.0025,FB.1009,3,FB.1009,3.109996,3.592878,0.0,FB.1009,0.001158
720575940619835892,48787.1375,2.049720584652051e-05,159,0,400,0.3975,97602.46,1.0245643398742203e-05,384,0,400,0.96,NO.109,2,NO.109,2.305085,2.137677,0.0,NO.109,0.000587
720575940619845547,23676.6875,4.2235637903317345e-05,64,0,400,0.16,72395.1575,1.381307858885451e-05,205,0,400,0.5125,EB.FB.5,4,EB.FB.5,2.025364,1.93033,0.000987,EB.FB.5,0.003315
720575940619866759,47824.735,2.09096819877831e-05,142,0,400,0.355,497.87,0.002008556450479,0,0,400,0.0,FB.211,3,FB.211,3.230624,4.023362,0.000685,FB.211,0.00355
720575940619891060,31828.61,3.1418274313581395e-05,83,0,400,0.2075,45460.405,2.1997164345544216e-05,60,0,400,0.15,FB.957,1,FB.957,2.888611,2.517887,1e-05,FB.957,0.00096
720575940619893419,25056.7525,3.990940166727512e-05,61,0,400,0.1525,74461.7025,1.3429722480492571e-05,224,0,400,0.56,FB.1229,2,FB.1229,2.184893,2.052891,0.0,FB.1229,0.000408
720575940619906219,28272.28,3.537033447603094e-05,59,0,400,0.1475,59122.96,1.691390282218617e-05,123,0,400,0.3075,FB.809,4,FB.809,3.287433,2.272781,0.006814,FB.809,0.003818
720575940619913221,30375.6425,3.29211143435073e-05,73,0,400,0.1825,157.7275,0.006340048501371,0,0,400,0.0,FB.69,0,FB.69,3.338521,4.871936,0.026725,FB.69,0.011886
720575940619927322,29799.7225,3.355735946869975e-05,79,0,400,0.1975,95863.3125,1.0431519357314091e-05,374,0,400,0.935,SLP.SMP.219,4,SLP.SMP.219,2.622695,1.790788,0.0,SLP.SMP.219,0.00036
720575940619935152,27860.215,3.589347749111053e-05,77,0,400,0.1925,434.3075,0.0023025160744403,0,0,400,0.0,FB.239,0,FB.239,3.079427,4.860865,0.003961,FB.239,0.005782
720575940619967727,56800.4775,1.760548579895301e-05,189,0,400,0.4725,9380.9,0.0001065995799976,0,0,400,0.0,FB.977,2,FB.977,2.94144,3.144813,5e-06,FB.977,0.001787
720575940619968892,35418.705,2.8233669186945144e-05,98,0,400,0.245,99555.67,1.004463131030106e-05,397,0,400,0.9925,NO.FB.69,3,NO.FB.69,2.147273,1.469312,0.0,NO.FB.69,0.000288
720575940619972446,23294.875,4.292789723061403e-05,48,0,400,0.12,75106.3775,1.3314448563306092e-05,227,0,400,0.5675,FB.1286,4,FB.1286,3.22507,2.636446,6e-06,FB.1286,0.001172
720575940619989765,48074.38,2.080110029500121e-05,144,0,400,0.36,19479.9525,5.133482743348579e-05,1,0,400,0.0025,FB.1008,1,FB.1008,2.652499,3.027678,9.3e-05,FB.1008,0.001436
720575940619994294,33669.32,2.9700629534543615e-05,79,0,400,0.1975,6453.345,0.0001549583975442,0,0,400,0.0,FB.659,0,FB.659,2.97752,3.793459,1.2e-05,FB.659,0.001457
720575940620004590,14373.18,6.957402606799609e-05,30,0,400,0.075,48805.575,2.0489462525541396e-05,75,0,400,0.1875,FB.1206,4,FB.1206,2.988639,3.054119,0.0,FB.1206,0.000771
720575940620007589,16957.8275,5.896981792036745e-05,39,0,400,0.0975,37274.6175,2.6827907757873036e-05,33,0,400,0.0825,FB.1133,3,FB.1133,2.699817,3.779157,0.000893,FB.1133,0.000972
720575940620012020,24885.745,4.018364730491291e-05,51,0,400,0.1275,641.205,0.0015595636340951,0,0,400,0.0,FB.91,2,FB.91,3.34129,4.704389,0.035097,FB.91,0.013429
720575940620014203,40125.405,2.492186683224755e-05,126,0,400,0.315,740.89,0.0013497280298019,0,0,400,0.0,FB.MB_ML.2,3,FB.MB_ML.2,3.193769,4.515194,0.001406,FB.MB_ML.2,0.005371
720575940620014356,24805.925,4.031294942639712e-05,60,0,400,0.15,393.3675,0.0025421520588253,0,0,400,0.0,FB.164,0,FB.164,3.003243,4.69551,0.003728,FB.164,0.006138
720575940620020694,9411.1475,0.0001062569681327,5,0,400,0.0125,2214.0875,0.0004516533334838,0,0,400,0.0,EB.51,5,EB.51,1.233984,1.406975,0.000693,EB.51,0.003115
720575940620027515,52423.4075,1.9075448309993965e-05,149,0,400,0.3725,70960.72,1.409230346028056e-05,208,0,400,0.52,EB.5,3,EB.5,1.372988,0.414433,0.000803,EB.5,0.001369
720575940620028513,37791.35,2.646108170255892e-05,103,0,400,0.2575,228.2975,0.0043802494552064,0,0,400,0.0,FB.68,3,FB.68,3.283394,4.689879,0.012909,FB.68,0.011278
720575940620028795,49642.76,2.014392431041304e-05,158,0,400,0.395,605.9075,0.0016504169365786,0,0,400,0.0,FB.MB_ML.4,3,FB.MB_ML.4,3.20307,4.548292,0.011739,FB.MB_ML.4,0.00589
720575940620032123,31308.62,3.1940085509996926e-05,74,0,400,0.185,1474.7925,0.0006780614900062,0,0,400,0.0,FB.11,0,FB.11,3.482342,4.315393,0.012189,FB.11,0.017225
720575940620040780,46632.875,2.14440992540134e-05,148,0,400,0.37,87196.9275,1.146829399464792e-05,295,0,400,0.7375,FB.1324,4,FB.1324,2.375749,1.735202,0.0,FB.1324,0.000892
720575940620058537,39554.42,2.5281624657876417e-05,119,0,400,0.2975,1655.845,0.000603921260746,0,0,400,0.0,FB.283,0,FB.283,3.302017,4.465163,0.001883,FB.283,0.004851
720575940620059425,45858.11,2.1806393678239246e-05,132,0,400,0.33,56888.3325,1.757829692055045e-05,108,0,400,0.27,FB.1257,4,FB.1257,3.137191,2.855334,0.0,FB.1257,0.000741
720575940620080798,32071.31,3.118051616850075e-05,93,0,400,0.2325,97883.3825,1.0216238696083065e-05,388,0,400,0.97,FB.1157,4,FB.1157,3.016325,1.690768,0.0,FB.1157,0.001878
720575940620095100,37136.655,2.692757330998174e-05,95,0,400,0.2375,67528.575,1.4808545863732502e-05,166,0,400,0.415,FB.1357,3,FB.1357,2.060708,3.378069,0.0,FB.1357,0.0004
720575940620129694,45023.5725,2.221058757609694e-05,122,0,400,0.305,363.3975,0.002751807593613,0,0,400,0.0,FB.454,3,FB.454,3.208155,4.599148,0.000561,FB.454,0.002373
720575940620130032,47872.385,2.0888869439030456e-05,135,0,400,0.3375,402.265,0.0024859234584167,0,0,400,0.0,FB.21,2,FB.21,3.510442,4.353622,0.005286,FB.21,0.009374
720575940620139643,39377.71,2.539507757053419e-05,116,0,400,0.29,76605.5975,1.3053876382858314e-05,230,0,400,0.575,EB.82,4,EB.82,1.247105,2.380101,0.0,EB.82,0.000414
720575940620142196,18578.53,5.3825571775592585e-05,33,0,400,0.0825,97809.7375,1.0223930925077885e-05,386,0,400,0.965,NO.93,4,NO.93,2.1589,2.040233,0.0,NO.93,0.000716
720575940620147067,39105.295,2.557198456117004e-05,99,0,400,0.2475,27596.555,3.6236407044285054e-05,16,0,400,0.04,FB.959,1,FB.959,2.862229,2.671496,1.4e-05,FB.959,0.001046
720575940620156326,33124.3525,3.018926936005768e-05,84,0,400,0.21,700.1175,0.0014283316728977,0,0,400,0.0,FB.509,0,FB.509,3.059083,4.553193,0.0,FB.509,0.002004
720575940620156795,34341.2225,2.911952246312722e-05,92,0,400,0.23,388.8175,0.002571900698914,0,0,400,0.0,FB.272,0,FB.272,3.096596,4.89302,0.002528,FB.272,0.004991
720575940620159398,24842.2175,4.025405541997207e-05,54,0,400,0.135,1880.3725,0.0005318095217835,0,0,400,0.0,FB.76,2,FB.76,3.332075,3.954821,0.003358,FB.76,0.00951
720575940620191777,25642.37,3.8997955337201674e-05,69,0,400,0.1725,4650.6475,0.0002150238219516,0,0,400,0.0,FB.690,0,FB.690,3.223011,4.135781,1e-06,FB.690,0.001992
720575940620197441,21612.625,4.626925234671864e-05,54,0,400,0.135,821.805,0.0012168336770888,0,0,400,0.0,FB.360,2,FB.360,3.255883,4.497571,0.00439,FB.360,0.00539
720575940620202266,31701.185,3.154456213545329e-05,89,0,400,0.2225,320.705,0.0031181303690307,0,0,400,0.0,FB.LAL.26,0,FB.LAL.26,0.778949,4.420616,0.000998,FB.LAL.26,0.003126
720575940620203340,33961.3275,2.944525652008155e-05,79,0,400,0.1975,2054.455,0.0004867470935114,0,0,400,0.0,FB.259,2,FB.259,3.03094,3.634919,0.0,FB.259,0.003782
720575940620223659,24637.2975,4.058886734634755e-05,74,0,400,0.185,1976.9925,0.000505818813172,0,0,400,0.0,FB.187,2,FB.187,3.212662,4.035512,0.0,FB.187,0.00323
720575940620224801,51994.32,1.9232870051959523e-05,163,0,400,0.4075,16870.11,5.927643625323131e-05,2,0,400,0.005,FB.1050,3,FB.1050,3.002428,3.690148,0.0,FB.1050,0.000989
720575940620228641,30665.99,3.260941518600899e-05,92,0,400,0.23,60420.1975,1.655075688886982e-05,121,0,400,0.3025,FB.1285,4,FB.1285,2.913985,2.928435,0.0,FB.1285,0.000823
720575940620245926,41135.185,2.4310088796245845e-05,115,0,400,0.2875,98693.32,1.0132398018427184e-05,389,0,400,0.9725,FB.641,4,FB.641,3.403267,1.987791,0.002838,FB.641,0.004895
720575940620267073,30993.0875,3.226525914851174e-05,79,0,400,0.1975,100000.0,1e-05,400,0,400,1.0,NO.136,0,NO.136,1.898017,0.387122,0.0,NO.136,6.9e-05
720575940620276400,43403.79,2.3039462682867098e-05,146,0,400,0.365,11375.585,8.790756695150184e-05,0,0,400,0.0,FB.254,3,FB.254,3.68967,3.625412,0.0,FB.254,0.003599
720575940620282906,53313.5225,1.8756967334131787e-05,169,0,400,0.4225,95238.84,1.0499917890642095e-05,361,0,400,0.9025,EB.30,2,EB.30,0.432284,2.076438,0.0,EB.30,0.000609
720575940620314304,16880.2425,5.924085510027477e-05,27,0,400,0.0675,4472.69,0.0002235790989315,0,0,400,0.0,FB.769,0,FB.769,3.13447,4.063342,1.2e-05,FB.769,0.001406
720575940620317564,40334.35,2.4792763488193063e-05,122,0,400,0.305,5746.96,0.0001740050391859,0,0,400,0.0,CRE.FB.27,3,CRE.FB.27,3.878453,3.796328,0.0,CRE.FB.27,0.001701
720575940620327412,17338.5375,5.767499133072787e-05,31,0,400,0.0775,4426.8425,0.0002258946416096,0,0,400,0.0,FB.153,4,FB.153,2.869344,3.541636,0.000265,FB.153,0.007158
720575940620339438,19059.1975,5.246810627782204e-05,50,0,400,0.125,16648.71,6.006471372256469e-05,1,0,400,0.0025,FB.829,1,FB.829,2.827911,2.671528,1.5e-05,FB.829,0.001013
720575940620346795,24522.7325,4.0778489917467395e-05,64,0,400,0.16,9400.51,0.000106377207194,0,0,400,0.0,FB.6,1,FB.6,3.986142,3.669388,0.022667,FB.6,0.024643
720575940620350332,21393.055,4.674414196569868e-05,46,0,400,0.115,20544.78,4.8674164434956233e-05,3,0,400,0.0075,FB.976,4,FB.976,3.188868,3.229154,8.9e-05,FB.976,0.001995
720575940620356822,40158.1775,2.4901528462042383e-05,124,0,400,0.31,8867.43,0.000112772246299,0,0,400,0.0,FB.1007,2,FB.1007,2.840976,3.278007,0.0,FB.1007,0.001328
720575940620358012,49945.01,2.0022020217835573e-05,153,0,400,0.3825,88485.03,1.1301346679771708e-05,309,0,400,0.7725,FB.1367,4,FB.1367,2.201693,2.408937,0.0,FB.1367,0.000487
720575940620365812,21516.3325,4.647632211483997e-05,46,0,400,0.115,65685.6875,1.5224016647462204e-05,166,0,400,0.415,FB.1390,3,FB.1390,2.081591,3.165374,0.0,FB.1390,0.000213
720575940620391337,34312.64,2.914377908549153e-05,106,0,400,0.265,96129.485,1.0402635570137508e-05,367,0,400,0.9175,NO.114,4,NO.114,2.403364,2.358182,0.0,NO.114,0.0011
720575940620417797,43308.0575,2.3090391435819997e-05,118,0,400,0.295,1904.9125,0.0005249584954689,0,0,400,0.0,FB.336,2,FB.336,3.092459,3.907795,1.7e-05,FB.336,0.003407
720575940620423518,33661.235,2.970776324754573e-05,106,0,400,0.265,95258.82,1.049771559211e-05,364,0,400,0.91,AOTU.BU.19,4,AOTU.BU.19,1.541342,1.922768,0.0,AOTU.BU.19,0.000148
720575940620428225,46811.23,2.1362395305570907e-05,146,0,400,0.365,2321.3075,0.0004307916982131,0,0,400,0.0,CRE.FB.3,3,CRE.FB.3,3.086331,3.433365,1e-06,CRE.FB.3,0.002522
720575940620443764,33155.6475,3.0160774269300576e-05,102,0,400,0.255,100000.0,1e-05,400,0,400,1.0,NO.FB.122,0,NO.FB.122,2.039487,1.263911,0.0,NO.FB.122,0.000669
720575940620474072,34007.88,2.9404949676369125e-05,107,0,400,0.2675,83817.8875,1.19306275763631e-05,279,0,400,0.6975,AOTU.FB.29,4,AOTU.FB.29,2.07644,2.522808,0.0,AOTU.FB.29,0.000256
720575940620476843,31496.325,3.1749735881884634e-05,80,0,400,0.2,6546.7825,0.0001527467882123,0,0,400,0.0,FB.1254,0,FB.1254,2.942684,3.282007,0.0,FB.1254,0.000613
720575940620478847,30555.84,3.2726968068951795e-05,81,0,400,0.2025,95640.5875,1.045581197417885e-05,368,0,400,0.92,NO.FB.37,4,NO.FB.37,2.86367,2.11927,3e-06,NO.FB.37,0.002037
720575940620492373,30401.165,3.289347628618837e-05,88,0,400,0.22,1681.3125,0.000594773428497,0,0,400,0.0,CRE.FB.6,3,CRE.FB.6,3.093565,3.632487,0.000204,CRE.FB.6,0.002533
720575940620494708,36385.8925,2.7483179092006607e-05,86,0,400,0.215,54145.665,1.846869920241999e-05,106,0,400,0.265,FB.1106,0,FB.1106,3.153282,2.111886,7e-06,FB.1106,0.000922
720575940620571953,48095.8875,2.079179846717664e-05,143,0,400,0.3575,97311.7825,1.027624789423624e-05,380,0,400,0.95,EB.6,3,EB.6,1.341197,0.293507,0.000987,EB.6,0.003335
720575940620584497,48670.3975,2.0546370101045503e-05,159,0,400,0.3975,32632.7575,3.064405452098248e-05,21,0,400,0.0525,FB.952,1,FB.952,3.544214,3.43499,0.0,FB.952,0.000726
720575940620614310,27891.595,3.585309481225437e-05,75,0,400,0.1875,92491.42,1.0811813679582388e-05,338,0,400,0.845,AOTU.BU.32,4,AOTU.BU.32,1.42486,2.468083,0.0,AOTU.BU.32,0.000119
720575940620629364,49280.45,2.029202249573614e-05,162,0,400,0.405,44503.6075,2.2470088520351974e-05,57,0,400,0.1425,FB.1228,3,FB.1228,2.954702,3.435068,0.0,FB.1228,0.000497
720575940620632652,21843.97,4.57792241977992e-05,50,0,400,0.125,3498.01,0.0002858768271102,0,0,400,0.0,FB.725,0,FB.725,2.973354,3.792321,5e-05,FB.725,0.001706
720575940620639152,34011.7825,2.9401575762752215e-05,109,0,400,0.2725,32980.6675,3.032079323440012e-05,19,0,400,0.0475,FB.1104,3,FB.1104,2.91488,3.164355,0.00095,FB.1104,0.000762
720575940620649292,30921.8225,3.233962034417603e-05,80,0,400,0.2,98650.825,1.0136762667722242e-05,391,0,400,0.9775,NO.108,4,NO.108,2.15682,1.84673,0.0,NO.108,0.000582
720575940620657243,31004.675,3.2253200525404635e-05,97,0,400,0.2425,8533.7475,0.0001171818125624,0,0,400,0.0,FB.335,1,FB.335,3.156297,2.761241,0.000176,FB.335,0.002997
720575940620664741,25661.795,3.8968435372506097e-05,70,0,400,0.175,91663.12,1.090951300806693e-05,325,0,400,0.8125,EB.352,2,EB.352,0.765325,1.209797,0.0,EB.352,0.000119
720575940620669110,36984.9275,2.7038041375098007e-05,99,0,400,0.2475,70815.545,1.4121193305791829e-05,191,0,400,0.4775,FB.SMP.67,4,FB.SMP.67,1.983988,2.461093,0.0,FB.SMP.67,0.000649
720575940620700886,34978.6175,2.8588894343808756e-05,115,0,400,0.2875,5227.8925,0.0001912816684734,0,0,400,0.0,FB.808,0,FB.808,3.119434,3.695728,0.000973,FB.808,0.002
720575940620719273,39072.8925,2.5593190982725427e-05,112,0,400,0.28,5916.04,0.0001690319876133,0,0,400,0.0,FB.828,1,FB.828,3.097957,2.918813,3.8e-05,FB.828,0.001133
720575940620760429,41773.125,2.3938836273321662e-05,129,0,400,0.3225,589.555,0.001696194587443,0,0,400,0.0,FB.486,0,FB.486,3.141357,3.617505,0.000876,FB.486,0.002488
720575940620776662,44294.2125,2.2576312876089625e-05,147,0,400,0.3675,44233.3225,2.260739061597735e-05,62,0,400,0.155,PB.34,3,PB.34,2.250931,2.723706,0.0,PB.34,0.000101
720575940620789697,52889.275,1.890742499306334e-05,171,0,400,0.4275,82957.0525,1.2054430212548837e-05,273,0,400,0.6825,PB.FB.8,3,PB.FB.8,4.126622,3.40319,0.0,PB.FB.8,0.001208
720575940620818977,55072.305,1.8157947084292185e-05,171,0,400,0.4275,22284.27,4.487470309774563e-05,2,0,400,0.005,NO.FB.34,3,NO.FB.34,4.18574,3.592705,0.0,NO.FB.34,0.001294
720575940620831308,29085.865,3.4380961336374214e-05,71,0,400,0.1775,20207.9375,4.9485505386187975e-05,3,0,400,0.0075,FB.921,1,FB.921,2.720599,2.774578,8.4e-05,FB.921,0.00134
720575940620841310,46818.77,2.135895496613858e-05,145,0,400,0.3625,261.85,0.0038189803322512,0,0,400,0.0,FB.61,2,FB.61,3.188693,4.592487,0.008544,FB.61,0.011141
720575940620872669,37346.9475,2.6775950029115496e-05,111,0,400,0.2775,75898.155,1.317555084178265e-05,216,0,400,0.54,EB.157,4,EB.157,0.771252,2.057256,1e-06,EB.157,0.000706
720575940620899964,30400.0175,3.28947179060012e-05,81,0,400,0.2025,99395.6425,1.006080321881314e-05,395,0,400,0.9875,NO.183,4,NO.183,2.180233,1.738687,0.0,NO.183,0.000366
720575940620919646,43524.36,2.297563938906856e-05,129,0,400,0.3225,2821.1725,0.0003544625505884,0,0,400,0.0,FB.165,1,FB.165,2.969408,2.922748,0.00151,FB.165,0.00479
720575940620925899,33095.6725,3.021543073342897e-05,96,0,400,0.24,84588.82,1.1821893247831095e-05,284,0,400,0.71,SMP.FB.40,0,SMP.FB.40,2.630373,2.791669,0.0,SMP.FB.40,0.001301
720575940620932317,39689.0075,2.519589334653934e-05,123,0,400,0.3075,6463.875,0.000154705961981,0,0,400,0.0,FB.SMP.55,2,FB.SMP.55,1.976468,3.371295,0.0,FB.SMP.55,0.000296
720575940620932813,32594.3075,3.068020389756708e-05,93,0,400,0.2325,1252.19,0.0007986008513085,0,0,400,0.0,FB.768,2,FB.768,3.332174,4.394853,0.000295,FB.768,0.002519
720575940620941003,29236.16,3.420421833783917e-05,76,0,400,0.19,48305.635,2.070151857024548e-05,73,0,400,0.1825,FB.398,1,FB.398,3.309097,2.305963,0.000557,FB.398,0.003325
720575940620957353,39426.09,2.536391511306346e-05,108,0,400,0.27,89265.865,1.1202490448056488e-05,324,0,400,0.81,NO.85,3,NO.85,3.822917,1.708875,0.0,NO.85,0.000212
720575940620958814,26378.0125,3.7910361897053464e-05,87,0,400,0.2175,13481.8875,7.417359030773695e-05,0,0,400,0.0,FB.1177,3,FB.1177,2.704595,3.272391,0.0,FB.1177,0.000308
720575940621019674,43297.635,2.3095949697945395e-05,127,0,400,0.3175,746.7175,0.001339194541443,0,0,400,0.0,FB.81,4,FB.81,3.446739,4.034941,0.014533,FB.81,0.014082
720575940621022685,47601.0775,2.100792781423908e-05,156,0,400,0.39,58882.4975,1.6982975289049178e-05,123,0,400,0.3075,AOTU.FB.33,4,AOTU.FB.33,2.169407,2.400694,0.000987,AOTU.FB.33,0.000715
720575940621025037,20497.515,4.8786401668690086e-05,50,0,400,0.125,892.725,0.0011201657845361,0,0,400,0.0,FB.551,2,FB.551,2.908682,4.698482,0.004324,FB.551,0.003996
720575940621050228,18994.04,5.264809382311504e-05,29,0,400,0.0725,1381.625,0.0007237853976296,0,0,400,0.0,FB.210,0,FB.210,3.17247,3.884419,1.3e-05,FB.210,0.003746
720575940621066776,32640.81,3.063649462130382e-05,110,0,400,0.275,74538.265,1.341592804715806e-05,214,0,400,0.535,EB.191,4,EB.191,1.613245,2.533065,0.0,EB.191,6.2e-05
720575940621073246,36616.05,2.7310428077304898e-05,96,0,400,0.24,99330.595,1.0067391622893228e-05,396,0,400,0.99,NO.FB.89,0,NO.FB.89,2.207013,1.484388,0.0,NO.FB.89,0.000567
720575940621074835,38785.975,2.5782515458229426e-05,120,0,400,0.3,100000.0,1e-05,400,0,400,1.0,EB.159,3,EB.159,0.672753,0.185409,0.0,EB.159,0.000513
720575940621076144,42567.2375,2.349224565019048e-05,145,0,400,0.3625,1474.275,0.0006782995031456,0,0,400,0.0,FB.MB_ML.17,3,FB.MB_ML.17,2.817246,4.592854,0.001163,FB.MB_ML.17,0.002148
720575940621088536,23551.175,4.246072648179974e-05,56,0,400,0.14,47850.105,2.0898595729309265e-05,62,0,400,0.155,NO.FB.11,3,NO.FB.11,4.131591,3.7116,0.005869,NO.FB.11,0.002597
720575940621117684,40944.26,2.4423447877675647e-05,138,0,400,0.345,21983.825,4.5487989464981635e-05,7,0,400,0.0175,FB.920,1,FB.920,2.923112,2.452395,9e-06,FB.920,0.001087
720575940621132065,38624.1575,2.5890532369541006e-05,114,0,400,0.285,99637.3,1.0036402030163402e-05,398,0,400,0.995,NO.FB.101,4,NO.FB.101,2.203554,1.318098,0.0,NO.FB.101,0.000606
720575940621132253,39921.315,2.5049275055192944e-05,112,0,400,0.28,23677.98,4.223333240420002e-05,2,0,400,0.005,FB.1062,4,FB.1062,3.167559,3.047882,5.3e-05,FB.1062,0.001253
720575940621139482,32104.065,3.114870344300636e-05,77,0,400,0.1925,1035.03,0.0009661555703699,0,0,400,0.0,FB.64,4,FB.64,3.456365,3.595031,0.011306,FB.64,0.018699
720575940621172941,29218.3225,3.4225099678463744e-05,84,0,400,0.21,94926.1575,1.053450414865892e-05,366,0,400,0.915,AOTU.FB.53,4,AOTU.FB.53,2.039938,1.870033,0.0,AOTU.FB.53,7e-05
720575940621176564,40744.16,2.454339468527514e-05,115,0,400,0.2875,705.2925,0.0014178514587919,0,0,400,0.0,FB.479,0,FB.479,3.133744,3.631265,7.9e-05,FB.479,0.00234
720575940621193864,41483.855,2.4105763555484414e-05,127,0,400,0.3175,1012.74,0.0009874202658135,0,0,400,0.0,FB.472,2,FB.472,3.034462,4.658436,0.007907,FB.472,0.004351
720575940621202200,36165.305,2.765081063190259e-05,108,0,400,0.27,89122.0875,1.1220563028216773e-05,317,0,400,0.7925,NO.74,3,NO.74,3.879142,1.984434,0.0,NO.74,0.000325
720575940621216169,46190.105,2.1649658514523834e-05,147,0,400,0.3675,5820.4225,0.0001718088334652,0,0,400,0.0,SMP.FB.29,0,SMP.FB.29,3.167222,3.005783,6e-06,SMP.FB.29,0.001173
720575940621231459,35608.555,2.8083139009712695e-05,98,0,400,0.245,19207.405,5.2063253729486104e-05,1,0,400,0.0025,FB.849,2,FB.849,3.013975,3.172434,0.000574,FB.849,0.002467
720575940621255011,37245.2675,2.6849048674438977e-05,111,0,400,0.2775,3994.58,0.000250339209629,0,0,400,0.0,FB.827,0,FB.827,3.091648,4.107057,6e-06,FB.827,0.001594
720575940621268830,33577.4575,2.9781885659448756e-05,81,0,400,0.2025,8547.1875,0.0001169975503637,0,0,400,0.0,EB.FB.3,3,EB.FB.3,3.354876,3.017913,0.005317,EB.FB.3,0.012264
720575940621276952,39673.9425,2.52054607378634e-05,116,0,400,0.29,60506.0575,1.652727084391509e-05,126,0,400,0.315,PB.FB.3,3,PB.FB.3,4.066254,3.687927,0.000137,PB.FB.3,0.001903
720575940621289571,26617.84,3.756878845165498e-05,80,0,400,0.2,97899.76,1.0214529637253452e-05,388,0,400,0.97,NO.FB.121,4,NO.FB.121,1.641614,1.738811,0.0,NO.FB.121,5.5e-05
720575940621343764,31688.0025,3.1557684962944575e-05,91,0,400,0.2275,87482.2375,1.1430891899627052e-05,308,0,400,0.77,NO.76,3,NO.76,4.012192,2.422893,0.0,NO.76,0.000352
720575940621347583,26566.27,3.764171635686907e-05,56,0,400,0.14,1964.9575,0.0005089168595249,0,0,400,0.0,FB.415,0,FB.415,3.275311,4.38441,2e-06,FB.415,0.003803
720575940621355034,35072.5475,2.8512328623975773e-05,95,0,400,0.2375,663.8025,0.001506472181108,0,0,400,0.0,FB.605,3,FB.605,2.946536,4.068164,0.0,FB.605,0.001281
720575940621360264,42119.96,2.3741712955093023e-05,137,0,400,0.3425,2265.2525,0.0004414518911247,0,0,400,0.0,FB.SMP.3,2,FB.SMP.3,2.475417,3.864409,0.0,FB.SMP.3,0.001312
720575940621372713,52672.09,1.8985386757958533e-05,187,0,400,0.4675,100000.0,1e-05,400,0,400,1.0,FB.1347,4,FB.1347,3.161419,1.261876,0.0,FB.1347,0.001048
720575940621393573,26843.645,3.725276503991913e-05,96,0,400,0.24,15393.6875,6.496169290171702e-05,1,0,400,0.0025,FB.287,1,FB.287,3.037342,2.658644,5e-06,FB.287,0.002869
720575940621424854,35596.2425,2.809285277793014e-05,98,0,400,0.245,46102.1725,2.1690951765884784e-05,52,0,400,0.13,FB.1304,3,FB.1304,2.740246,3.551793,0.000821,FB.1304,0.001211
720575940621434150,36316.285,2.7535856159296023e-05,109,0,400,0.2725,13673.53,7.313400416717555e-05,2,0,400,0.005,FB.1284,3,FB.1284,3.144684,3.085817,0.000141,FB.1284,0.00096
720575940621485552,36881.7175,2.7113704777983836e-05,110,0,400,0.275,21847.1775,4.577250310709472e-05,10,0,400,0.025,FB.1253,3,FB.1253,2.947393,2.930894,0.0,FB.1253,0.000569
720575940621490968,35618.22,2.8075518653093836e-05,102,0,400,0.255,20385.065,4.905552177537821e-05,2,0,400,0.005,FB.359,0,FB.359,3.284346,2.606419,0.000393,FB.359,0.003561
720575940621496956,33319.965,3.0012036327169015e-05,105,0,400,0.2625,92403.11,1.0822146570607851e-05,341,0,400,0.8525,NO.99,4,NO.99,2.707252,2.38843,1.5e-05,NO.99,0.002364
720575940621501720,35784.5675,2.794500729958522e-05,88,0,400,0.22,173.2425,0.0057722556532028,0,0,400,0.0,FB.118,0,FB.118,3.295458,4.806924,0.010042,FB.118,0.008886
720575940621512291,12312.6825,8.121707028504958e-05,24,0,400,0.06,16493.7075,6.062918237151956e-05,1,0,400,0.0025,FB.658,1,FB.658,2.894197,2.973228,0.000115,FB.658,0.002476
720575940621515391,24784.2875,4.034814396016025e-05,70,0,400,0.175,675.6075,0.0014801493470691,0,0,400,0.0,FB.MB_ML.6,3,FB.MB_ML.6,3.251504,4.701166,0.004485,FB.MB_ML.6,0.005226
720575940621537023,9095.885,0.000109939824437,11,0,400,0.0275,99560.77,1.004411677410691e-05,397,0,400,0.9925,NO.266,0,NO.266,1.944821,1.179792,0.0,NO.266,6.5e-05
720575940621581526,43571.5825,2.2950738592062844e-05,127,0,400,0.3175,63104.3925,1.584675741866939e-05,155,0,400,0.3875,FB.1337,4,FB.1337,2.958145,2.955692,0.0,FB.1337,0.000668
720575940621585446,30043.2075,3.328539404456066e-05,84,0,400,0.21,49284.46,2.0290371447713944e-05,76,0,400,0.19,FB.1252,3,FB.1252,2.866763,3.599184,8e-06,FB.1252,0.00125
720575940621586628,45923.9325,2.17751387035507e-05,132,0,400,0.33,4513.625,0.0002215514137749,0,0,400,0.0,FB.937,0,FB.937,2.984245,3.349738,4.1e-05,FB.937,0.000946
720575940621587396,42371.95,2.3600518739401895e-05,131,0,400,0.3275,11033.5475,9.063268182785272e-05,0,0,400,0.0,FB.516,1,FB.516,3.042204,3.539158,1.4e-05,FB.516,0.002972
720575940621595888,16761.145,5.966179518165376e-05,32,0,400,0.08,941.4625,0.001062177197711,0,0,400,0.0,FB.29,3,FB.29,3.271368,4.182915,0.001822,FB.29,0.010119
720575940621613508,31091.69,3.216293485494034e-05,61,0,400,0.1525,80915.16,1.235862352617235e-05,256,0,400,0.64,CRE.FB.14,3,CRE.FB.14,3.009368,2.555912,2e-06,CRE.FB.14,0.002413
720575940621616518,18544.4025,5.392462766055687e-05,39,0,400,0.0975,47454.5075,2.1072813789079995e-05,71,0,400,0.1775,SMP.FB.45,4,SMP.FB.45,3.12768,2.683445,0.0,SMP.FB.45,0.001808
720575940621656815,28562.13,3.501139445832646e-05,75,0,400,0.1875,95861.5525,1.0431710878039452e-05,364,0,400,0.91,NO.98,0,NO.98,2.588071,1.326672,0.0,NO.98,0.000346
720575940621656966,38989.9025,2.564766608482799e-05,110,0,400,0.275,96600.6125,1.035190123665106e-05,380,0,400,0.95,AOTU.FB.48,4,AOTU.FB.48,1.859595,2.187026,0.000694,AOTU.FB.48,0.00062
720575940621709388,32227.24,3.1029650693016217e-05,88,0,400,0.22,163.535,0.0061148989512948,0,0,400,0.0,FB.48,0,FB.48,3.300916,4.911503,0.029387,FB.48,0.012309
720575940621712166,46657.335,2.1432857234559153e-05,144,0,400,0.36,77752.4125,1.286133726075702e-05,231,0,400,0.5775,NO.48,3,NO.48,4.050311,2.007205,0.0,NO.48,0.000754
720575940621731475,30095.0175,3.3228091660023126e-05,80,0,400,0.2,8263.665,0.0001210116818627,0,0,400,0.0,FB.627,1,FB.627,3.157735,3.498773,0.000262,FB.627,0.002966
720575940621746154,36173.3725,2.764464386061875e-05,116,0,400,0.29,81522.9575,1.2266483339984324e-05,259,0,400,0.6475,FB.1403,3,FB.1403,1.984294,2.902862,0.0,FB.1403,3.4e-05
720575940621749261,53794.4175,1.858928949272478e-05,172,0,400,0.43,86243.49,1.1595078074878465e-05,297,0,400,0.7425,PB.FB.9,3,PB.FB.9,3.891018,3.094706,0.0,PB.FB.9,0.000495
720575940621750285,20777.47,4.812905517370498e-05,45,0,400,0.1125,99768.675,1.0023186135327546e-05,399,0,400,0.9975,NO.FB.120,4,NO.FB.120,2.157639,1.455342,0.0,NO.FB.120,0.000231
720575940621764490,49403.345,2.0241544373159348e-05,140,0,400,0.35,67044.115,1.4915552244965867e-05,178,0,400,0.445,NO.FB.36,3,NO.FB.36,4.018195,3.278448,0.0,NO.FB.36,0.00097
720575940621765313,34023.6,2.939136364170752e-05,109,0,400,0.2725,2863.9525,0.0003491678021894,0,0,400,0.0,FB.250,3,FB.250,3.356226,3.705012,0.0,FB.250,0.004258
720575940621765467,32882.6675,3.0411158097195123e-05,89,0,400,0.2225,18567.9675,5.385619077586171e-05,3,0,400,0.0075,CRE.FB.10,3,CRE.FB.10,3.097757,2.770672,0.0,CRE.FB.10,0.002202
720575940621768385,32955.57,3.0343884205310363e-05,88,0,400,0.22,43679.43,2.289407164882875e-05,59,0,400,0.1475,FB.188,4,FB.188,2.783133,2.874779,0.005691,FB.188,0.020832
720575940621782125,51366.4475,1.9467961065440624e-05,171,0,400,0.4275,1713.355,0.000583650206758,0,0,400,0.0,FB.87,2,FB.87,3.344625,3.990239,0.001541,FB.87,0.009629
720575940621782381,16602.64,6.023138488818646e-05,29,0,400,0.0725,5111.13,0.0001956514508533,0,0,400,0.0,FB.235,1,FB.235,3.016112,3.318914,0.000675,FB.235,0.003899
720575940621800586,19833.2,5.042050702861868e-05,56,0,400,0.14,58339.575,1.7141023053390432e-05,123,0,400,0.3075,FB.1004,4,FB.1004,2.982126,2.758833,0.000568,FB.1004,0.003128
720575940621811182,29535.1,3.3858019779855156e-05,83,0,400,0.2075,1027.5125,0.0009732241700222,0,0,400,0.0,FB.186,3,FB.186,3.380548,3.591201,0.001627,FB.186,0.003592
720575940621825518,30534.16,3.27502050162834e-05,86,0,400,0.215,1129.96,0.0008849870791886,0,0,400,0.0,FB.501,2,FB.501,3.287042,4.617248,0.018388,FB.501,0.004014
720575940621832942,40819.695,2.4497978243100544e-05,129,0,400,0.3225,5877.16,0.0001701502086041,0,0,400,0.0,FB.170,0,FB.170,3.325769,3.829182,0.000392,FB.170,0.003692
720575940621838826,31934.965,3.131364008070777e-05,103,0,400,0.2575,5883.195,0.0001699756679831,0,0,400,0.0,FB.657,0,FB.657,3.484354,3.585146,2e-05,FB.657,0.002284
720575940621846783,18876.1025,5.297703802996408e-05,42,0,400,0.105,91494.84,1.0929578105169646e-05,336,0,400,0.84,FB.485,4,FB.485,3.338371,2.074023,0.00136,FB.485,0.005146
720575940621861637,37794.7975,2.645866802170325e-05,117,0,400,0.2925,99338.4575,1.0066594802924131e-05,395,0,400,0.9875,MB_PED.1,2,MB_PED.1,1.984905,1.04894,0.0,MB_PED.1,4.1e-05
720575940621975081,30707.005,3.2565859158195336e-05,73,0,400,0.1825,956.255,0.0010457461660331,0,0,400,0.0,FB.358,3,FB.358,3.136922,4.615037,0.004197,FB.358,0.005
720575940621978904,25841.7875,3.869701350961113e-05,61,0,400,0.1525,20981.07,4.766201151800171e-05,1,0,400,0.0025,FB.1079,3,FB.1079,2.824357,2.846302,0.000141,FB.1079,0.000472
720575940622014471,35353.2675,2.828592859203184e-05,106,0,400,0.265,69908.28,1.430445721164932e-05,173,0,400,0.4325,FB.1366,3,FB.1366,2.318617,3.463992,0.0,FB.1366,0.000143
720575940622016169,41048.5175,2.4361415732005424e-05,128,0,400,0.32,2109.5075,0.0004740442970693,0,0,400,0.0,CRE.FB.2,3,CRE.FB.2,3.081033,3.193978,0.0,CRE.FB.2,0.002374
720575940622030861,25756.655,3.882491728836683e-05,74,0,400,0.185,55127.06,1.813991168765394e-05,112,0,400,0.28,EB.329,4,EB.329,0.771837,2.112841,0.0,EB.329,0.000242
720575940622051818,41535.215,2.407595578835935e-05,107,0,400,0.2675,3143.1775,0.0003181493886361,0,0,400,0.0,FB.SMP.14,2,FB.SMP.14,1.951087,3.872992,0.0,FB.SMP.14,0.000912
720575940622069347,33796.0375,2.958926767672098e-05,106,0,400,0.265,648.485,0.0015420557144729,0,0,400,0.0,FB.541,3,FB.541,2.790968,4.153774,0.000228,FB.541,0.002332
720575940622073235,21341.955,4.685606356118734e-05,37,0,400,0.0925,90629.5,1.1033934866682485e-05,323,0,400,0.8075,AOTU.FB.32,4,AOTU.FB.32,2.026671,2.429976,0.0,AOTU.FB.32,0.00077
720575940622085389,30129.5125,3.319004912542146e-05,82,0,400,0.205,90180.58,1.1088861925705067e-05,330,0,400,0.825,FB.1303,4,FB.1303,2.903792,2.084977,0.0,FB.1303,0.000754
720575940622087816,41111.99,2.4323804320831954e-05,133,0,400,0.3325,2099.1775,0.0004763770572045,0,0,400,0.0,FB.887,2,FB.887,2.165159,4.050895,0.000502,FB.887,0.002329
720575940622089195,31648.505,3.1597069119062656e-05,64,0,400,0.16,46208.055,2.164124847929652e-05,76,0,400,0.19,FB.1176,3,FB.1176,2.880489,3.304514,0.0,FB.1176,0.000751
720575940622092522,20228.425,4.943538609654484e-05,46,0,400,0.115,9944.42,0.0001005589064017,0,0,400,0.0,FB.1175,0,FB.1175,2.775775,3.318463,0.0,FB.1175,0.000622
720575940622125153,34201.8875,2.9238152426529095e-05,98,0,400,0.245,609.36,0.0016410660364973,0,0,400,0.0,FB.455,0,FB.455,3.209763,4.687511,0.001373,FB.455,0.002699
720575940622132872,35978.4775,2.7794394579370403e-05,93,0,400,0.2325,1958.0775,0.0005107050155062,0,0,400,0.0,FB.207,2,FB.207,3.253981,4.103984,0.0,FB.207,0.003537
720575940622136129,27448.1525,3.643232454351891e-05,82,0,400,0.205,1343.465,0.0007443439166632,0,0,400,0.0,FB.848,2,FB.848,3.496086,4.442639,0.000161,FB.848,0.002784
720575940622156148,33043.0,3.026359592046727e-05,90,0,400,0.225,596.9025,0.0016753154828468,0,0,400,0.0,FB.MB_ML.3,3,FB.MB_ML.3,3.219334,4.610065,0.0106,FB.MB_ML.3,0.005492
720575940622184189,24445.4475,4.09074123106153e-05,78,0,400,0.195,31095.73,3.215875620221812e-05,22,0,400,0.055,FB.1174,3,FB.1174,2.82804,3.280832,0.0,FB.1174,0.000647
720575940622184701,32315.635,3.094477332721452e-05,105,0,400,0.2625,4074.94,0.0002454023862928,0,0,400,0.0,FB.1049,0,FB.1049,2.927347,3.291498,0.001462,FB.1049,0.0019
720575940622200042,24868.8275,4.021098300673806e-05,52,0,400,0.13,44681.7325,2.2380510872088495e-05,65,0,400,0.1625,FB.1173,3,FB.1173,2.913601,3.667925,0.0,FB.1173,0.001157
720575940622217654,36072.315,2.772209102742643e-05,100,0,400,0.25,876.31,0.0011411486802615,0,0,400,0.0,FB.473,2,FB.473,3.171526,4.521636,0.002492,FB.473,0.004126
720575940622226870,32878.6575,3.041486715204232e-05,95,0,400,0.2375,33316.425,3.001522522299436e-05,22,0,400,0.055,FB.950,1,FB.950,3.466664,3.1383,1.9e-05,FB.950,0.001432
720575940622228918,22984.985,4.350666315422873e-05,57,0,400,0.1425,47948.91,2.0855531439609366e-05,79,0,400,0.1975,FB.879,1,FB.879,3.499564,3.387291,0.000504,FB.879,0.001679
720575940622234326,32459.9,3.0807242166488493e-05,94,0,400,0.235,284.99,0.003508895048949,0,0,400,0.0,FB.LAL.24,0,FB.LAL.24,1.969433,4.890907,0.001684,FB.LAL.24,0.002593
720575940622252865,31217.695,3.203311455249979e-05,71,0,400,0.1775,2579.23,0.0003877126119035,0,0,400,0.0,FB.377,0,FB.377,2.979598,3.512496,0.0,FB.377,0.002134
720575940622265525,29822.935,3.353124030213659e-05,78,0,400,0.195,13236.92,7.554627511535916e-05,0,0,400,0.0,FB.1078,3,FB.1078,2.977067,3.148977,0.0,FB.1078,0.000934
720575940622296573,33941.1,2.946280468222892e-05,92,0,400,0.23,69314.55,1.442698538762785e-05,181,0,400,0.4525,NO.FB.27,3,NO.FB.27,4.172575,3.590795,0.0,NO.FB.27,0.001616
720575940622331786,43407.9825,2.3037237448204372e-05,129,0,400,0.3225,100000.0,1e-05,400,0,400,1.0,NO.FB.79,3,NO.FB.79,2.21077,0.443804,0.0,NO.FB.79,0.000206
720575940622334699,29136.2925,3.432145665067029e-05,79,0,400,0.1975,2175.85,0.0004595905048601,0,0,400,0.0,FB.1030,0,FB.1030,2.430182,4.145296,0.0,FB.1030,0.000809
720575940622342576,42126.5375,2.3738006001561368e-05,125,0,400,0.3125,9313.615,0.0001073696947962,0,0,400,0.0,EB.89,5,EB.89,0.487464,0.825863,0.0,EB.89,0.000744
720575940622345933,31051.0525,3.2205027510742186e-05,83,0,400,0.2075,13947.1,7.169949308458388e-05,1,0,400,0.0025,FB.689,1,FB.689,3.060818,2.894973,0.000692,FB.689,0.002033
720575940622351999,47686.06,2.0970489069551985e-05,155,0,400,0.3875,3027.9675,0.0003302545354268,0,0,400,0.0,FB.SMP.2,2,FB.SMP.2,2.153584,3.746329,0.0,FB.SMP.2,0.001642
720575940622366540,41767.1,2.394228950537624e-05,128,0,400,0.32,10655.7,9.384648591833478e-05,0,0,400,0.0,FB.707,0,FB.707,3.2663,2.994989,0.0,FB.707,0.002029
720575940622392299,35431.1225,2.8223774169164417e-05,111,0,400,0.2775,6969.415,0.0001434840657357,0,0,400,0.0,FB.791,0,FB.791,3.111283,3.840859,0.0,FB.791,0.001097
720575940622406260,20213.905,4.947089639532787e-05,38,0,400,0.095,409.825,0.0024400658817788,0,0,400,0.0,FB.266,0,FB.266,2.944335,4.872054,0.00723,FB.266,0.005701
720575940622422507,24910.055,4.0144431636140506e-05,55,0,400,0.1375,3234.92,0.0003091266553732,0,0,400,0.0,FB.LAL.48,1,FB.LAL.48,0.738915,3.001888,0.000677,FB.LAL.48,0.001701
720575940622422711,29923.4875,3.341856459745877e-05,93,0,400,0.2325,16260.085,6.150029351015079e-05,2,0,400,0.005,FB.296,1,FB.296,3.030343,2.680843,0.000107,FB.296,0.003436
720575940622438634,27676.68,3.613150132169032e-05,71,0,400,0.1775,4772.6575,0.0002095268726071,0,0,400,0.0,FB.540,0,FB.540,3.415402,3.707277,2.7e-05,FB.540,0.002309
720575940622451699,40896.1675,2.4452169020483396e-05,110,0,400,0.275,80310.555,1.2451663420829306e-05,253,0,400,0.6325,FB.1302,4,FB.1302,2.997654,2.733078,0.0,FB.1302,0.001214
720575940622455369,32290.2075,3.0969141341070664e-05,106,0,400,0.265,100000.0,1e-05,400,0,400,1.0,NO.84,0,NO.84,2.406797,1.002046,0.0,NO.84,0.000338
720575940622461320,21225.7525,4.71125817565243e-05,42,0,400,0.105,917.395,0.0010900430021964,0,0,400,0.0,FB.386,4,FB.386,3.191294,4.015816,0.000101,FB.386,0.004919
720575940622462173,25984.96,3.84837998596111e-05,56,0,400,0.14,350.25,0.0028551034975017,0,0,400,0.0,FB.19,0,FB.19,3.518533,4.459556,0.006851,FB.19,0.009262
720575940622471721,28771.6775,3.47564023682665e-05,65,0,400,0.1625,273.3175,0.003658748525067,0,0,400,0.0,FB.97,0,FB.97,3.344956,4.818437,0.013941,FB.97,0.009792
720575940622514695,21727.49,4.6024644356066895e-05,57,0,400,0.1425,29012.8275,3.4467512688999375e-05,14,0,400,0.035,FB.1283,3,FB.1283,2.75846,3.754169,0.0,FB.1283,0.000628
720575940622523101,29778.64,3.358111720347202e-05,71,0,400,0.1775,46147.5875,2.166960515541576e-05,61,0,400,0.1525,SMP.FB.30,0,SMP.FB.30,2.94204,2.59297,0.0,SMP.FB.30,0.001213
720575940622559882,25160.6475,3.9744605141819186e-05,49,0,400,0.1225,24831.185,4.0271940304097445e-05,12,0,400,0.03,FB.1205,3,FB.1205,2.748386,3.487982,0.0,FB.1205,0.000966
720575940622569827,43984.1025,2.2735487213817764e-05,139,0,400,0.3475,99463.635,1.0053925738788856e-05,397,0,400,0.9925,PB.78,1,PB.78,2.825782,1.843902,9e-06,PB.78,0.001828
720575940622599679,33681.3825,2.9689992683643555e-05,111,0,400,0.2775,3953.8225,0.0002529198010279,0,0,400,0.0,FB.346,0,FB.346,3.349469,3.537469,5.4e-05,FB.346,0.003394
720575940622605320,34957.2825,2.8606342612587234e-05,90,0,400,0.225,80609.9925,1.240540991242494e-05,265,0,400,0.6625,CRE.FB.26,3,CRE.FB.26,2.907157,2.50151,0.0,CRE.FB.26,0.002013
720575940622609299,27616.9675,3.620962366704455e-05,73,0,400,0.1825,15690.32,6.373356311407288e-05,2,0,400,0.005,EB.134,5,EB.134,0.555112,0.784798,0.0,EB.134,0.000442
720575940622610726,20993.135,4.763461960302737e-05,51,0,400,0.1275,525.51,0.0019029133603547,0,0,400,0.0,FB.626,3,FB.626,2.823662,4.443204,1e-06,FB.626,0.001338
720575940622651656,32705.64,3.057576613697209e-05,97,0,400,0.2425,3338.615,0.0002995254020005,0,0,400,0.0,FB.396,4,FB.396,3.554054,3.992939,0.001306,FB.396,0.006863
720575940622681889,27193.9425,3.677289528725009e-05,62,0,400,0.155,26971.1025,3.707671942591149e-05,9,0,400,0.0225,AVLP.ME.4,3,AVLP.ME.4,2.986126,2.886219,0.0,AVLP.ME.4,0.000367
720575940622683491,35837.37,2.790383334491342e-05,108,0,400,0.27,3983.28,0.0002510493864352,0,0,400,0.0,FB.508,0,FB.508,3.473691,4.043113,0.001032,FB.508,0.002615
720575940622709065,23949.765,4.175406314007674e-05,57,0,400,0.1425,41054.3675,2.435794437705075e-05,49,0,400,0.1225,FB.990,1,FB.990,2.978973,2.317331,1.5e-05,FB.990,0.000836
720575940622713638,35189.2225,2.8417791839532684e-05,105,0,400,0.2625,1046.525,0.000955543345835,0,0,400,0.0,FB.656,2,FB.656,3.003897,4.633249,0.001619,FB.656,0.002642
720575940622713897,40771.63,2.452685850430802e-05,100,0,400,0.25,33293.8925,3.0035538800397097e-05,20,0,400,0.05,FB.SMP.54,4,FB.SMP.54,0.760095,3.191908,0.0,FB.SMP.54,0.000331
720575940622733607,31849.9825,3.139719150552124e-05,95,0,400,0.2375,38455.975,2.600376144409289e-05,40,0,400,0.1,FB.1251,3,FB.1251,2.74902,3.184164,0.0,FB.1251,0.000536
720575940622746365,36146.105,2.766549812213515e-05,106,0,400,0.265,41166.6725,2.429149453359389e-05,44,0,400,0.11,FB.1156,4,FB.1156,3.083089,2.859151,0.000635,FB.1156,0.001503
720575940622760682,28454.1625,3.5144242955665976e-05,87,0,400,0.2175,67587.02,1.4795740365531724e-05,173,0,400,0.4325,LAL.FB.5,3,LAL.FB.5,3.105551,2.822969,0.0,LAL.FB.5,0.000543
720575940622781624,31735.9725,3.1509984450610426e-05,97,0,400,0.2425,28234.0575,3.541821787392762e-05,16,0,400,0.04,FB.1103,3,FB.1103,2.920774,3.49622,0.001004,FB.1103,0.0013
720575940622805798,39390.985,2.538651927592062e-05,124,0,400,0.31,80120.9,1.248113788037828e-05,251,0,400,0.6275,FB.1301,3,FB.1301,2.669579,3.626377,0.0,FB.1301,0.000348
720575940622810697,39346.8175,2.5415016093741255e-05,118,0,400,0.295,75245.8225,1.3289774326009929e-05,223,0,400,0.5575,FB.SMP.93,4,FB.SMP.93,1.610104,2.749264,0.0,FB.SMP.93,0.000233
720575940622811116,40628.44,2.4613300436836853e-05,122,0,400,0.305,1700.9425,0.0005879093502572,0,0,400,0.0,FB.258,0,FB.258,3.284081,4.39538,0.002341,FB.258,0.005115
720575940622815123,41864.91,2.3886352556353277e-05,132,0,400,0.33,920.63,0.0010862127021713,0,0,400,0.0,FB.420,2,FB.420,3.09247,4.428311,0.001525,FB.420,0.005089
720575940622841037,27276.2425,3.666194124795598e-05,69,0,400,0.1725,701.645,0.0014252221565036,0,0,400,0.0,CRE.FB.12,0,CRE.FB.12,3.467986,3.204565,0.00024,CRE.FB.12,0.001614
720575940622846099,38525.6025,2.595676472548353e-05,110,0,400,0.275,4905.3675,0.0002038583245801,0,0,400,0.0,FB.847,0,FB.847,3.082423,3.96766,0.000592,FB.847,0.001899
720575940622856781,29638.36,3.37400584917654e-05,84,0,400,0.21,31641.6,3.16039644012945e-05,20,0,400,0.05,FB.1204,3,FB.1204,2.707304,3.585661,0.0,FB.1204,0.000545
720575940622870666,36622.8425,2.7305362766420985e-05,108,0,400,0.27,806.5175,0.0012398987002761,0,0,400,0.0,FB.307,0,FB.307,2.747067,4.291122,0.002055,FB.307,0.005386
720575940622873095,44340.7325,2.255262697791472e-05,135,0,400,0.3375,86775.02,1.1524053811799756e-05,301,0,400,0.7525,SLP.FB.8,4,SLP.FB.8,2.960496,2.200225,0.0,SLP.FB.8,0.000653
720575940622897917,29532.48,3.386102352393026e-05,76,0,400,0.19,71343.665,1.401666146531721e-05,190,0,400,0.475,CRE.FB.17,3,CRE.FB.17,3.180771,2.293381,0.0,CRE.FB.17,0.002208
720575940622899453,41537.8925,2.407440387111599e-05,134,0,400,0.335,1369.9225,0.0007299683011265,0,0,400,0.0,FB.722,2,FB.722,3.455678,4.294926,0.000196,FB.722,0.00266
720575940622905869,28428.2675,3.517625546474121e-05,59,0,400,0.1475,23647.655,4.2287491085268286e-05,2,0,400,0.005,FB.1203,3,FB.1203,3.121589,3.841095,0.00031,FB.1203,0.000764
720575940622908660,23776.0675,4.2059099975216675e-05,39,0,400,0.0975,22413.5525,4.461586354951987e-05,3,0,400,0.0075,FB.1064,4,FB.1064,3.124896,2.822961,0.000564,FB.1064,0.000974
720575940622940967,34140.4,2.929081088680859e-05,102,0,400,0.255,73988.095,1.3515687895464803e-05,209,0,400,0.5225,NO.FB.35,3,NO.FB.35,4.154036,3.452272,0.0,NO.FB.35,0.00115
720575940622941447,33190.5075,3.0129096399023125e-05,93,0,400,0.2325,936.665,0.0010676175580383,0,0,400,0.0,SMP.FB.23,0,SMP.FB.23,3.39989,3.477295,0.0,SMP.FB.23,0.002325
720575940622942868,26086.95,3.833334291666906e-05,55,0,400,0.1375,371.105,0.0026946551515069,0,0,400,0.0,FB.257,0,FB.257,3.098442,4.918016,0.002041,FB.257,0.004681
720575940622943731,36227.7125,2.760317809190961e-05,96,0,400,0.24,990.595,0.0010094942938335,0,0,400,0.0,FB.561,2,FB.561,2.883963,4.374647,1e-06,FB.561,0.002394
720575940622986219,38033.485,2.6292620831354267e-05,109,0,400,0.2725,52729.2125,1.8964819548556697e-05,99,0,400,0.2475,PB.FB.2,3,PB.FB.2,4.191653,3.65039,0.000109,PB.FB.2,0.002112
720575940622994151,40113.755,2.4929104742251132e-05,113,0,400,0.2825,11249.6775,8.889143711008604e-05,0,0,400,0.0,FB.1202,0,FB.1202,3.081316,3.283714,5.5e-05,FB.1202,0.001608
720575940623004711,23806.735,4.200492003628385e-05,60,0,400,0.15,691.19,0.0014467801906856,0,0,400,0.0,FB.126,2,FB.126,3.3766,4.680818,0.013291,FB.126,0.013539
720575940623018983,20897.6175,4.785234489051204e-05,38,0,400,0.095,1720.0925,0.0005813640836175,0,0,400,0.0,FB.527,3,FB.527,2.964055,3.754608,0.0,FB.527,0.000821
720575940623022315,27095.8875,3.690596958671311e-05,76,0,400,0.19,99682.15,1.003188635076591e-05,397,0,400,0.9925,NO.264,4,NO.264,1.80035,1.688623,0.0,NO.264,9.2e-05
720575940623023287,28058.3675,3.563999224117369e-05,60,0,400,0.15,5660.37,0.0001766668963336,0,0,400,0.0,FB.956,2,FB.956,2.996175,3.87552,3e-06,FB.956,0.001321
720575940623043732,35763.35,2.7961586372641268e-05,91,0,400,0.2275,32105.105,3.114769442429794e-05,18,0,400,0.045,FB.1227,3,FB.1227,2.828282,3.340768,0.0,FB.1227,0.000452
720575940623044327,34894.51,2.865780319024397e-05,94,0,400,0.235,22137.6525,4.517190790667619e-05,7,0,400,0.0175,FB.743,1,FB.743,2.827169,2.578016,0.000116,FB.743,0.001302
720575940623059214,28720.0275,3.4818908164346294e-05,75,0,400,0.1875,99191.15,1.0081544573280984e-05,396,0,400,0.99,NO.224,4,NO.224,1.444322,1.212027,0.0,NO.224,2.6e-05
720575940623062453,46809.77,2.1363061600174497e-05,132,0,400,0.33,5495.2325,0.0001819759218558,0,0,400,0.0,FB.SMP.19,2,FB.SMP.19,2.056942,3.41149,0.0,FB.SMP.19,0.000692
720575940623066126,43585.52,2.294339955104356e-05,135,0,400,0.3375,98716.28,1.0130041367036928e-05,389,0,400,0.9725,SLP.FB.16,4,SLP.FB.16,2.668986,2.266037,0.0,SLP.FB.16,0.000264
720575940623084471,39190.1025,2.551664670945936e-05,122,0,400,0.305,1139.5325,0.0008775528561054,0,0,400,0.0,FB.370,2,FB.370,3.302541,4.344067,0.00104,FB.370,0.004612
720575940623088565,51243.185,1.9514790113065767e-05,163,0,400,0.4075,15578.4575,6.419120763400356e-05,1,0,400,0.0025,FB.1102,3,FB.1102,2.921959,3.242497,0.000831,FB.1102,0.002882
720575940623131319,24269.8075,4.120345824745417e-05,71,0,400,0.1775,4240.025,0.0002358476659925,0,0,400,0.0,FB.755,0,FB.755,3.107186,4.058758,3.7e-05,FB.755,0.001505
720575940623154407,49223.88,2.0315342878294033e-05,163,0,400,0.4075,1436.11,0.0006963254903872,0,0,400,0.0,FB.826,2,FB.826,3.271369,4.495855,0.001017,FB.826,0.002161
720575940623164856,28364.5025,3.525533366925791e-05,59,0,400,0.1475,88043.8225,1.135798028305734e-05,307,0,400,0.7675,FB.846,4,FB.846,2.629933,1.939058,0.001232,FB.846,0.002517
720575940623175969,24801.87,4.031954042175046e-05,56,0,400,0.14,40554.995,2.4657875065697825e-05,34,0,400,0.085,FB.856,0,FB.856,3.217885,2.145579,0.0,FB.856,0.00134
720575940623199070,32792.6825,3.0494608057758004e-05,91,0,400,0.2275,48542.7,2.060041983655627e-05,70,0,400,0.175,FB.182,4,FB.182,2.695209,3.074499,0.005354,FB.182,0.015735
720575940623217132,23764.435,4.207968756673575e-05,58,0,400,0.145,8974.1875,0.0001114307005508,0,0,400,0.0,FB.300,4,FB.300,3.424875,3.597039,0.000226,FB.300,0.005394
720575940623219463,35833.4125,2.790691508937364e-05,106,0,400,0.265,42726.69,2.3404574517707783e-05,45,0,400,0.1125,EB.199,5,EB.199,0.559851,0.452242,2e-06,EB.199,0.001155
720575940623220372,58790.45,1.7009565329062798e-05,207,0,400,0.5175,84563.0675,1.1825493440147496e-05,292,0,400,0.73,AOTU.FB.7,4,AOTU.FB.7,2.335266,2.477809,0.001967,AOTU.FB.7,0.001177
720575940623222542,25114.53,3.981758766737821e-05,50,0,400,0.125,7059.18,0.0001416595128612,0,0,400,0.0,FB.640,0,FB.640,3.28899,3.408326,2e-06,FB.640,0.001984
720575940623233259,30240.485,3.306825270824856e-05,84,0,400,0.21,88340.1875,1.1319876358650473e-05,310,0,400,0.775,NO.20,1,NO.20,2.592602,1.766994,0.0,NO.20,0.000661
720575940623242168,38127.325,2.622790872425485e-05,114,0,400,0.285,1151.8925,0.0008681365665632,0,0,400,0.0,FB.115,4,FB.115,3.469499,4.160864,0.013058,FB.115,0.013084
720575940623256757,33835.455,2.9554796883919544e-05,96,0,400,0.24,1910.5925,0.0005233978464795,0,0,400,0.0,CRE.FB.7,3,CRE.FB.7,3.029034,3.325516,5e-06,CRE.FB.7,0.002022
720575940623260201,18448.9975,5.420348720845129e-05,35,0,400,0.0875,837.345,0.0011942508762815,0,0,400,0.0,FB.41,3,FB.41,3.213343,4.115986,0.0013,FB.41,0.008278
720575940623261703,35289.3675,2.8337147159126613e-05,107,0,400,0.2675,68622.8825,1.4572398645597553e-05,174,0,400,0.435,FB.1377,3,FB.1377,2.303469,3.297827,0.0,FB.1377,0.000176
720575940623277547,35079.0575,2.850703728285744e-05,113,0,400,0.2825,2614.6325,0.0003824629273903,0,0,400,0.0,FB.706,3,FB.706,3.026713,3.349195,0.0,FB.706,0.000828
720575940623279357,44390.925,2.2527126884605355e-05,134,0,400,0.335,13263.5375,7.539466752365272e-05,0,0,400,0.0,FB.550,1,FB.550,3.016877,3.865241,0.000765,FB.550,0.00285
720575940623280457,22120.885,4.520614794570832e-05,67,0,400,0.1675,1021.7475,0.0009787153871186,0,0,400,0.0,FB.604,3,FB.604,3.135905,3.806738,7.5e-05,FB.604,0.003613
720575940623290603,20285.825,4.929550560551518e-05,60,0,400,0.15,16406.0925,6.0952966100855526e-05,1,0,400,0.0025,FB.989,4,FB.989,3.136628,3.164984,0.000114,FB.989,0.001676
720575940623298535,27490.5675,3.6376113370522455e-05,58,0,400,0.145,99057.7825,1.0095117968141472e-05,390,0,400,0.975,SLP.1009,4,SLP.1009,2.684051,1.543119,0.0,SLP.1009,0.000247
720575940623299772,39381.1075,2.5392886677958463e-05,107,0,400,0.2675,8321.4775,0.000120170967235,0,0,400,0.0,FB.1101,0,FB.1101,2.993728,3.096672,0.0,FB.1101,0.000963
720575940623310780,43075.94,2.3214815509539664e-05,130,0,400,0.325,3590.1575,0.0002785393119939,0,0,400,0.0,FB.498,0,FB.498,3.460603,3.994347,0.002005,FB.498,0.002677
720575940623317321,38364.505,2.6065760525256356e-05,121,0,400,0.3025,25872.225,3.865148822723983e-05,9,0,400,0.0225,FB.55,4,FB.55,2.512241,3.178522,8.2e-05,FB.55,0.008805
720575940623325932,41105.725,2.432751155708846e-05,124,0,400,0.31,88513.4875,1.1297713243984426e-05,314,0,400,0.785,FB.955,4,FB.955,3.40642,1.957655,0.0,FB.955,0.002195
720575940623358099,24225.2,4.127932896322837e-05,78,0,400,0.195,3631.2,0.0002753910552985,0,0,400,0.0,FB.53,3,FB.53,3.943894,3.558651,3e-06,FB.53,0.005617
720575940623392949,29891.9425,3.3453831245660933e-05,71,0,400,0.1775,992.385,0.0010076734331937,0,0,400,0.0,FB.432,2,FB.432,3.158249,4.355627,0.001475,FB.432,0.004249
720575940623430621,20464.34,4.886548992051539e-05,49,0,400,0.1225,371.5425,0.0026914821319229,0,0,400,0.0,FB.LAL.15,0,FB.LAL.15,0.777828,4.825125,1.9e-05,FB.LAL.15,0.002402
720575940623436531,19571.81,5.1093894739423685e-05,33,0,400,0.0825,99853.4775,1.0014673750345853e-05,398,0,400,0.995,FB.1172,4,FB.1172,2.683794,1.214325,0.0,FB.1172,0.001484
720575940623440381,28279.36,3.536147918481889e-05,76,0,400,0.19,99350.49,1.0065375621197238e-05,394,0,400,0.985,NO.263,4,NO.263,1.668479,1.468293,0.0,NO.263,4.4e-05
720575940623450382,27754.985,3.602956369819691e-05,67,0,400,0.1675,22935.135,4.360122580486228e-05,9,0,400,0.0225,FB.471,4,FB.471,3.401426,3.224543,0.000243,FB.471,0.004423
720575940623466632,22766.2175,4.392473189716298e-05,52,0,400,0.13,5076.9,0.0001969705922905,0,0,400,0.0,EB.126,5,EB.126,0.950637,0.789197,0.001953,EB.126,0.002321
720575940623474412,46782.8075,2.137537384860881e-05,155,0,400,0.3875,73695.06,1.3569430569701688e-05,207,0,400,0.5175,FB.1300,3,FB.1300,2.372289,3.049916,0.0,FB.1300,0.000584
720575940623488551,23945.585,4.1761351831663333e-05,51,0,400,0.1275,5658.4675,0.0001767262955915,0,0,400,0.0,FB.SMP.15,2,FB.SMP.15,2.214158,3.519194,0.0,FB.SMP.15,0.000587
720575940623490748,29647.9175,3.372918182196102e-05,69,0,400,0.1725,248.7325,0.0040203833435518,0,0,400,0.0,FB.168,0,FB.168,3.282441,4.631746,0.003287,FB.168,0.006581
720575940623498476,33767.645,2.9614146914894422e-05,111,0,400,0.2775,96805.965,1.0329941961737586e-05,377,0,400,0.9425,NO.132,4,NO.132,2.587334,2.116768,0.0,NO.132,0.00067
720575940623536398,33006.835,3.029675520236945e-05,113,0,400,0.2825,1525.205,0.0006556495684186,0,0,400,0.0,FB.277,2,FB.277,3.098525,3.779648,0.001548,FB.277,0.003576
720575940623539976,33873.2975,2.952177891744965e-05,104,0,400,0.26,768.5325,0.0013011811471863,0,0,400,0.0,FB.345,0,FB.345,3.446544,3.62193,0.000153,FB.345,0.002293
720575940623540007,46349.87,2.15750335437834e-05,148,0,400,0.37,99795.0775,1.0020534329461293e-05,399,0,400,0.9975,NO.FB.78,0,NO.FB.78,2.603789,1.459389,0.0,NO.FB.78,0.000443
720575940623540557,42161.8175,2.3718142606162555e-05,121,0,400,0.3025,3947.0625,0.0002533529681883,0,0,400,0.0,FB.603,0,FB.603,3.143516,3.858533,0.001633,FB.603,0.002028
720575940623540813,46694.0625,2.141599908982004e-05,151,0,400,0.3775,53463.785,1.8704249989034633e-05,87,0,400,0.2175,FB.1155,4,FB.1155,3.101077,3.005154,0.0,FB.1155,0.001468
720575940623590221,37632.1675,2.6573010975251423e-05,99,0,400,0.2475,5836.635,0.0001713315977442,0,0,400,0.0,FB.611,0,FB.611,3.428676,3.671777,0.0,FB.611,0.001959
720575940623649097,25059.525,3.990498622779163e-05,51,0,400,0.1275,641.48,0.0015588950551848,0,0,400,0.0,FB.33,0,FB.33,3.497352,4.379595,0.006676,FB.33,0.01125
720575940623693320,27370.9725,3.653505552278057e-05,60,0,400,0.15,10262.37,9.744337808907687e-05,0,0,400,0.0,FB.807,0,FB.807,2.841276,3.104534,0.0,FB.807,0.000512
720575940623698324,26477.045,3.776856518542761e-05,41,0,400,0.1025,8044.7675,0.0001243044003446,0,0,400,0.0,EB.175,5,EB.175,0.772124,0.787358,0.0,EB.175,0.001634
720575940623712656,42143.0975,2.372867822541995e-05,134,0,400,0.335,763.46,0.0013098263170303,0,0,400,0.0,FB.560,0,FB.560,2.930833,4.664113,0.000463,FB.560,0.002447
720575940623738516,22122.845,4.520214285278408e-05,53,0,400,0.1325,75228.1425,1.3292897667917296e-05,211,0,400,0.5275,FB.1201,4,FB.1201,2.860188,2.752075,0.000921,FB.1201,0.001759
720575940623759591,24811.365,4.030411063639586e-05,68,0,400,0.17,2480.5975,0.0004031286816986,0,0,400,0.0,FB.295,2,FB.295,3.135241,3.715225,0.0,FB.295,0.003439
720575940623781268,47277.3225,2.1151790057484747e-05,144,0,400,0.36,1870.55,0.0005346021223704,0,0,400,0.0,FB.414,0,FB.414,3.254885,4.398531,0.000295,FB.414,0.003997
720575940623784231,42646.815,2.3448409922288452e-05,128,0,400,0.32,593.075,0.001686127386924,0,0,400,0.0,FB.264,0,FB.264,3.077918,4.740545,0.003954,FB.264,0.004944
720575940623801125,30771.8775,3.249720463107914e-05,86,0,400,0.215,1245.7275,0.000802743778234,0,0,400,0.0,FB.741,2,FB.741,3.278914,4.187938,1e-06,FB.741,0.002204
720575940623807672,36948.325,2.7064826348691047e-05,127,0,400,0.3175,5197.555,0.0001923981564408,0,0,400,0.0,FB.85,3,FB.85,4.047896,3.605022,0.000269,FB.85,0.006678
720575940623807932,16272.84,6.145208826486342e-05,25,0,400,0.0625,21514.375,4.648055079452691e-05,4,0,400,0.01,FB.1003,1,FB.1003,2.825861,2.764237,0.0,FB.1003,0.000886
720575940623808526,34090.7375,2.9333480978520923e-05,97,0,400,0.2425,53218.5,1.8790458205323335e-05,90,0,400,0.225,FB.936,4,FB.936,2.909328,1.757321,0.004043,FB.936,0.002214
720575940623815155,40414.1675,2.4743798075266548e-05,115,0,400,0.2875,1261.025,0.0007930056898158,0,0,400,0.0,FB.655,2,FB.655,2.799999,4.435902,0.000241,FB.655,0.0026
720575940623816848,27279.7,3.665729461834258e-05,65,0,400,0.1625,16676.085,5.9966113149459245e-05,0,0,400,0.0,FB.1226,3,FB.1226,2.927366,3.014743,3e-06,FB.1226,0.000586
720575940623855117,32438.9975,3.0827093223210735e-05,94,0,400,0.235,547.7925,0.0018255087464687,0,0,400,0.0,FB.149,0,FB.149,3.262866,4.014919,5.3e-05,FB.149,0.004159
720575940623861479,28587.7325,3.498003907795066e-05,86,0,400,0.215,2894.33,0.0003455031043453,0,0,400,0.0,FB.167,4,FB.167,3.278717,3.633085,0.000498,FB.167,0.010591
720575940623880013,32383.9775,3.087946809498617e-05,89,0,400,0.2225,1274.7975,0.0007844383127516,0,0,400,0.0,FB.886,2,FB.886,2.973398,4.521074,4.7e-05,FB.886,0.001863
720575940623889552,26314.0975,3.8002443367096285e-05,76,0,400,0.19,10718.105,9.330007496661024e-05,0,0,400,0.0,FB.580,1,FB.580,3.164045,2.965769,0.002957,FB.580,0.003081
720575940623897955,40023.0125,2.4985625457354063e-05,112,0,400,0.28,725.54,0.0013782837610607,0,0,400,0.0,FB.351,3,FB.351,3.191833,4.669479,0.010317,FB.351,0.009064
720575940623902307,29681.0425,3.3691538968013e-05,84,0,400,0.21,64960.395,1.5393995064223364e-05,167,0,400,0.4175,FB.867,4,FB.867,3.426394,2.515145,0.0,FB.867,0.002631
720575940623904551,32345.87,3.09158479892487e-05,91,0,400,0.2275,791.1375,0.0012640027808061,0,0,400,0.0,FB.320,3,FB.320,3.139686,4.686373,0.003295,FB.320,0.003716
720575940623956813,30179.8,3.3134745757095805e-05,84,0,400,0.21,32160.52,3.109402459910474e-05,21,0,400,0.0525,FB.1029,1,FB.1029,2.825311,2.364059,0.0,FB.1029,0.000991
720575940623973837,36157.8725,2.765649444667963e-05,103,0,400,0.2575,2869.9625,0.0003484366084922,0,0,400,0.0,EB.55,5,EB.55,0.695698,3.560558,0.021153,EB.55,0.011856
720575940624012350,25730.755,3.886399757799567e-05,71,0,400,0.1775,54206.8,1.844787000892877e-05,94,0,400,0.235,FB.431,0,FB.431,2.834204,2.344041,0.0,FB.431,0.001931
720575940624023480,27181.9975,3.678905496183641e-05,66,0,400,0.165,13595.3775,7.355441215221865e-05,1,0,400,0.0025,FB.919,1,FB.919,2.724174,2.902073,1.6e-05,FB.919,0.001451
720575940624039370,29567.01,3.3821478735929e-05,72,0,400,0.18,99425.36,1.0057796119621794e-05,395,0,400,0.9875,NO.FB.143,0,NO.FB.143,0.689868,1.051667,0.0,NO.FB.143,6.3e-05
720575940624065038,23162.8725,4.317253829377164e-05,64,0,400,0.16,1593.135,0.0006276931961196,0,0,400,0.0,FB.539,2,FB.539,2.819438,3.801942,0.0,FB.539,0.001507
720575940624073452,39272.08,2.546338263723235e-05,113,0,400,0.2825,6654.1325,0.0001502825499792,0,0,400,0.0,FB.172,0,FB.172,3.381462,3.868267,0.000451,FB.172,0.003891
720575940624077517,42723.78,2.340616864893509e-05,144,0,400,0.36,1439.805,0.0006945384965325,0,0,400,0.0,FB.184,0,FB.184,3.122373,4.145362,0.000257,FB.184,0.003849
720575940624082725,42739.4675,2.3397577426532045e-05,145,0,400,0.3625,100000.0,1e-05,400,0,400,1.0,NO.FB.53,0,NO.FB.53,2.569133,1.015311,0.0,NO.FB.53,0.000558
720575940624093884,37104.4925,2.695091436704059e-05,102,0,400,0.255,24048.55,4.158254863598845e-05,12,0,400,0.03,FB.935,4,FB.935,3.170165,3.30847,0.000128,FB.935,0.001627
720575940624102670,35411.4575,2.8239447642052012e-05,100,0,400,0.25,6847.1,0.0001460472316747,0,0,400,0.0,FB.217,3,FB.217,3.632616,3.538978,0.0,FB.217,0.003268
720575940624103399,36003.755,2.777488070341552e-05,122,0,400,0.305,6402.2925,0.0001561940508028,0,0,400,0.0,FB.579,0,FB.579,3.403727,3.77062,0.000125,FB.579,0.002209
720575940624126183,28885.63,3.461928993759181e-05,74,0,400,0.185,4276.595,0.0002338308864879,0,0,400,0.0,FB.1154,0,FB.1154,2.651157,3.843654,0.0,FB.1154,0.001088
720575940624135060,26268.1175,3.806896325935804e-05,69,0,400,0.1725,90833.6875,1.100913138641432e-05,329,0,400,0.8225,EB.353,4,EB.353,0.417006,1.755896,0.0,EB.353,0.000191
720575940624135205,24446.6725,4.090536247826775e-05,55,0,400,0.1375,16262.7275,6.149030044314523e-05,0,0,400,0.0,FB.1250,0,FB.1250,2.871931,2.896392,0.0,FB.1250,0.000383
720575940624136489,30665.0675,3.261039617799635e-05,77,0,400,0.1925,2664.355,0.0003753253601715,0,0,400,0.0,FB.73,4,FB.73,3.599703,3.871041,0.03417,FB.73,0.023212
720575940624163109,39771.9775,2.5143331130568e-05,111,0,400,0.2775,99142.95,1.0086445884452702e-05,396,0,400,0.99,NO.127,0,NO.127,2.485156,1.519218,0.0,NO.127,0.000563
720575940624166949,33044.425,3.026229084028546e-05,88,0,400,0.22,3261.9675,0.0003065634467541,0,0,400,0.0,FB.625,0,FB.625,3.255172,4.095892,7e-06,FB.625,0.001738
720575940624167973,52138.6925,1.9179614064928843e-05,167,0,400,0.4175,13453.955,7.4327586200489e-05,0,0,400,0.0,FB.1225,3,FB.1225,2.69721,3.202657,0.0,FB.1225,0.000343
720575940624175653,30314.75,3.298724218408531e-05,76,0,400,0.19,58205.9775,1.7180366054328354e-05,118,0,400,0.295,FB.1249,4,FB.1249,3.187513,2.850164,5e-06,FB.1249,0.000764
720575940624180263,45850.235,2.181013903200278e-05,145,0,400,0.3625,8257.135,0.0001211073816765,0,0,400,0.0,EB.162,5,EB.162,0.767818,0.786798,5e-06,EB.162,0.001391
720575940624215245,28436.0875,3.516658190055154e-05,79,0,400,0.1975,1422.9175,0.0007027814332173,0,0,400,0.0,FB.260,0,FB.260,3.273734,4.383652,0.001671,FB.260,0.005946
720575940624222014,35641.7425,2.8056989637922443e-05,105,0,400,0.2625,1348.5675,0.0007415275838992,0,0,400,0.0,FB.670,2,FB.670,3.248112,4.289489,5.2e-05,FB.670,0.002105
720575940624276410,27224.67,3.6731391050837346e-05,74,0,400,0.185,6312.7375,0.0001584098816084,0,0,400,0.0,FB.CRE.17,1,FB.CRE.17,2.840119,3.218327,0.0,FB.CRE.17,0.001183
720575940624280676,47226.995,2.117433048619757e-05,156,0,400,0.39,97710.2875,1.0234336891087336e-05,381,0,400,0.9525,NO.83,4,NO.83,2.257003,1.906516,0.0,NO.83,0.000618
720575940624282430,54838.8075,1.823526158915837e-05,183,0,400,0.4575,19391.39,5.156927894287104e-05,1,0,400,0.0025,FB.705,1,FB.705,2.631228,2.810953,6.2e-05,FB.705,0.001642
720575940624290232,39221.9075,2.5495955289782885e-05,125,0,400,0.3125,388.3825,0.0025747813045129,0,0,400,0.0,FB.17,2,FB.17,3.497253,4.440661,0.041254,FB.17,0.010852
720575940624295096,41197.465,2.4273338177482524e-05,126,0,400,0.315,1234.435,0.0008100872058877,0,0,400,0.0,FB.845,2,FB.845,2.954803,4.532945,0.0,FB.845,0.001392
720575940624306494,38012.84,2.63069005104591e-05,113,0,400,0.2825,92000.6925,1.08694834008994e-05,340,0,400,0.85,FB.549,4,FB.549,3.280462,2.091127,0.000584,FB.549,0.003029
720575940624307658,33357.94,2.9977870336117877e-05,94,0,400,0.235,11044.165,9.05455505237381e-05,0,0,400,0.0,SMP.FB.8,2,SMP.FB.8,3.333364,3.727144,9.3e-05,SMP.FB.8,0.00387
720575940624323475,39717.815,2.5177618658025372e-05,127,0,400,0.3175,22962.9925,4.354833108097736e-05,5,0,400,0.0125,EB.354,4,EB.354,1.783552,2.358014,0.0,EB.354,0.001596
720575940624323592,39292.4,2.5450214290804328e-05,122,0,400,0.305,9373.485,0.000106683906786,0,0,400,0.0,CRE.FB.22,2,CRE.FB.22,2.880531,3.218086,0.0,CRE.FB.22,0.002004
720575940624331722,33288.12,3.004074726959648e-05,95,0,400,0.2375,3827.36,0.0002612767024789,0,0,400,0.0,FB.CRE.36,4,FB.CRE.36,2.35236,3.496298,0.0,FB.CRE.36,0.001018
720575940624341436,34196.115,2.9243087994060143e-05,80,0,400,0.2,100000.0,1e-05,400,0,400,1.0,FB.1365,4,FB.1365,2.836347,1.40356,0.0,FB.1365,0.000519
720575940624346917,37996.7175,2.6318062869509716e-05,119,0,400,0.2975,87336.52,1.14499638868139e-05,303,0,400,0.7575,AOTU.FB.31,4,AOTU.FB.31,2.232754,2.160406,0.0,AOTU.FB.31,0.000307
720575940624356234,44197.8525,2.2625533672705024e-05,138,0,400,0.345,42032.2275,2.3791268259575347e-05,52,0,400,0.13,EB.321,4,EB.321,0.770741,2.860878,0.0,EB.321,0.000915
720575940624364474,21140.5075,4.730255411323498e-05,63,0,400,0.1575,41926.8,2.385109285707471e-05,44,0,400,0.11,FB.1061,4,FB.1061,3.056293,3.127606,0.0,FB.1061,0.001131
720575940624373837,30669.5225,3.2605659250156246e-05,90,0,400,0.225,10414.8075,9.601713713863648e-05,0,0,400,0.0,EB.125,5,EB.125,0.691545,0.825288,0.0,EB.125,0.000684
720575940624381966,28480.4325,3.511182633901364e-05,86,0,400,0.215,664.1575,0.0015056669539981,0,0,400,0.0,FB.75,4,FB.75,3.461978,4.065975,0.005501,FB.75,0.012602
720575940624383892,34487.62,2.8995912156304204e-05,102,0,400,0.255,491.87,0.0020330575151971,0,0,400,0.0,FB.171,3,FB.171,3.249698,4.11316,0.000731,FB.171,0.003718
720575940624403044,37839.425,2.642746289088695e-05,106,0,400,0.265,51433.5675,1.9442555681170668e-05,80,0,400,0.2,FB.1336,3,FB.1336,2.228794,3.421639,0.0,FB.1336,0.000501
720575940624417052,39650.395,2.5220429708203413e-05,125,0,400,0.3125,19017.22,5.258392130921344e-05,1,0,400,0.0025,FB.806,1,FB.806,3.276413,2.845737,0.001843,FB.806,0.001729
720575940624437735,30285.2725,3.3019349586502816e-05,85,0,400,0.2125,1536.9975,0.0006506191454442,0,0,400,0.0,FB.179,2,FB.179,3.127285,3.65345,0.0,FB.179,0.003871
720575940624449428,28569.8575,3.50019246683327e-05,83,0,400,0.2075,37908.54,2.6379280236062904e-05,32,0,400,0.08,FB.597,4,FB.597,3.101392,2.848958,9e-06,FB.597,0.002701
720575940624469444,22532.7025,4.4379940666238326e-05,51,0,400,0.1275,18221.625,5.487984743402413e-05,4,0,400,0.01,AOTU.FB.1,4,AOTU.FB.1,2.511888,2.669854,0.004996,AOTU.FB.1,0.009419
720575940624483216,31015.12,3.224233857550769e-05,78,0,400,0.195,20558.2925,4.864217200917829e-05,1,0,400,0.0025,FB.885,1,FB.885,2.715011,2.84858,1e-06,FB.885,0.001695
720575940624560392,41631.225,2.402043177927145e-05,131,0,400,0.3275,16976.9775,5.890330007211236e-05,1,0,400,0.0025,FB.688,3,FB.688,2.990451,3.309769,0.0,FB.688,0.00158
720575940624562952,25273.4,3.956729209366369e-05,68,0,400,0.17,54395.8775,1.838374608443443e-05,99,0,400,0.2475,NO.FB.17,3,NO.FB.17,4.195812,3.577402,0.0,NO.FB.17,0.002397
720575940624576258,33641.69,2.9725022732211137e-05,92,0,400,0.23,24282.2,4.118242992809548e-05,5,0,400,0.0125,FB.1248,3,FB.1248,2.983474,3.015656,1e-05,FB.1248,0.000646
720575940624583708,18813.295,5.315389994150414e-05,33,0,400,0.0825,3609.1275,0.0002770752765038,0,0,400,0.0,FB.654,0,FB.654,3.128265,3.703737,0.001784,FB.654,0.002098
720575940624602957,23171.82,4.315586777387361e-05,47,0,400,0.1175,26147.7675,3.8244182796867834e-05,8,0,400,0.02,FB.589,4,FB.589,3.235327,3.093857,0.0,FB.589,0.001674
720575940624608714,29740.0725,3.362466584437547e-05,83,0,400,0.2075,100000.0,1e-05,400,0,400,1.0,NO.221,0,NO.221,2.084529,0.479439,0.0,NO.221,1.9e-05
720575940624611018,41598.335,2.4039423693280033e-05,133,0,400,0.3325,609.005,0.0016420226434922,0,0,400,0.0,FB.395,0,FB.395,3.045433,4.870896,0.000966,FB.395,0.003395
720575940624617397,16265.4225,6.14801121827607e-05,24,0,400,0.06,95229.23,1.0500977483489053e-05,363,0,400,0.9075,NO.6,1,NO.6,2.842907,1.225577,0.000163,NO.6,0.001602
720575940624634040,25047.0975,3.992478569622688e-05,48,0,400,0.12,92652.0,1.0793075162975434e-05,343,0,400,0.8575,AOTU.FB.43,4,AOTU.FB.43,2.074689,1.783351,0.0,AOTU.FB.43,0.000183
720575940624689130,32312.025,3.094823057360224e-05,81,0,400,0.2025,17748.2575,5.634355936068654e-05,3,0,400,0.0075,FB.SMP.57,4,FB.SMP.57,2.063114,3.058938,0.0,FB.SMP.57,0.000644
720575940624700674,37100.06,2.6954134305982256e-05,87,0,400,0.2175,4058.4625,0.0002463987285825,0,0,400,0.0,FB.884,0,FB.884,2.985453,4.137793,0.0,FB.884,0.001174
720575940624730638,25523.1525,3.918011303658512e-05,64,0,400,0.16,610.335,0.0016384444608288,0,0,400,0.0,FB.271,0,FB.271,3.278974,3.838109,8e-05,FB.271,0.002826
720575940624737869,31346.1725,3.1901821506278e-05,96,0,400,0.24,34190.3625,2.924800811924705e-05,21,0,400,0.0525,NO.72,3,NO.72,3.889209,2.388472,0.0,NO.72,0.000449
720575940624754981,44260.525,2.2593496123238485e-05,144,0,400,0.36,219.785,0.0045499010396523,0,0,400,0.0,FB.LAL.5,0,FB.LAL.5,1.114419,4.836251,0.003683,FB.LAL.5,0.00665
720575940624773916,29850.6775,3.350007717580279e-05,74,0,400,0.185,98524.105,1.0149800396562853e-05,390,0,400,0.975,FB.1247,4,FB.1247,3.068608,1.538819,6e-06,FB.1247,0.001508
720575940624783287,19140.005,5.224659032220733e-05,36,0,400,0.09,14119.9525,7.082176799107505e-05,2,0,400,0.005,EB.247,4,EB.247,1.112412,3.181926,0.000618,EB.247,0.000461
720575940624824963,26984.9775,3.7057655504808183e-05,73,0,400,0.1825,21763.85,4.594775281027943e-05,7,0,400,0.0175,FB.1100,4,FB.1100,3.108288,2.982238,7e-06,FB.1100,0.001183
720575940624827523,37413.9675,2.67279860121758e-05,118,0,400,0.295,100000.0,1e-05,400,0,400,1.0,NO.23,1,NO.23,2.663163,0.757444,0.0,NO.23,0.000566
720575940624836810,40137.915,2.491409929987644e-05,133,0,400,0.3325,99885.905,1.00114225325385e-05,399,0,400,0.9975,NO.73,0,NO.73,2.647354,0.635133,0.0,NO.73,0.001105
720575940624861017,31787.0975,3.145930514731646e-05,96,0,400,0.24,34942.8325,2.861817226751724e-05,32,0,400,0.08,FB.1039,1,FB.1039,2.699718,2.29334,0.0,FB.1039,0.000505
720575940624863516,34174.0225,2.926199278999129e-05,77,0,400,0.1925,3179.5525,0.000314509667634,0,0,400,0.0,FB.844,3,FB.844,2.721557,4.121349,0.0,FB.844,0.001022
720575940624888880,39169.7,2.552993768142212e-05,106,0,400,0.265,526.8,0.0018982536066818,0,0,400,0.0,FB.84,2,FB.84,3.014194,4.409287,0.021156,FB.84,0.009227
720575940624892858,34200.6075,2.923924670051548e-05,93,0,400,0.2325,4025.97,0.0002483873451615,0,0,400,0.0,FB.306,2,FB.306,3.149763,3.627081,1e-06,FB.306,0.003477
720575940624895821,38116.5025,2.6235355670421228e-05,104,0,400,0.26,7393.6125,0.0001352518812691,0,0,400,0.0,FB.918,2,FB.918,3.106486,3.655503,6.5e-05,FB.918,0.001959
720575940624905404,36355.245,2.750634743349962e-05,99,0,400,0.2475,502.96,0.0019882296802926,0,0,400,0.0,FB.140,3,FB.140,3.026348,4.748102,0.008433,FB.140,0.008224
720575940624940336,28786.0425,3.4739058000070696e-05,73,0,400,0.1825,5746.345,0.0001740236619973,0,0,400,0.0,FB.559,0,FB.559,3.405059,3.801042,0.004399,FB.559,0.002802
720575940625021796,33631.98,2.9733604741677418e-05,114,0,400,0.285,99467.6625,1.0053518649842604e-05,396,0,400,0.99,EB.138,3,EB.138,1.788833,0.227585,0.000983,EB.138,0.001948
720575940625029925,22935.22,4.3601064214775354e-05,52,0,400,0.13,48273.6275,2.07152445711688e-05,76,0,400,0.19,FB.1153,4,FB.1153,2.945703,3.174847,0.0,FB.1153,0.001084
720575940625061918,32231.245,3.1025795001092886e-05,102,0,400,0.255,66786.755,1.497302870906065e-05,163,0,400,0.4075,FB.1399,4,FB.1399,1.648839,2.898543,0.0,FB.1399,0.000886
720575940625131913,44228.6175,2.2609795569576644e-05,138,0,400,0.345,98983.4275,1.0102701283000128e-05,391,0,400,0.9775,NO.FB.50,3,NO.FB.50,2.499022,2.061195,0.0,NO.FB.50,0.002133
720575940625142936,47332.1925,2.1127269775216942e-05,159,0,400,0.3975,2094.9075,0.0004773480452,0,0,400,0.0,FB.162,1,FB.162,2.847481,3.215456,0.007688,FB.162,0.006115
720575940625144604,30591.63,3.268867987746975e-05,100,0,400,0.25,888.415,0.0011256000855456,0,0,400,0.0,FB.470,3,FB.470,2.870689,4.183333,3e-06,FB.470,0.0022
720575940625146109,42523.445,2.351643899030288e-05,130,0,400,0.325,1094.15,0.0009139514691769,0,0,400,0.0,FB.376,0,FB.376,2.918457,3.344136,1e-06,FB.376,0.001941
720575940625156745,22059.135,4.533269323570485e-05,45,0,400,0.1125,89833.0,1.1131766722696558e-05,319,0,400,0.7975,SMP.1228,4,SMP.1228,2.642001,2.508493,0.0,SMP.1228,0.000497
720575940625175960,25127.965,3.979629866565e-05,54,0,400,0.135,89858.32,1.1128630047835302e-05,317,0,400,0.7925,AOTU.FB.52,4,AOTU.FB.52,2.101706,2.247777,0.0,AOTU.FB.52,0.000172
720575940625176092,26319.875,3.79941014157552e-05,64,0,400,0.16,98768.6225,1.0124672944588247e-05,387,0,400,0.9675,NO.106,4,NO.106,2.353639,2.033597,0.0,NO.106,0.000493
720575940625218685,40165.32,2.489710028452406e-05,120,0,400,0.3,12557.2475,7.963528631573122e-05,0,0,400,0.0,EB.277,4,EB.277,0.4358,3.642708,0.000564,EB.277,0.001367
720575940625294217,26152.62,3.823708676224409e-05,64,0,400,0.16,39627.8225,2.5234795578283417e-05,37,0,400,0.0925,FB.1224,3,FB.1224,2.610415,3.221739,0.000127,FB.1224,0.000905
720575940625301604,27322.46,3.659992548255172e-05,79,0,400,0.1975,32681.2325,3.059860120024543e-05,25,0,400,0.0625,FB.270,1,FB.270,2.998704,2.461429,0.000588,FB.270,0.004638
720575940625308162,29084.8375,3.438217593617293e-05,76,0,400,0.19,226.26,0.0044196941571643,0,0,400,0.0,FB.LAL.7,0,FB.LAL.7,1.921443,4.771623,0.002197,FB.LAL.7,0.003549
720575940625328842,24365.0925,4.10423231514512e-05,76,0,400,0.19,83527.9275,1.1972043721544509e-05,283,0,400,0.7075,SLP.FB.15,4,SLP.FB.15,3.390764,1.930477,0.0,SLP.FB.15,0.002024
720575940625346362,25606.97,3.905186751888255e-05,61,0,400,0.1525,42921.7375,2.3298218064914077e-05,57,0,400,0.1425,FB.1171,3,FB.1171,2.81698,3.117983,0.0,FB.1171,0.000522
720575940625349961,24169.5525,4.13743696744075e-05,48,0,400,0.12,44847.9975,2.2297539594716575e-05,62,0,400,0.155,FB.1005,1,FB.1005,3.667106,2.711361,3.2e-05,FB.1005,0.000777
720575940625378121,38686.4175,2.5848865431905136e-05,126,0,400,0.315,34888.1575,2.8663021255851645e-05,27,0,400,0.0675,FB.724,4,FB.724,3.236298,3.039189,9e-06,FB.724,0.001956
720575940625390266,42455.4975,2.355407565298228e-05,120,0,400,0.3,73126.2375,1.3674982252437095e-05,221,0,400,0.5525,SMP.1384,4,SMP.1384,2.697599,2.335725,0.0,SMP.1384,0.000314
720575940625392650,38236.7525,2.615284862384691e-05,111,0,400,0.2775,706.665,0.0014150976771171,0,0,400,0.0,FB.106,2,FB.106,3.002025,4.634293,0.004965,FB.106,0.012323
720575940625395096,41145.8975,2.4303759566795207e-05,127,0,400,0.3175,18159.6625,5.50671027063416e-05,0,0,400,0.0,FB.1002,1,FB.1002,2.786899,2.952647,0.000171,FB.1002,0.001458
720575940625415196,20525.675,4.87194696398535e-05,45,0,400,0.1125,1568.9725,0.0006373598007613,0,0,400,0.0,SMP.FB.25,0,SMP.FB.25,3.371863,3.394707,0.0,SMP.FB.25,0.00197
720575940625424642,43928.2975,2.276436959570309e-05,132,0,400,0.33,100000.0,1e-05,400,0,400,1.0,NO.FB.54,3,NO.FB.54,2.700661,0.646216,0.0,NO.FB.54,0.000625
720575940625437706,30030.3675,3.3299625787130314e-05,84,0,400,0.21,8892.9275,0.0001124489095407,0,0,400,0.0,FB.905,1,FB.905,2.711923,2.777183,1e-06,FB.905,0.000908
720575940625439690,42317.0275,2.36311494232434e-05,130,0,400,0.325,74374.05,1.3445549892738124e-05,224,0,400,0.56,CRE.FB.32,0,CRE.FB.32,3.06406,2.973403,2.5e-05,CRE.FB.32,0.001794
720575940625453145,27660.1525,3.615309062377729e-05,90,0,400,0.225,95923.4,1.0424984935896768e-05,368,0,400,0.92,NO.92,4,NO.92,2.353754,2.492784,1e-06,NO.92,0.001354
720575940625455247,36664.89,2.7274048824365764e-05,125,0,400,0.3125,53.4525,0.0187081988681539,0,0,400,0.0,FB.2,0,FB.2,3.523573,4.577524,0.008614,FB.2,0.01828
720575940625493604,39503.8525,2.5313986781415812e-05,130,0,400,0.325,5914.8725,0.000169065351789,0,0,400,0.0,FB.CRE.15,1,FB.CRE.15,2.335842,3.082273,0.0,FB.CRE.15,0.001246
720575940625506027,38215.985,2.616706072079524e-05,116,0,400,0.29,22170.7675,4.5104437633924936e-05,0,0,400,0.0,EB.300,4,EB.300,0.76812,3.60211,0.00077,EB.300,0.001709
720575940625511762,36210.82,2.761605509071598e-05,105,0,400,0.2625,17826.9075,5.609497889636775e-05,1,0,400,0.0025,EB.110,5,EB.110,0.489074,0.783651,0.0,EB.110,0.000666
720575940625516830,29802.6575,3.35540547013299e-05,67,0,400,0.1675,14187.0475,7.048682962399329e-05,0,0,400,0.0,EB.152,5,EB.152,0.770184,1.285354,0.000259,EB.152,0.001885
720575940625535621,30251.775,3.305591159527003e-05,94,0,400,0.235,6640.135,0.0001505993477542,0,0,400,0.0,FB.484,2,FB.484,3.133835,3.008294,0.000142,FB.484,0.002529
720575940625537301,30872.2725,3.2391525437591286e-05,73,0,400,0.1825,100000.0,1e-05,400,0,400,1.0,NO.119,0,NO.119,2.23304,0.630282,0.0,NO.119,0.000875
720575940625541434,40104.505,2.4934854575564517e-05,120,0,400,0.3,56051.2975,1.7840800206275332e-05,119,0,400,0.2975,PB.FB.4,3,PB.FB.4,4.225678,3.678804,0.001616,PB.FB.4,0.001929
720575940625556611,31064.89,3.219068214952636e-05,84,0,400,0.21,2397.56,0.0004170907088873,0,0,400,0.0,FB.532,0,FB.532,3.003912,3.813018,8.7e-05,FB.532,0.002914
720575940625579141,25814.9675,3.873721708152451e-05,64,0,400,0.16,487.7875,0.0020500730338518,0,0,400,0.0,FB.204,0,FB.204,2.874144,4.699178,0.002335,FB.204,0.005246
720575940625604098,32296.415,3.0963188948370894e-05,79,0,400,0.1975,64687.845,1.5458854750842296e-05,151,0,400,0.3775,FB.1048,0,FB.1048,2.831417,2.12,0.0,FB.1048,0.00102
720575940625609810,30113.29,3.320792912365271e-05,80,0,400,0.2,26258.7725,3.8082511282658015e-05,17,0,400,0.0425,FB.1246,3,FB.1246,2.994258,3.700535,0.0,FB.1246,0.000679
720575940625630993,39604.135,2.5249888679553284e-05,113,0,400,0.2825,65705.6525,1.5219390751807846e-05,162,0,400,0.405,FB.1132,4,FB.1132,2.904078,3.034268,0.0,FB.1132,0.000869
720575940625636964,32677.7125,3.0601897241124206e-05,88,0,400,0.22,3622.5325,0.0002760499733266,0,0,400,0.0,FB.548,3,FB.548,3.716262,3.464647,0.0,FB.548,0.001195
720575940625637562,40859.74,2.4473968752615657e-05,116,0,400,0.29,405.59,0.0024655440222885,0,0,400,0.0,FB.263,0,FB.263,3.122939,4.907416,0.002427,FB.263,0.004899
720575940625649214,30911.0175,3.235092471478818e-05,79,0,400,0.1975,7211.855,0.0001386605803915,0,0,400,0.0,FB.5,1,FB.5,3.926123,3.466928,0.040867,FB.5,0.028209
720575940625649726,32109.01,3.114390633657033e-05,80,0,400,0.2,90549.415,1.1043693656110311e-05,325,0,400,0.8125,FB.1099,4,FB.1099,2.597638,2.249104,4.5e-05,FB.1099,0.002187
720575940625653223,27612.1525,3.6215937891839473e-05,65,0,400,0.1625,26609.9175,3.75799737071714e-05,11,0,400,0.0275,EB.116,4,EB.116,2.076752,1.585946,0.000987,EB.116,0.00176
720575940625667721,26520.275,3.770699964461153e-05,79,0,400,0.1975,9299.0925,0.0001075373752868,0,0,400,0.0,SMP.FB.19,2,SMP.FB.19,3.179828,3.658327,0.001281,SMP.FB.19,0.003335
720575940625678650,36435.0625,2.744608987565206e-05,107,0,400,0.2675,716.0025,0.0013966431681453,0,0,400,0.0,FB.469,0,FB.469,3.090663,4.74587,0.002902,FB.469,0.003314
720575940625680784,36413.765,2.74621424068618e-05,107,0,400,0.2675,5780.3425,0.0001730001293175,0,0,400,0.0,CRE.FB.34,3,CRE.FB.34,3.811907,3.687686,0.0,CRE.FB.34,0.001421
720575940625683077,25478.2775,3.92491211385856e-05,67,0,400,0.1675,9347.12,0.0001069848252723,0,0,400,0.0,FB.843,2,FB.843,2.961046,3.518003,2e-06,FB.843,0.001531
720575940625698279,36808.385,2.716772278925033e-05,110,0,400,0.275,455.51,0.002195341485368,0,0,400,0.0,FB.54,2,FB.54,3.408998,4.362551,0.001601,FB.54,0.007829
720575940625703824,24774.075,4.036477648509581e-05,63,0,400,0.1575,1914.845,0.0005222354812008,0,0,400,0.0,FB.183,3,FB.183,3.217281,3.271001,1.2e-05,FB.183,0.00287
720575940625721331,23787.3925,4.2039075951683224e-05,60,0,400,0.15,1274.34,0.0007847199334557,0,0,400,0.0,FB.715,2,FB.715,3.536455,4.478274,0.00236,FB.715,0.003046
720575940625733909,48087.4175,2.0795460683660127e-05,175,0,400,0.4375,19294.9175,5.182711975835087e-05,0,0,400,0.0,FB.1245,3,FB.1245,2.932321,3.241968,0.0,FB.1245,0.000533
720575940625750415,35135.4975,2.846124492758357e-05,106,0,400,0.265,1252.6775,0.0007982900626857,0,0,400,0.0,FB.413,4,FB.413,3.267737,3.954887,0.000918,FB.413,0.004724
720575940625760017,22162.1125,4.5122052331428246e-05,54,0,400,0.135,6608.285,0.0001513251925423,0,0,400,0.0,FB.904,2,FB.904,3.070285,3.589845,0.0,FB.904,0.001341
720575940625781180,41891.6425,2.3871109852042683e-05,118,0,400,0.295,11946.34,8.37076460238031e-05,0,0,400,0.0,FB.1268,3,FB.1268,3.098538,3.565935,0.0,FB.1268,0.001099
720575940625787536,26586.64,3.7612876241601045e-05,72,0,400,0.18,404.9075,0.0024696998697233,0,0,400,0.0,FB.35,0,FB.35,3.22589,4.368684,3.6e-05,FB.35,0.005664
720575940625796133,39923.405,2.504796371952743e-05,118,0,400,0.295,762.985,0.0013106417557356,0,0,400,0.0,FB.196,0,FB.196,3.281365,3.913911,0.0,FB.196,0.003257
720575940625805906,30325.235,3.297583679071242e-05,88,0,400,0.22,93227.855,1.0726407896009192e-05,340,0,400,0.85,AOTU.FB.27,4,AOTU.FB.27,2.292685,2.07816,0.001198,AOTU.FB.27,0.002839
720575940625816212,36792.4075,2.717952066605046e-05,113,0,400,0.2825,1687.33,0.0005926522968239,0,0,400,0.0,FB.874,4,FB.874,2.712879,4.318287,0.000706,FB.874,0.002239
720575940625817256,24754.2875,4.039704233054577e-05,53,0,400,0.1325,19144.28,5.223492343404923e-05,1,0,400,0.0025,FB.1244,3,FB.1244,2.901262,3.101126,0.001006,FB.1244,0.001126
720575940625819535,24508.7975,4.080167539839521e-05,65,0,400,0.1625,95101.5875,1.0515071580692594e-05,356,0,400,0.89,AOTU.BU.13,4,AOTU.BU.13,2.218356,1.799418,0.000987,AOTU.BU.13,0.001299
720575940625821017,26282.9175,3.804752649701084e-05,64,0,400,0.16,95581.9425,1.0462227214099566e-05,368,0,400,0.92,NO.118,4,NO.118,2.340947,1.951129,3e-06,NO.118,0.000816
720575940625824999,29751.3075,3.361196814627391e-05,72,0,400,0.18,98608.455,1.0141118223584376e-05,390,0,400,0.975,LAL.496,4,LAL.496,2.001233,2.136685,0.0,LAL.496,0.00039
720575940625848330,33156.5575,3.0159946490222935e-05,96,0,400,0.24,96018.35,1.0414675944754309e-05,364,0,400,0.91,AOTU.FB.21,4,AOTU.FB.21,2.150051,2.0592,0.000242,AOTU.FB.21,0.001717
720575940625850938,31103.1075,3.215112830767794e-05,72,0,400,0.18,567.855,0.00176101293464,0,0,400,0.0,FB.114,2,FB.114,3.323214,4.628495,0.00611,FB.114,0.012699
720575940625863336,43854.6725,2.2802587341177843e-05,137,0,400,0.3425,99981.7725,1.0001823082302328e-05,399,0,400,0.9975,FB.1346,4,FB.1346,2.733316,1.40102,0.0,FB.1346,0.000948
720575940625863690,36354.8375,2.7506655751108776e-05,119,0,400,0.2975,46497.0975,2.150671877959694e-05,70,0,400,0.175,FB.739,4,FB.739,2.767743,1.840143,0.000628,FB.739,0.002717
720575940625864581,20014.9,4.9962777730590704e-05,40,0,400,0.1,4290.3825,0.0002330794515407,0,0,400,0.0,FB.SMP.10,2,FB.SMP.10,1.99792,3.635781,0.0,FB.SMP.10,0.001416
720575940625875402,41170.01,2.4289525312235775e-05,120,0,400,0.3,3976.6625,0.0002514671536747,0,0,400,0.0,FB.357,1,FB.357,2.817121,3.16425,6.9e-05,FB.357,0.002983
720575940625880472,43388.29,2.3047693283141603e-05,122,0,400,0.305,1150.685,0.0008690475673185,0,0,400,0.0,FB.547,3,FB.547,3.020456,4.552345,0.006685,FB.547,0.004241
720575940625899751,19894.2125,5.026587506291088e-05,28,0,400,0.07,79930.0075,1.251094590476549e-05,256,0,400,0.64,FB.863,4,FB.863,3.446432,2.174911,9.7e-05,FB.863,0.002773
720575940625902823,29275.345,3.41584360491738e-05,85,0,400,0.2125,780.4425,0.0012813243768759,0,0,400,0.0,FB.268,2,FB.268,3.178599,4.369423,0.001691,FB.268,0.006319
720575940625905295,33590.58,2.977025106443533e-05,98,0,400,0.245,66851.92,1.4958433504976372e-05,158,0,400,0.395,FB.1077,4,FB.1077,2.956576,2.534411,0.000259,FB.1077,0.001634
720575940625925892,44797.9725,2.23224388112654e-05,137,0,400,0.3425,37756.515,2.648549528472106e-05,40,0,400,0.1,FB.1243,3,FB.1243,2.877811,3.349844,0.0,FB.1243,0.000525
720575940625925898,43885.2275,2.27867110863217e-05,139,0,400,0.3475,5055.6775,0.0001977974267543,0,0,400,0.0,FB.CRE.66,2,FB.CRE.66,2.13919,3.707723,0.0,FB.CRE.66,0.000762
720575940625932275,39363.185,2.540444834430954e-05,114,0,400,0.285,1298.355,0.0007702053752633,0,0,400,0.0,FB.MB_ML.11,3,FB.MB_ML.11,3.033955,4.285713,0.000108,FB.MB_ML.11,0.003294
720575940625938856,34456.195,2.9022357227778633e-05,98,0,400,0.245,10603.6925,9.43067709668118e-05,0,0,400,0.0,FB.738,1,FB.738,2.847513,3.020598,0.000907,FB.738,0.002518
720575940625951321,27932.83,3.580016775958612e-05,57,0,400,0.1425,93907.9475,1.0648725977106464e-05,350,0,400,0.875,NO.FB.52,4,NO.FB.52,2.670198,2.364054,3e-06,NO.FB.52,0.00175
720575940625952584,34152.0175,2.9280847024630388e-05,94,0,400,0.235,84811.77,1.1790816298256716e-05,272,0,400,0.68,FB.1170,4,FB.1170,3.041453,2.421412,1.6e-05,FB.1170,0.001299
720575940625962152,32701.0575,3.058005081334144e-05,97,0,400,0.2425,2620.33,0.0003816313212457,0,0,400,0.0,FB.46,4,FB.46,3.606014,3.853682,0.050013,FB.46,0.024548
720575940625968515,30537.3625,3.274677045209782e-05,72,0,400,0.18,685.6625,0.0014584434762,0,0,400,0.0,FB.526,0,FB.526,3.258084,4.629296,3.6e-05,FB.526,0.002178
720575940625968792,40139.555,2.4913081373223992e-05,117,0,400,0.2925,1125.9,0.0008881783462119,0,0,400,0.0,FB.463,3,FB.463,2.991435,4.636013,0.000647,FB.463,0.003326
720575940625969064,49993.8975,2.0002441297960416e-05,154,0,400,0.385,14474.6825,6.90861440311385e-05,0,0,400,0.0,FB.974,1,FB.974,2.94415,3.179134,0.0,FB.974,0.001591
720575940626012072,27891.4575,3.585327156173176e-05,81,0,400,0.2025,4036.66,0.0002477295585954,0,0,400,0.0,FB.477,2,FB.477,3.07432,2.815161,0.0,FB.477,0.001618
720575940626038403,36004.4075,2.777437734532918e-05,113,0,400,0.2825,93649.76,1.0678083958784303e-05,352,0,400,0.88,SLP.FB.14,4,SLP.FB.14,2.418544,1.557322,8e-06,SLP.FB.14,0.001788
720575940626048540,38596.7925,2.5908888672549665e-05,113,0,400,0.2825,96244.0525,1.0390252426247325e-05,371,0,400,0.9275,AOTU.FB.20,4,AOTU.FB.20,2.264903,1.933381,0.001169,AOTU.FB.20,0.001611
720575940626048711,37358.3975,2.67677434504518e-05,98,0,400,0.245,67608.145,1.479111725369776e-05,172,0,400,0.43,FB.1038,4,FB.1038,3.043827,2.683367,0.0,FB.1038,0.000941
720575940626063944,46774.5775,2.1379134851618915e-05,141,0,400,0.3525,14567.3125,6.86468420307452e-05,0,0,400,0.0,FB.721,1,FB.721,2.726803,2.991532,5e-05,FB.721,0.001831
720575940626090782,30748.255,3.252217077034127e-05,90,0,400,0.225,21839.0675,4.578950085666432e-05,2,0,400,0.005,FB.767,4,FB.767,3.399375,2.794029,0.000768,FB.767,0.002245
720575940626102790,30470.835,3.281826704125437e-05,71,0,400,0.1775,11846.215,8.441514863608334e-05,0,0,400,0.0,FB.902,1,FB.902,2.789462,3.024507,0.000407,FB.902,0.001827
720575940626111527,40626.7775,2.4614307644754745e-05,118,0,400,0.295,59343.4625,1.685105583449904e-05,132,0,400,0.33,FB.1364,3,FB.1364,2.234303,3.365911,0.0,FB.1364,0.000653
720575940626137895,34335.5975,2.912429294407939e-05,98,0,400,0.245,93845.88,1.0655768798800756e-05,351,0,400,0.8775,EB.33,3,EB.33,0.749553,0.344626,3e-06,EB.33,0.000869
720575940626138008,37194.5,2.6885695465727455e-05,104,0,400,0.26,2294.175,0.0004358865387339,0,0,400,0.0,FB.294,2,FB.294,3.127027,3.852898,0.0,FB.294,0.003546
720575940626140420,31123.86,3.212969085454054e-05,88,0,400,0.22,10203.75,9.800318510351588e-05,0,0,400,0.0,SMP.FB.2,2,SMP.FB.2,3.388888,3.600804,0.017619,SMP.FB.2,0.007876
720575940626158223,40799.3275,2.4510207919481027e-05,117,0,400,0.2925,4999.0075,0.000200039707882,0,0,400,0.0,FB.SMP.17,4,FB.SMP.17,2.199663,3.547938,0.0,FB.SMP.17,0.001006
720575940626166012,31424.7925,3.182200805303647e-05,85,0,400,0.2125,16918.1075,5.9108266098912074e-05,0,0,400,0.0,FB.1322,3,FB.1322,2.901081,2.968404,0.0,FB.1322,0.000459
720575940626180358,32212.89,3.1043473590851364e-05,97,0,400,0.2425,4448.5475,0.0002247924743975,0,0,400,0.0,FB.610,0,FB.610,3.25549,4.049737,1.2e-05,FB.610,0.002048
720575940626196732,23629.4625,4.232004854109567e-05,59,0,400,0.1475,1099.2625,0.0009097008221421,0,0,400,0.0,FB.202,3,FB.202,3.130102,3.837894,0.0,FB.202,0.002601
720575940626205702,33693.84,2.967901551144067e-05,97,0,400,0.2425,33721.01,2.96551022641374e-05,27,0,400,0.0675,FB.1098,4,FB.1098,3.105976,2.968075,0.0,FB.1098,0.001141
720575940626216177,34615.37,2.8888901086424903e-05,102,0,400,0.255,15129.7925,6.609475972654615e-05,1,0,400,0.0025,FB.1345,3,FB.1345,2.813754,3.21963,0.0,FB.1345,0.000581
720575940626302982,25096.2525,3.984658665671299e-05,66,0,400,0.165,30828.0625,3.2437977573193254e-05,19,0,400,0.0475,FB.987,4,FB.987,3.175893,3.417196,0.0,FB.987,0.001028
720575940626304936,32980.165,3.032125521506639e-05,69,0,400,0.1725,9945.695,0.0001005460151351,0,0,400,0.0,FB.687,1,FB.687,3.170439,3.24498,0.000193,FB.687,0.002264
720575940626314061,33047.6275,3.025935825499122e-05,97,0,400,0.2425,4674.24,0.0002139385226261,0,0,400,0.0,FB.609,1,FB.609,2.753382,3.060221,3.8e-05,FB.609,0.002127
720575940626315207,28901.2975,3.4600522692796056e-05,86,0,400,0.215,3552.965,0.0002814550664022,0,0,400,0.0,PB.17,3,PB.17,3.172041,3.863761,0.000986,PB.17,0.001115
720575940626316606,31119.5925,3.2134096871609104e-05,69,0,400,0.1725,1076.8375,0.0009286452227007,0,0,400,0.0,FB.194,3,FB.194,3.196,3.611255,1.5e-05,FB.194,0.003471
720575940626327046,23970.8175,4.1717392408498376e-05,57,0,400,0.1425,95547.2875,1.0466021863781325e-05,368,0,400,0.92,FB.SMP.112,4,FB.SMP.112,2.586259,2.053381,0.0,FB.SMP.112,0.000282
720575940626343305,28699.625,3.4843660849227126e-05,83,0,400,0.2075,931.325,0.0010737390277293,0,0,400,0.0,FB.105,4,FB.105,3.486683,3.961514,0.00816,FB.105,0.012347
720575940626347848,47697.9925,2.0965242929249067e-05,126,0,400,0.315,14787.1,6.762651229788126e-05,0,0,400,0.0,FB.825,1,FB.825,2.684435,2.754432,2e-06,FB.825,0.000993
720575940626351256,19549.0725,5.115332197985352e-05,49,0,400,0.1225,9722.535,0.0001028538339023,0,0,400,0.0,FB.CRE.16,1,FB.CRE.16,2.665238,3.195831,1e-06,FB.CRE.16,0.001283
720575940626355081,20685.7075,4.834255729469248e-05,41,0,400,0.1025,20122.525,4.969555262075708e-05,2,0,400,0.005,FB.901,3,FB.901,2.898839,3.244223,0.0,FB.901,0.001226
720575940626356648,25660.5225,3.89703678091512e-05,54,0,400,0.135,1649.3075,0.0006063150746601,0,0,400,0.0,FB.917,4,FB.917,2.918918,4.4917,0.000146,FB.917,0.002657
720575940626363654,32541.48,3.073000982131114e-05,110,0,400,0.275,72662.8825,1.3762184565138878e-05,207,0,400,0.5175,EB.158,4,EB.158,0.766185,2.261006,1e-06,EB.158,0.00036
720575940626371898,33601.18,2.9760859588859676e-05,71,0,400,0.1775,1455.5625,0.0006870196229979,0,0,400,0.0,FB.842,2,FB.842,3.299824,4.481219,0.00016,FB.842,0.002485
720575940626375305,48481.0775,2.0626604266375888e-05,148,0,400,0.37,537.48,0.001860534345464,0,0,400,0.0,FB.468,2,FB.468,3.074899,4.484654,0.0,FB.468,0.002287
720575940626382973,27130.265,3.6859205024351955e-05,73,0,400,0.1825,38028.1125,2.629633537557248e-05,34,0,400,0.085,FB.1321,3,FB.1321,2.614786,3.057404,0.0,FB.1321,0.000457
720575940626397127,27724.1925,3.6069580746129934e-05,75,0,400,0.1875,97241.425,1.0283683111390028e-05,377,0,400,0.9425,FB.1131,4,FB.1131,2.936969,1.909717,0.0,FB.1131,0.00177
720575940626408177,39330.7725,2.5425384156896487e-05,124,0,400,0.31,17071.9375,5.857565961684197e-05,1,0,400,0.0025,FB.441,2,FB.441,3.187056,3.102782,2e-06,FB.441,0.002306
720575940626429383,33644.9875,2.972210942268889e-05,82,0,400,0.205,4190.58,0.0002386304521092,0,0,400,0.0,FB.624,0,FB.624,3.423895,3.624752,1e-06,FB.624,0.002271
720575940626449082,33880.105,2.9515847132114847e-05,90,0,400,0.225,100000.0,1e-05,400,0,400,1.0,GA.PB.2,1,GA.PB.2,1.633397,0.160802,0.0,GA.PB.2,0.000238
720575940626456083,24444.445,4.0909089979338864e-05,53,0,400,0.1325,13388.6775,7.468997591435001e-05,0,0,400,0.0,EB.151,5,EB.151,0.435121,0.785883,0.0,EB.151,0.000634
720575940626469898,44230.4525,2.2608857551253855e-05,133,0,400,0.3325,653.23,0.0015308543698237,0,0,400,0.0,FB.436,0,FB.436,3.073764,4.697992,0.001038,FB.436,0.002927
720575940626471957,32632.6675,3.064413903644255e-05,83,0,400,0.2075,3828.9175,0.0002611704221885,0,0,400,0.0,FB.LAL.38,1,FB.LAL.38,0.750742,3.261894,0.003534,FB.LAL.38,0.002236
720575940626479674,45092.2375,2.2176766012110177e-05,139,0,400,0.3475,88339.12,1.1320013149327274e-05,302,0,400,0.755,FB.1047,4,FB.1047,3.419497,2.186632,0.0,FB.1047,0.002021
720575940626485514,37584.19,2.6606932329790796e-05,100,0,400,0.25,17681.8625,5.655512817159392e-05,4,0,400,0.01,SMP.FB.16,2,SMP.FB.16,3.42035,3.589554,0.000269,SMP.FB.16,0.004998
720575940626500233,26513.765,3.7716257951294354e-05,59,0,400,0.1475,3944.9625,0.0002534878341682,0,0,400,0.0,FB.986,2,FB.986,2.265955,3.824194,0.0,FB.986,0.001281
720575940626510666,33720.2475,2.965577284093185e-05,103,0,400,0.2575,15218.285,6.57104266348015e-05,0,0,400,0.0,FB.602,1,FB.602,2.914544,2.887086,0.000954,FB.602,0.002132
720575940626526986,37043.59,2.699522373506456e-05,109,0,400,0.2725,97604.5375,1.0245425321543068e-05,375,0,400,0.9375,SLP.FB.13,4,SLP.FB.13,3.009104,1.809079,0.0,SLP.FB.13,0.001282
720575940626533714,46295.925,2.160017323338933e-05,145,0,400,0.3625,1338.3825,0.0007471705584913,0,0,400,0.0,FB.669,2,FB.669,2.902974,4.399489,0.00036,FB.669,0.002289
720575940626534986,33979.2175,2.942975364279651e-05,98,0,400,0.245,94547.9575,1.0576643075552424e-05,360,0,400,0.9,NO.105,4,NO.105,2.257552,2.224164,0.0,NO.105,0.001054
720575940626541075,41388.245,2.4161449706311535e-05,127,0,400,0.3175,61726.1775,1.620058199780798e-05,143,0,400,0.3575,FB.1281,4,FB.1281,2.591355,2.703392,0.0,FB.1281,0.000766
720575940626561448,22083.705,4.528225675899945e-05,45,0,400,0.1125,98545.735,1.0147572596622269e-05,387,0,400,0.9675,SMP.FB.44,4,SMP.FB.44,2.700103,1.8262,0.0,SMP.FB.44,0.000425
720575940626579185,43285.26,2.310255269345731e-05,122,0,400,0.305,94700.8525,1.0559567032408712e-05,361,0,400,0.9025,NO.155,0,NO.155,2.193975,1.326546,0.0,NO.155,0.000167
720575940626605211,23918.94,4.180787275690311e-05,56,0,400,0.14,28326.99,3.5302021146616706e-05,20,0,400,0.05,FB.1028,4,FB.1028,3.146732,2.988193,0.0,FB.1028,0.000894
720575940626609128,32258.0575,3.100000674250147e-05,93,0,400,0.2325,5638.8825,0.000177340102405,0,0,400,0.0,FB.766,0,FB.766,3.104751,3.658709,2e-06,FB.766,0.001359
720575940626612254,35285.5625,2.834020288042737e-05,72,0,400,0.18,1281.6175,0.0007802640023251,0,0,400,0.0,FB.86,4,FB.86,3.452546,4.210439,0.000321,FB.86,0.00651
720575940626646790,44452.77,2.249578597689188e-05,120,0,400,0.3,38611.48,2.5899033137294917e-05,36,0,400,0.09,FB.1027,1,FB.1027,3.065809,2.50072,1e-06,FB.1027,0.000791
720575940626658577,26048.46,3.838998543483952e-05,68,0,400,0.17,1063.29,0.0009404771981303,0,0,400,0.0,FB.497,2,FB.497,2.774338,4.000999,3e-06,FB.497,0.001613
720575940626660358,41443.655,2.4129145945259894e-05,114,0,400,0.285,7408.215,0.0001349852832294,0,0,400,0.0,FB.525,1,FB.525,3.029357,3.293067,0.001077,FB.525,0.002979
720575940626666345,31762.2025,3.148396273841526e-05,97,0,400,0.2425,1138.15,0.0008786188112287,0,0,400,0.0,FB.412,3,FB.412,2.847512,4.38441,6e-06,FB.412,0.003507
720575940626666857,33302.3175,3.0027940247701985e-05,106,0,400,0.265,53166.2525,1.880892395039503e-05,82,0,400,0.205,FB.1200,4,FB.1200,3.168083,3.205678,0.0,FB.1200,0.000971
720575940626682384,23907.0625,4.182864373236988e-05,50,0,400,0.125,13138.36,7.611300040492115e-05,0,0,400,0.0,FB.1026,1,FB.1026,2.680327,2.542259,0.0,FB.1026,0.000609
720575940626692039,45105.8125,2.2170091714898164e-05,144,0,400,0.36,69089.2075,1.4474040681390073e-05,196,0,400,0.49,NO.41,3,NO.41,4.053846,2.216518,0.0,NO.41,0.000636
720575940626721835,26861.5625,3.7227916283723254e-05,73,0,400,0.1825,96025.395,1.041391186154454e-05,364,0,400,0.91,EB.61,3,EB.61,1.234455,0.806522,0.0,EB.61,0.0
720575940626753935,40913.9775,2.4441524904294623e-05,128,0,400,0.32,12188.1825,8.204668743678559e-05,0,0,400,0.0,SMP.FB.14,2,SMP.FB.14,3.065679,3.195035,0.0,SMP.FB.14,0.003157
720575940626778217,47528.4125,2.1040046309141927e-05,161,0,400,0.4025,1679.25,0.0005955039452136,0,0,400,0.0,FB.790,2,FB.790,2.34295,4.403229,0.0,FB.790,0.00163
720575940626780422,32784.95,3.0501800368766768e-05,84,0,400,0.21,80572.3225,1.2411209817118033e-05,253,0,400,0.6325,AOTU.FB.26,4,AOTU.FB.26,2.110317,2.520737,0.000987,AOTU.FB.26,0.001633
720575940626781522,32685.935,3.059419900333278e-05,86,0,400,0.215,99089.76,1.009186014780942e-05,392,0,400,0.98,NO.FB.9,1,NO.FB.9,3.020143,1.203125,0.001319,NO.FB.9,0.001561
720575940626793871,46755.725,2.138775518933778e-05,142,0,400,0.355,709.925,0.0014085994999471,0,0,400,0.0,FB.453,0,FB.453,3.039764,4.621575,0.000205,FB.453,0.002903
720575940626798480,38115.02,2.6236376105797664e-05,105,0,400,0.2625,724.245,0.0013807482274644,0,0,400,0.0,FB.388,2,FB.388,2.959377,4.528024,0.000876,FB.388,0.003837
720575940626800400,29409.69,3.400239852919225e-05,86,0,400,0.215,68182.6725,1.4666482895635984e-05,193,0,400,0.4825,FB.1319,4,FB.1319,2.757679,2.869292,0.0,FB.1319,0.0007
720575940626812777,27391.6325,3.650749914230194e-05,78,0,400,0.195,5731.5925,0.0001744715801062,0,0,400,0.0,FB.139,3,FB.139,4.160232,3.960285,0.042674,FB.139,0.014039
720575940626814666,37965.6425,2.6339604288271955e-05,102,0,400,0.255,823.1175,0.0012148933779199,0,0,400,0.0,FB.487,0,FB.487,3.229716,4.629628,0.000204,FB.487,0.002097
720575940626819088,18547.93,5.3914372115918055e-05,30,0,400,0.075,18031.2075,5.5459402815923445e-05,3,0,400,0.0075,FB.805,1,FB.805,2.845836,2.892662,0.000125,FB.805,0.001684
720575940626827024,20557.8525,4.864321309825528e-05,47,0,400,0.1175,9191.475,0.0001087964662907,0,0,400,0.0,EB.290,4,EB.290,0.768101,3.377077,0.0,EB.290,0.000946
720575940626849301,30059.24,3.326764083190393e-05,71,0,400,0.1775,3303.4225,0.0003027163494829,0,0,400,0.0,FB.99,4,FB.99,3.534458,3.544694,0.012317,FB.99,0.019253
720575940626858831,24227.395,4.127558905940981e-05,51,0,400,0.1275,9980.0475,0.0001001999238981,0,0,400,0.0,FB.1169,3,FB.1169,2.716325,3.079911,0.0,FB.1169,0.000751
720575940626859599,36487.42,2.740670620175392e-05,100,0,400,0.25,9887.0775,0.0001011421221286,0,0,400,0.0,FB.1242,3,FB.1242,2.951237,3.068199,0.000985,FB.1242,0.001337
720575940626894588,47949.125,2.085543792509248e-05,140,0,400,0.35,97477.065,1.0258823447341176e-05,375,0,400,0.9375,NO.45,2,NO.45,2.403095,2.297046,0.0,NO.45,0.001154
720575940626898504,36890.6975,2.7107104711153807e-05,112,0,400,0.28,6339.3775,0.000157744194915,0,0,400,0.0,FB.869,2,FB.869,3.003546,3.768998,3e-06,FB.869,0.001114
720575940626923029,52618.5475,1.9004705517574388e-05,176,0,400,0.44,74641.9175,1.339729783871107e-05,217,0,400,0.5425,FB.1076,4,FB.1076,3.004235,2.621777,0.0,FB.1076,0.001898
720575940626972090,40324.9075,2.47985689737788e-05,123,0,400,0.3075,5839.47,0.0001712484180927,0,0,400,0.0,FB.238,3,FB.238,3.314658,3.485553,8.5e-05,FB.238,0.004644
720575940626973821,20633.9275,4.846387097172848e-05,58,0,400,0.145,515.44,0.0019400900201769,0,0,400,0.0,FB.507,0,FB.507,3.08342,3.82269,9e-06,FB.507,0.002132
720575940627033875,25924.5025,3.8573546396888426e-05,65,0,400,0.1625,626.0175,0.0015973994337219,0,0,400,0.0,FB.375,2,FB.375,3.223398,4.667182,0.010532,FB.375,0.006686
720575940627038792,38526.39,2.5956234155341313e-05,99,0,400,0.2475,1699.1125,0.0005885425479478,0,0,400,0.0,FB.234,3,FB.234,3.298953,3.371232,3.7e-05,FB.234,0.002806
720575940627046479,32460.585,3.080659205618137e-05,79,0,400,0.1975,74165.8225,1.348329953463403e-05,205,0,400,0.5125,FB.1199,4,FB.1199,3.068019,2.792107,0.0,FB.1199,0.00123
720575940627048976,24165.9575,4.138052464918884e-05,74,0,400,0.185,20322.8725,4.9205642558649125e-05,3,0,400,0.0075,FB.1097,3,FB.1097,3.075096,2.950335,0.0,FB.1097,0.000628
720575940627054988,24197.585,4.132643815488199e-05,61,0,400,0.1525,10139.835,9.862093416707472e-05,0,0,400,0.0,FB.868,2,FB.868,3.096013,3.537089,1.3e-05,FB.868,0.001571
720575940627082500,37441.4025,2.6708401214404296e-05,103,0,400,0.2575,586.095,0.001706208037946,0,0,400,0.0,FB.147,0,FB.147,3.156193,4.14993,0.002309,FB.147,0.004865
720575940627097862,32804.0275,3.0484061751259052e-05,81,0,400,0.2025,54149.88,1.846726160796663e-05,96,0,400,0.24,CRE.FB.40,0,CRE.FB.40,3.212346,2.387815,0.0,CRE.FB.40,0.001012
720575940627104259,46661.4575,2.1430963659889966e-05,135,0,400,0.3375,5604.5125,0.000178427650933,0,0,400,0.0,FB.704,1,FB.704,2.555177,3.357702,2e-06,FB.704,0.001384
720575940627109116,37756.355,2.6485607522230363e-05,119,0,400,0.2975,561.405,0.0017812452685672,0,0,400,0.0,FB.319,0,FB.319,3.457601,3.478497,5.2e-05,FB.319,0.001672
720575940627126787,28667.84,3.4882293189860135e-05,60,0,400,0.15,2508.98,0.0003985683425136,0,0,400,0.0,FB.973,0,FB.973,2.608221,4.014077,0.0,FB.973,0.001591
720575940627145627,22782.055,4.389419655075014e-05,60,0,400,0.15,13447.3175,7.436427376686838e-05,0,0,400,0.0,FB.1280,3,FB.1280,3.049742,3.120098,0.0,FB.1280,0.000556
720575940627159498,39022.2125,2.562643007492207e-05,122,0,400,0.305,59348.9075,1.6849509824591128e-05,123,0,400,0.3075,FB.282,4,FB.282,2.589176,2.920075,0.001766,FB.282,0.014907
720575940627161700,38392.0825,2.6047037172312808e-05,106,0,400,0.265,11065.265,9.037289210877462e-05,0,0,400,0.0,EB.239,4,EB.239,1.585218,3.784441,0.00138,EB.239,0.000826
720575940627162344,29315.405,3.4111757964797005e-05,89,0,400,0.2225,387.4025,0.0025812946483308,0,0,400,0.0,FB.216,0,FB.216,3.096477,4.844037,0.002235,FB.216,0.006381
720575940627174928,35226.3,2.838788064599461e-05,110,0,400,0.275,65440.6975,1.528101071966722e-05,158,0,400,0.395,FB.1198,4,FB.1198,2.698025,2.258134,1e-06,FB.1198,0.001188
720575940627194267,33269.5825,3.005748569282467e-05,93,0,400,0.2325,2373.66,0.0004212903280166,0,0,400,0.0,FB.304,2,FB.304,3.070906,3.287015,0.0,FB.304,0.003457
720575940627212806,27157.965,3.682161016114425e-05,76,0,400,0.19,87081.6625,1.1483473917370376e-05,305,0,400,0.7625,SMP.FB.28,0,SMP.FB.28,2.714388,2.064678,0.0,SMP.FB.28,0.001388
720575940627227654,32181.705,3.107355561179869e-05,82,0,400,0.205,17295.145,5.78196944865163e-05,1,0,400,0.0025,SMP.FB.7,2,SMP.FB.7,3.323316,3.55271,1.6e-05,SMP.FB.7,0.003226
720575940627228328,21733.3625,4.601220818913778e-05,49,0,400,0.1225,1555.51,0.0006428759699391,0,0,400,0.0,FB.789,2,FB.789,3.285449,4.251759,0.001551,FB.789,0.002513
720575940627241402,50393.21,1.984394326140367e-05,165,0,400,0.4125,9974.21,0.0001002585668438,0,0,400,0.0,FB.252,4,FB.252,3.279045,3.682111,0.000102,FB.252,0.004424
720575940627243267,46162.6175,2.1662549789339828e-05,149,0,400,0.3725,85221.93,1.1734068918645706e-05,274,0,400,0.685,AOTU.FB.42,4,AOTU.FB.42,2.267277,2.277785,0.001971,AOTU.FB.42,0.000823
720575940627264062,40329.985,2.479544686168368e-05,130,0,400,0.325,350.145,0.0028559596738494,0,0,400,0.0,SMP.FB.1,2,SMP.FB.1,3.36119,4.413703,0.018728,SMP.FB.1,0.021947
720575940627269562,32379.5825,3.0883659478932444e-05,79,0,400,0.1975,1316.1725,0.000759778828383,0,0,400,0.0,FB.906,0,FB.906,3.005223,3.274756,2.4e-05,FB.906,0.001238
720575940627296396,30258.3225,3.304875873406399e-05,76,0,400,0.19,14042.72,7.121127530848725e-05,1,0,400,0.0025,FB.1344,3,FB.1344,2.998505,3.148343,0.0,FB.1344,0.000357
720575940627299227,17464.21,5.7259961945029296e-05,39,0,400,0.0975,8905.6725,0.0001122879827435,0,0,400,0.0,EB.251,4,EB.251,0.522666,3.441066,5e-06,EB.251,0.001099
720575940627299483,36002.6925,2.7775700386853017e-05,100,0,400,0.25,6073.9775,0.0001646367639656,0,0,400,0.0,EB.337,4,EB.337,0.707456,3.607169,0.0009,EB.337,0.001317
720575940627306124,25824.745,3.8722550793821976e-05,67,0,400,0.1675,64255.6525,1.5562833168646137e-05,155,0,400,0.3875,FB.1197,4,FB.1197,2.876985,2.784736,0.0,FB.1197,0.001092
720575940627342211,28317.4875,3.531386744675e-05,75,0,400,0.1875,39818.2575,2.5114107517135827e-05,47,0,400,0.1175,FB.864,4,FB.864,3.39267,2.683871,0.000381,FB.864,0.002519
720575940627357969,31089.71,3.216498320505402e-05,79,0,400,0.1975,1203.61,0.0008308339079934,0,0,400,0.0,FB.191,3,FB.191,3.384207,3.588716,0.001691,FB.191,0.003072
720575940627377346,32356.295,3.090588709244986e-05,89,0,400,0.2225,38288.8625,2.611725537680833e-05,37,0,400,0.0925,FB.1152,3,FB.1152,2.778089,3.164486,0.0,FB.1152,0.000361
720575940627385031,42375.875,2.359833277778925e-05,135,0,400,0.3375,68939.525,1.4505466929167268e-05,195,0,400,0.4875,NO.FB.19,3,NO.FB.19,4.055865,3.346382,0.000145,NO.FB.19,0.001765
720575940627399783,25364.7125,3.942485056749608e-05,77,0,400,0.1925,11891.1825,8.409592569956771e-05,0,0,400,0.0,FB.1318,3,FB.1318,2.538875,3.149395,0.0,FB.1318,0.000808
720575940627400776,34325.565,2.9132805242972692e-05,86,0,400,0.215,230.585,0.0043367955417741,0,0,400,0.0,FB.128,3,FB.128,3.253424,4.786381,0.008199,FB.128,0.008654
720575940627418750,26028.2425,3.841980494841325e-05,65,0,400,0.1625,100000.0,1e-05,400,0,400,1.0,NO.17,1,NO.17,2.764569,0.549401,3e-06,NO.17,0.000925
720575940627424199,37526.7175,2.664768108215167e-05,115,0,400,0.2875,80886.935,1.236293599207338e-05,259,0,400,0.6475,FB.596,0,FB.596,2.960156,2.902484,1e-06,FB.596,0.00157
720575940627425276,30530.69,3.2753927277765426e-05,95,0,400,0.2375,43960.055,2.27479242234797e-05,56,0,400,0.14,CRE.FB.29,0,CRE.FB.29,2.997098,2.763908,1.1e-05,CRE.FB.29,0.001497
720575940627426069,40517.8875,2.4680457489300252e-05,119,0,400,0.2975,15263.465,6.551592315375309e-05,1,0,400,0.0025,FB.737,1,FB.737,3.019926,3.011422,0.00168,FB.737,0.001819
720575940627426919,36114.615,2.768962094708749e-05,112,0,400,0.28,1617.61,0.0006181959804897,0,0,400,0.0,FB.840,2,FB.840,2.418126,4.214439,0.0,FB.840,0.001955
720575940627433288,30060.215,3.326656179937502e-05,85,0,400,0.2125,98704.31,1.013126985032366e-05,389,0,400,0.9725,LAL.FB.6,3,LAL.FB.6,3.025189,1.882266,0.0,LAL.FB.6,0.001594
720575940627446090,16968.2575,5.893357052131016e-05,38,0,400,0.095,12966.1875,7.71236726292906e-05,0,0,400,0.0,CRE.FB.15,3,CRE.FB.15,3.200283,2.673457,6.1e-05,CRE.FB.15,0.00231
720575940627460337,39816.195,2.511540844121343e-05,107,0,400,0.2675,4066.7,0.0002458996237735,0,0,400,0.0,FB.653,0,FB.653,3.216805,4.147776,0.000981,FB.653,0.00248
720575940627526376,29130.76,3.4327974965294416e-05,63,0,400,0.1575,89713.4275,1.1146603444618142e-05,316,0,400,0.79,FB.1415,3,FB.1415,2.605671,2.273551,0.0,FB.1415,0.000109
720575940627543171,19346.465,5.168902949453556e-05,26,0,400,0.065,24223.4,4.128239636054394e-05,7,0,400,0.0175,FB.958,1,FB.958,2.831077,2.673418,4e-05,FB.958,0.000816
720575940627557909,34036.16,2.9380517661216772e-05,104,0,400,0.26,815.635,0.0012260386079557,0,0,400,0.0,FB.334,0,FB.334,3.209079,3.254448,0.0,FB.334,0.002137
720575940627569658,26360.85,3.793504382445938e-05,54,0,400,0.135,1609.3725,0.0006213601885206,0,0,400,0.0,FB.703,4,FB.703,2.804315,4.481942,0.007815,FB.703,0.003016
720575940627602814,31185.6475,3.2066032940313327e-05,76,0,400,0.19,46899.9275,2.1321994580908467e-05,67,0,400,0.1675,FB.SMP.83,4,FB.SMP.83,2.162047,2.943389,0.0,FB.SMP.83,0.000126
720575940627617866,29953.1075,3.338551767959301e-05,82,0,400,0.205,1486.4425,0.0006727471799279,0,0,400,0.0,FB.1037,2,FB.1037,2.738823,4.450642,0.0,FB.1037,0.001481
720575940627618801,30456.9575,3.283322045545751e-05,87,0,400,0.2175,23499.36,4.255435041635176e-05,3,0,400,0.0075,FB.985,1,FB.985,2.778332,2.867585,1.2e-05,FB.985,0.001271
720575940627640475,42083.975,2.376201392572826e-05,132,0,400,0.33,96566.425,1.0355566129739193e-05,375,0,400,0.9375,AOTU.FB.30,4,AOTU.FB.30,2.015713,1.543458,0.000215,AOTU.FB.30,0.000217
720575940627653114,40351.555,2.478219240869404e-05,113,0,400,0.2825,18462.5475,5.416370628159521e-05,1,0,400,0.0025,EB.80,4,EB.80,2.228738,0.361826,0.001164,EB.80,0.002271
720575940627653502,23476.3725,4.259601861403417e-05,56,0,400,0.14,17309.1,5.777307890069386e-05,0,0,400,0.0,CRE.FB.35,3,CRE.FB.35,3.779111,3.033438,0.0,CRE.FB.35,0.001232
720575940627666793,31954.4025,3.1294592349207596e-05,90,0,400,0.225,35205.2175,2.840488061180136e-05,30,0,400,0.075,FB.1279,3,FB.1279,2.788544,3.51986,0.0,FB.1279,0.000438
720575940627669886,30527.7675,3.2757062893642644e-05,75,0,400,0.1875,26162.9375,3.8222007754289826e-05,8,0,400,0.02,FB.972,4,FB.972,3.147041,3.344843,0.0,FB.972,0.001135
720575940627675121,40219.725,2.486342211439785e-05,122,0,400,0.305,862.3925,0.0011595648153248,0,0,400,0.0,FB.102,4,FB.102,3.509834,4.359414,0.019455,FB.102,0.015031
720575940627712335,38558.76,2.5934443949961045e-05,110,0,400,0.275,76278.94,1.310977840017179e-05,231,0,400,0.5775,FB.1130,4,FB.1130,2.933053,2.144211,0.0,FB.1130,0.001269
720575940627723338,34807.8425,2.8729157804020748e-05,99,0,400,0.2475,2393.4175,0.0004178126047795,0,0,400,0.0,FB.476,2,FB.476,3.114542,3.368781,0.0,FB.476,0.00296
720575940627730206,37036.11,2.7000675826915947e-05,113,0,400,0.2825,1040.5425,0.0009610371512936,0,0,400,0.0,FB.488,3,FB.488,3.130302,4.806042,0.002999,FB.488,0.003711
720575940627740922,38239.6875,2.6150841321598145e-05,126,0,400,0.315,434.5825,0.0023010590624334,0,0,400,0.0,FB.245,0,FB.245,3.065543,4.809781,0.001255,FB.245,0.00433
720575940627768698,30574.8075,3.270666544670805e-05,98,0,400,0.245,2495.4,0.0004007373567363,0,0,400,0.0,FB.133,2,FB.133,3.32013,3.711218,0.002621,FB.133,0.007713
720575940627777527,39747.1725,2.5159022317876823e-05,121,0,400,0.3025,49600.9225,2.0160915353943264e-05,83,0,400,0.2075,FB.623,4,FB.623,3.35016,2.814088,0.0,FB.623,0.002684
720575940627778137,33858.91,2.953432346168261e-05,107,0,400,0.2675,89383.3175,1.118777002207375e-05,305,0,400,0.7625,AOTU.FB.14,4,AOTU.FB.14,2.320067,2.183204,0.0,AOTU.FB.14,0.000486
720575940627779560,29151.4875,3.4303566842000774e-05,87,0,400,0.2175,1647.3,0.0006070539670976,0,0,400,0.0,CRE.FB.8,3,CRE.FB.8,2.965218,3.305899,0.0,CRE.FB.8,0.001749
720575940627782014,22870.3075,4.372481655526494e-05,55,0,400,0.1375,816.31,0.0012250248067523,0,0,400,0.0,FB.132,2,FB.132,3.140106,4.658011,0.005324,FB.132,0.010734
720575940627786270,43007.545,2.3251734085263413e-05,128,0,400,0.32,394.09,0.0025374914359664,0,0,400,0.0,FB.163,0,FB.163,2.84416,4.770524,0.010565,FB.163,0.007446
720575940627798266,19687.2375,5.079432805135815e-05,40,0,400,0.1,14319.8325,6.983321906872863e-05,0,0,400,0.0,FB.CRE.89,1,FB.CRE.89,0.777975,2.564592,0.0,FB.CRE.89,0.000306
720575940627798654,17246.49,5.798281273464919e-05,46,0,400,0.115,12724.7,7.858731443570379e-05,0,0,400,0.0,FB.804,1,FB.804,3.208623,2.675097,0.000144,FB.804,0.002204
720575940627799808,45536.6475,2.1960334256051677e-05,128,0,400,0.32,21691.015,4.610203810195143e-05,6,0,400,0.015,FB.1278,3,FB.1278,2.970868,3.74982,0.0,FB.1278,0.000992
720575940627807994,37030.7925,2.7004553035153108e-05,96,0,400,0.24,821.2075,0.0012177190295997,0,0,400,0.0,FB.112,2,FB.112,2.998826,4.034988,0.0014,FB.112,0.006714
720575940627826448,44973.155,2.22354869254781e-05,139,0,400,0.3475,30704.905,3.256808643439868e-05,18,0,400,0.045,FB.1241,3,FB.1241,2.926929,3.471276,0.0,FB.1241,0.000559
720575940627831657,35098.4875,2.8491256211539027e-05,102,0,400,0.255,9953.505,0.0001004671218831,0,0,400,0.0,FB.720,1,FB.720,2.723623,3.135302,4e-06,FB.720,0.002065
720575940627851458,30765.575,3.2503861865087846e-05,79,0,400,0.1975,28776.3725,3.475073169837512e-05,19,0,400,0.0475,FB.1196,3,FB.1196,2.849804,3.612105,0.0,FB.1196,0.001052
720575940627852226,30836.795,3.242879164323011e-05,95,0,400,0.2375,14198.61,7.04294293596345e-05,1,0,400,0.0025,FB.1240,3,FB.1240,2.827727,3.08791,0.0,FB.1240,0.000467
720575940627877114,48899.9125,2.044993434292955e-05,148,0,400,0.37,84369.19,1.1852668017791803e-05,283,0,400,0.7075,EB.179,4,EB.179,0.597462,2.432837,0.0,EB.179,1.9e-05
720575940627890072,19003.755,5.262117934060926e-05,34,0,400,0.085,6758.93,0.000147952412586,0,0,400,0.0,EB.115,5,EB.115,0.55825,1.289348,1e-06,EB.115,0.000864
720575940627899900,37792.49,2.646028351135371e-05,103,0,400,0.2575,2754.645,0.0003630231844756,0,0,400,0.0,FB.158,3,FB.158,4.26253,4.055064,0.066527,FB.158,0.021887
720575940627900871,39751.8975,2.5156031859862792e-05,125,0,400,0.3125,96198.26,1.0395198416270731e-05,374,0,400,0.935,CRE.FB.21,3,CRE.FB.21,3.031064,2.018484,0.0,CRE.FB.21,0.001729
720575940627901687,26687.2375,3.7471094563459406e-05,62,0,400,0.155,1051.0825,0.0009514001041783,0,0,400,0.0,FB.788,2,FB.788,2.896253,4.673178,0.001187,FB.788,0.002037
720575940627916410,28490.275,3.5099696299877766e-05,76,0,400,0.19,5239.21,0.0001908684706282,0,0,400,0.0,FB.934,0,FB.934,3.04749,3.555976,0.0,FB.934,0.001058
720575940627929722,30383.3525,3.291276036770465e-05,83,0,400,0.2075,5351.775,0.0001868538942687,0,0,400,0.0,FB.754,1,FB.754,2.978497,3.809912,2.7e-05,FB.754,0.001948
720575940627934449,52335.475,1.910749830779218e-05,175,0,400,0.4375,96845.2725,1.0325749251208933e-05,376,0,400,0.94,PB.81,3,PB.81,3.442842,2.241107,0.0,PB.81,0.000119
720575940627935610,35961.335,2.7807643959825185e-05,102,0,400,0.255,974.6425,0.0010260172319594,0,0,400,0.0,FB.430,3,FB.430,3.012051,4.745364,0.00279,FB.430,0.004276
720575940627943966,40226.4175,2.48592855677491e-05,104,0,400,0.26,748.745,0.0013355681840947,0,0,400,0.0,FB.327,0,FB.327,2.774183,4.287887,8.1e-05,FB.327,0.003142
720575940627958046,32664.3175,3.0614446482771296e-05,93,0,400,0.2325,55809.4675,1.7918106815837297e-05,106,0,400,0.265,EB.219,4,EB.219,0.622924,2.725408,0.0,EB.219,0.000288
720575940627965187,36578.1275,2.733874225792449e-05,95,0,400,0.2375,18514.72,5.40110787524737e-05,1,0,400,0.0025,FB.311,0,FB.311,3.086358,2.529385,0.001171,FB.311,0.003512
720575940628003739,21207.7775,4.715251279866549e-05,45,0,400,0.1125,192.03,0.0052075196583867,0,0,400,0.0,FB.38,3,FB.38,3.332518,4.676689,0.017197,FB.38,0.014126
720575940628014441,26527.1825,3.769718099538087e-05,66,0,400,0.165,14461.355,6.914981341651594e-05,0,0,400,0.0,SLP.FB.1,4,SLP.FB.1,3.565422,3.582762,0.004861,SLP.FB.1,0.003097
720575940628029378,33250.4575,3.0074774159122475e-05,94,0,400,0.235,778.2825,0.0012848804900534,0,0,400,0.0,FB.127,2,FB.127,3.149732,4.595152,0.004289,FB.127,0.01087
720575940628029634,34593.1775,2.8907434132062604e-05,93,0,400,0.2325,72131.0425,1.386365655258622e-05,198,0,400,0.495,NO.FB.33,3,NO.FB.33,4.15384,3.375772,0.0,NO.FB.33,0.001561
720575940628031531,47876.0875,2.0887253997102415e-05,154,0,400,0.385,96381.3625,1.0375449921658869e-05,373,0,400,0.9325,NO.91,4,NO.91,2.416474,2.11749,0.0,NO.91,0.000939
720575940628050950,38506.15,2.5969877539042464e-05,110,0,400,0.275,684.315,0.0014613153299284,0,0,400,0.0,FB.16,0,FB.16,3.749438,3.970083,0.00505,FB.16,0.013126
720575940628057862,42957.9025,2.3278603977463752e-05,130,0,400,0.325,2483.8125,0.000402606879545,0,0,400,0.0,FB.452,3,FB.452,2.9182,3.633657,0.0,FB.452,0.001608
720575940628067846,29791.195,3.356696500425713e-05,98,0,400,0.245,502.0625,0.0019917838914477,0,0,400,0.0,FB.303,3,FB.303,3.028314,4.688377,0.001373,FB.303,0.004629
720575940628072748,24236.0325,4.1260878817520974e-05,48,0,400,0.12,99141.02,1.0086642239508933e-05,393,0,400,0.9825,NO.164,4,NO.164,2.205299,2.038091,0.0,NO.164,0.000307
720575940628073235,46152.1825,2.1667447687874783e-05,150,0,400,0.375,85262.24,1.172852132432833e-05,300,0,400,0.75,FB.1163,4,FB.1163,2.288094,1.678988,0.0,FB.1163,0.001173
720575940628078908,42220.235,2.3685325294849733e-05,141,0,400,0.3525,93430.9025,1.0703096868833092e-05,345,0,400,0.8625,AOTU.FB.39,4,AOTU.FB.39,2.168559,2.277809,0.001178,AOTU.FB.39,0.002636
720575940628083712,34273.3825,2.917716102284331e-05,89,0,400,0.2225,26776.825,3.734572713531197e-05,14,0,400,0.035,FB.1129,3,FB.1129,2.75277,3.678552,0.0,FB.1129,0.000573
720575940628088823,22685.4125,4.408119094153567e-05,46,0,400,0.115,69916.8725,1.4302699251886589e-05,193,0,400,0.4825,FB.1195,4,FB.1195,2.697668,2.172959,1.4e-05,FB.1195,0.001798
720575940628104061,40669.07,2.458871078192838e-05,110,0,400,0.275,3516.1525,0.0002844017715386,0,0,400,0.0,FB.449,4,FB.449,3.12984,3.826637,0.000164,FB.449,0.006679
720575940628105353,33672.245,2.969804953604964e-05,90,0,400,0.225,70911.67,1.4102051185651109e-05,191,0,400,0.4775,FB.1288,3,FB.1288,2.95165,2.448335,0.0,FB.1288,0.000902
720575940628120402,36103.715,2.769798066487064e-05,114,0,400,0.285,320.94,0.0031158471988533,0,0,400,0.0,FB.151,3,FB.151,3.131523,4.68653,0.012173,FB.151,0.007591
720575940628136809,33989.7525,2.942063199783523e-05,92,0,400,0.23,459.4825,0.0021763614501096,0,0,400,0.0,FB.286,0,FB.286,3.147243,4.785048,0.001042,FB.286,0.004333
720575940628137222,35352.61,2.8286454663460493e-05,105,0,400,0.2625,4986.0875,0.0002005580527818,0,0,400,0.0,CRE.FB.33,3,CRE.FB.33,3.070172,3.32933,0.0,CRE.FB.33,0.001064
720575940628141818,32832.4425,3.045767916901096e-05,86,0,400,0.215,20927.86,4.778319426831028e-05,3,0,400,0.0075,FB.933,1,FB.933,2.823358,2.657532,0.0,FB.933,0.000774
720575940628144254,37528.2125,2.664661952657617e-05,133,0,400,0.3325,7836.5125,0.0001276077847129,0,0,400,0.0,FB.537,1,FB.537,3.350931,2.756666,0.001703,FB.537,0.002046
720575940628164140,29177.7325,3.427271121907777e-05,88,0,400,0.22,39546.625,2.528660789637548e-05,42,0,400,0.105,FB.765,0,FB.765,2.799844,2.298626,0.0,FB.765,0.00142
720575940628165019,27614.7125,3.621258052206772e-05,92,0,400,0.23,3635.9575,0.0002750307174932,0,0,400,0.0,FB.137,2,FB.137,3.388395,3.881206,0.003718,FB.137,0.006734
720575940628168458,28761.3375,3.476889765644591e-05,75,0,400,0.1875,601.9475,0.0016612744466917,0,0,400,0.0,FB.67,4,FB.67,3.542273,4.061965,0.005879,FB.67,0.013103
720575940628174415,35900.415,2.7854831204597496e-05,117,0,400,0.2925,2985.7225,0.0003349273082143,0,0,400,0.0,FB.178,2,FB.178,3.169916,3.2903,0.0,FB.178,0.003114
720575940628182722,19487.505,5.131493231175566e-05,46,0,400,0.115,71630.525,1.3960528699182368e-05,206,0,400,0.515,FB.1376,3,FB.1376,2.113572,3.012845,0.0,FB.1376,0.000126
720575940628194895,38805.78,2.576935703908026e-05,109,0,400,0.2725,2233.3275,0.0004477623635584,0,0,400,0.0,FB.1025,2,FB.1025,2.157263,3.832975,0.0,FB.1025,0.001203
720575940628206391,46343.2825,2.1578100342805885e-05,153,0,400,0.3825,5428.8475,0.0001842011587173,0,0,400,0.0,FB.515,0,FB.515,3.29877,3.762561,2.8e-05,FB.515,0.003794
720575940628207951,34561.51,2.8933921000558132e-05,99,0,400,0.2475,10732.2175,9.31773885499432e-05,0,0,400,0.0,FB.971,2,FB.971,2.91879,3.274981,0.0,FB.971,0.001258
720575940628211244,34632.69,2.887445358705893e-05,101,0,400,0.2525,1819.1975,0.0005496929277882,0,0,400,0.0,FB.293,0,FB.293,3.337557,4.304703,0.002699,FB.293,0.004696
720575940628211340,34298.0175,2.9156204145035495e-05,94,0,400,0.235,97869.14,1.021772542396919e-05,384,0,400,0.96,NO.113,0,NO.113,2.350729,0.797536,0.0,NO.113,0.000627
720575940628218959,33474.13,2.9873815988645563e-05,99,0,400,0.2475,94993.42,1.0527044925848548e-05,367,0,400,0.9175,NO.139,4,NO.139,2.632073,1.909879,0.0,NO.139,0.001001
720575940628219479,27505.8125,3.635595203741027e-05,79,0,400,0.1975,1274.4675,0.0007846414286751,0,0,400,0.0,FB.292,2,FB.292,3.156395,4.487145,0.000426,FB.292,0.003724
720575940628320515,41635.175,2.4018152919976916e-05,116,0,400,0.29,3503.79,0.0002854052326195,0,0,400,0.0,FB.764,0,FB.764,3.143824,4.071902,1.1e-05,FB.764,0.001769
720575940628352000,21009.08,4.759846694857652e-05,51,0,400,0.1275,8157.68,0.0001225838718851,0,0,400,0.0,FB.1335,2,FB.1335,1.948298,3.26508,0.0,FB.1335,0.000298
720575940628377856,34239.3225,2.9206185373556967e-05,91,0,400,0.2275,548.2025,0.0018241434506409,0,0,400,0.0,FB.MB_ML.1,3,FB.MB_ML.1,3.131648,4.612735,0.004762,FB.MB_ML.1,0.005529
720575940628382203,33639.9325,2.9726575699876923e-05,84,0,400,0.21,29959.355,3.337855571323214e-05,17,0,400,0.0425,FB.369,0,FB.369,3.024389,2.693492,9e-06,FB.369,0.003295
720575940628386686,41343.055,2.4187859363561788e-05,126,0,400,0.315,835.365,0.0011970815152657,0,0,400,0.0,FB.719,3,FB.719,3.055852,4.10468,0.0,FB.719,0.001043
720575940628386942,27194.33,3.6772371299458376e-05,79,0,400,0.1975,968.3225,0.0010327137911181,0,0,400,0.0,FB.578,3,FB.578,2.798354,3.87848,0.0,FB.578,0.001365
720575940628458812,22810.475,4.3839507945362825e-05,55,0,400,0.1375,3507.0175,0.0002851425748517,0,0,400,0.0,FB.718,0,FB.718,3.238622,4.218278,0.001034,FB.718,0.002243
720575940628471868,20453.1325,4.8892266257992514e-05,30,0,400,0.075,18768.805,5.3279897148486546e-05,3,0,400,0.0075,FB.1128,3,FB.1128,2.866285,2.993667,0.0,FB.1128,0.000867
720575940628493572,32138.705,3.111513049452366e-05,100,0,400,0.25,3147.01,0.0003177619391104,0,0,400,0.0,EB.23,5,EB.23,0.561744,0.790619,0.000206,EB.23,0.001981
720575940628523819,36671.715,2.7268972830967957e-05,101,0,400,0.2525,27337.91,3.657924106122231e-05,12,0,400,0.03,FB.206,1,FB.206,3.421654,2.393686,0.001183,FB.206,0.00474
720575940628527247,38745.16,2.5809675324608283e-05,129,0,400,0.3225,275.89,0.0036246330059081,0,0,400,0.0,FB.12,2,FB.12,3.377195,4.636306,0.003469,FB.12,0.010516
720575940628567034,24943.0375,4.009134813672954e-05,67,0,400,0.1675,2986.725,0.0003348148892181,0,0,400,0.0,FB.639,0,FB.639,2.976328,3.737072,9.9e-05,FB.639,0.001775
720575940628576250,45793.1975,2.1837304547252896e-05,149,0,400,0.3725,762.5325,0.0013114195132666,0,0,400,0.0,FB.318,2,FB.318,3.245107,4.576614,0.001025,FB.318,0.005015
720575940628585922,28216.2275,3.5440598853975075e-05,68,0,400,0.17,98917.7125,1.0109412912272915e-05,392,0,400,0.98,NO.215,4,NO.215,1.444024,1.743925,0.0,NO.215,0.000209
720575940628585978,43170.485,2.3163974182824217e-05,116,0,400,0.29,60568.81,1.6510147714640588e-05,152,0,400,0.38,FB.916,3,FB.916,3.525071,3.068503,0.0,FB.916,0.001255
720575940628621563,45388.7475,2.2031892375968296e-05,150,0,400,0.375,16930.14,5.9066256983108235e-05,1,0,400,0.0025,FB.341,4,FB.341,3.434314,3.673616,0.000383,FB.341,0.003712
720575940628628987,37745.585,2.6493164697275192e-05,104,0,400,0.26,1834.4925,0.0005451098873394,0,0,400,0.0,FB.203,0,FB.203,3.054067,4.213309,0.0,FB.203,0.0025
720575940628639735,40067.0825,2.4958143633243077e-05,109,0,400,0.2725,25833.165,3.870992965825132e-05,9,0,400,0.0225,FB.1075,1,FB.1075,2.66433,2.378915,0.0,FB.1075,0.000621
720575940628668610,33460.195,2.988625738732246e-05,84,0,400,0.21,84008.1925,1.19036009493955e-05,276,0,400,0.69,FB.970,4,FB.970,3.09729,2.601361,0.0,FB.970,0.001669
720575940628675948,30904.44,3.2357810075186606e-05,80,0,400,0.2,8504.445,0.000117585568488,0,0,400,0.0,FB.954,2,FB.954,2.924929,3.712704,0.0,FB.954,0.001178
720575940628695034,34114.99,2.931262767481392e-05,103,0,400,0.2575,14159.09,7.062600774484801e-05,0,0,400,0.0,FB.1150,0,FB.1150,2.88503,2.89585,0.0,FB.1150,0.000679
720575940628695660,32051.1225,3.120015531437315e-05,84,0,400,0.21,35434.11,2.8221394582790425e-05,34,0,400,0.085,FB.1127,3,FB.1127,2.831283,3.647233,0.0,FB.1127,0.000799
720575940628705271,33026.485,3.027872932890073e-05,98,0,400,0.245,3834.36,0.0002607997162499,0,0,400,0.0,FB.356,1,FB.356,2.998056,3.051859,1.6e-05,FB.356,0.003047
720575940628707858,31527.8675,3.17179714105307e-05,92,0,400,0.23,22888.0925,4.369084055388189e-05,5,0,400,0.0125,FB.932,1,FB.932,3.012436,2.769374,2e-06,FB.932,0.000828
720575940628708624,20780.475,4.8122095380399153e-05,31,0,400,0.0775,7727.475,0.0001294083772513,0,0,400,0.0,FB.686,1,FB.686,3.0858,3.311797,0.004137,FB.686,0.002875
720575940628710014,42314.0875,2.3632791325111286e-05,123,0,400,0.3075,5003.365,0.0001998654905248,0,0,400,0.0,FB.SMP.24,2,FB.SMP.24,1.948216,3.466399,0.0,FB.SMP.24,0.000411
720575940628716360,40463.9,2.471338650006549e-05,130,0,400,0.325,6194.4875,0.0001614338555045,0,0,400,0.0,FB.391,2,FB.391,3.072092,3.501106,0.0,FB.391,0.003144
720575940628720079,22328.7725,4.4785265289437654e-05,46,0,400,0.115,23076.5825,4.3333972870549617e-05,4,0,400,0.01,FB.1024,1,FB.1024,2.806754,2.521386,1e-06,FB.1024,0.000761
720575940628733292,36738.52,2.721938717182946e-05,108,0,400,0.27,36466.1275,2.7422708923507164e-05,34,0,400,0.085,EB.76,4,EB.76,0.522597,2.389571,0.0,EB.76,0.000265
720575940628763002,30839.595,3.2425847356296345e-05,81,0,400,0.2025,93486.3175,1.069675249535848e-05,350,0,400,0.875,NO.FB.65,4,NO.FB.65,2.525125,2.421707,1.7e-05,NO.FB.65,0.001516
720575940628764268,32732.3425,3.055082293606087e-05,97,0,400,0.2425,6816.8375,0.0001466955901471,0,0,400,0.0,FB.883,0,FB.883,3.113006,3.808449,0.0,FB.883,0.0009
720575940628766780,18228.6375,5.48587353278598e-05,41,0,400,0.1025,4935.2725,0.0002026230567815,0,0,400,0.0,FB.824,0,FB.824,3.016611,3.905321,0.0,FB.824,0.001041
720575940628789626,43421.4725,2.3030080336404987e-05,118,0,400,0.295,849.1875,0.001177596231692,0,0,400,0.0,FB.435,3,FB.435,2.819069,4.709885,0.002777,FB.435,0.003741
720575940628789698,36892.235,2.710597501073058e-05,112,0,400,0.28,50391.535,1.9844602868319053e-05,84,0,400,0.21,FB.1317,3,FB.1317,2.590214,3.252728,0.0,FB.1317,0.000541
720575940628793982,25276.0625,3.9563124201010344e-05,53,0,400,0.1325,87.9025,0.0113762407212536,0,0,400,0.0,FB.3,0,FB.3,3.551152,4.448779,0.00524,FB.3,0.017776
720575940628797512,33193.2675,3.012659118298613e-05,83,0,400,0.2075,17771.635,5.6269442850925086e-05,1,0,400,0.0025,FB.850,1,FB.850,2.913159,2.804234,1.7e-05,FB.850,0.001243
720575940628802041,36117.56,2.7687363155207607e-05,94,0,400,0.235,93533.65,1.069133942704043e-05,354,0,400,0.885,EB.22,1,EB.22,0.775235,0.808616,0.0,EB.22,0.00041
720575940628802632,25913.1275,3.8590478899160286e-05,65,0,400,0.1625,63022.2875,1.586740246456462e-05,151,0,400,0.3775,FB.1105,4,FB.1105,2.833838,2.778624,0.000604,FB.1105,0.002103
720575940628805327,20799.035,4.8079153672273737e-05,57,0,400,0.1425,92866.525,1.0768142772651395e-05,348,0,400,0.87,FB.1239,4,FB.1239,3.010631,2.04581,0.0,FB.1239,0.000772
720575940628805636,57865.6425,1.7281411849872744e-05,185,0,400,0.4625,97143.7075,1.0294027536472189e-05,380,0,400,0.95,FB.1372,1,FB.1372,2.570394,2.4081,0.0,FB.1372,0.000221
720575940628809687,35568.545,2.811472889880652e-05,114,0,400,0.285,13654.7625,7.323452165499033e-05,1,0,400,0.0025,SMP.FB.6,4,SMP.FB.6,3.467085,3.776827,0.000112,SMP.FB.6,0.004337
720575940628810071,24283.31,4.118054746243407e-05,56,0,400,0.14,7273.0025,0.0001374947966812,0,0,400,0.0,FB.803,1,FB.803,2.660966,3.111292,1e-06,FB.803,0.001036
720575940628812548,50324.9125,1.987087409242887e-05,167,0,400,0.4175,12308.61,8.124394224855608e-05,0,0,400,0.0,FB.1236,3,FB.1236,2.755155,3.191492,0.0,FB.1236,0.000141
720575940628819447,34341.4475,2.911933167639483e-05,91,0,400,0.2275,98953.9475,1.0105711043008165e-05,393,0,400,0.9825,NO.FB.71,3,NO.FB.71,2.508339,1.673108,0.0,NO.FB.71,0.000342
720575940628843458,29238.775,3.420115924829272e-05,95,0,400,0.2375,30191.8,3.31215760570751e-05,14,0,400,0.035,EB.9,3,EB.9,0.814426,0.805193,0.0,EB.9,0.000354
720575940628856514,35968.7225,2.7801932637446323e-05,95,0,400,0.2375,69580.4525,1.4371852496935112e-05,187,0,400,0.4675,CRE.FB.25,3,CRE.FB.25,2.985128,2.492331,0.0,CRE.FB.25,0.001629
720575940628858873,23572.24,4.242278205210875e-05,61,0,400,0.1525,29058.6475,3.441316392994547e-05,10,0,400,0.025,FB.SMP.64,2,FB.SMP.64,0.733476,2.750859,0.0,FB.SMP.64,0.00019
720575940628860476,25279.5375,3.955768573693249e-05,63,0,400,0.1575,428.7325,0.00233245671835,0,0,400,0.0,FB.344,0,FB.344,3.110917,4.852172,0.000844,FB.344,0.004539
720575940628883838,35886.9425,2.7865288328756343e-05,111,0,400,0.2775,74855.25,1.335911642803945e-05,223,0,400,0.5575,FB.1060,4,FB.1060,2.457414,1.703625,3.1e-05,FB.1060,0.001424
720575940628907524,41685.9275,2.3988910886053814e-05,118,0,400,0.295,1918.795,0.0005211604157817,0,0,400,0.0,FB.255,0,FB.255,3.322654,4.40533,0.001286,FB.255,0.005078
720575940628909950,18047.6875,5.540876081769479e-05,40,0,400,0.1,97753.1125,1.0229853294952629e-05,383,0,400,0.9575,SMP.1375,4,SMP.1375,2.37132,2.2438,0.0,SMP.1375,0.00022
720575940628940994,25572.8025,3.910404422823818e-05,63,0,400,0.1575,2206.425,0.0004532218407605,0,0,400,0.0,SMP.FB.24,0,SMP.FB.24,3.293441,3.27195,0.0,SMP.FB.24,0.001419
720575940628967168,35109.61,2.8482230363709536e-05,103,0,400,0.2575,25843.005,3.869519043934713e-05,7,0,400,0.0175,CRE.FB.28,0,CRE.FB.28,3.070919,2.980832,2e-06,CRE.FB.28,0.001851
720575940628972119,31578.085,3.166753145417146e-05,79,0,400,0.1975,96640.1825,1.0347662578141344e-05,374,0,400,0.935,NO.146,4,NO.146,2.817476,2.035802,0.0,NO.146,0.000608
720575940628990713,37007.4725,2.7021569765403455e-05,96,0,400,0.24,6386.1525,0.0001565888067972,0,0,400,0.0,FB.702,0,FB.702,3.101402,3.858981,0.0,FB.702,0.001386
720575940628999929,45202.655,2.2122594347610776e-05,144,0,400,0.36,5704.24,0.0001753081918011,0,0,400,0.0,FB.753,1,FB.753,2.94268,3.662537,0.000493,FB.753,0.002257
720575940629000603,35667.7825,2.803650605416807e-05,110,0,400,0.275,2802.365,0.0003568414535579,0,0,400,0.0,FB.244,3,FB.244,3.109625,3.206935,1e-06,FB.244,0.002621
720575940629008079,37348.6225,2.6774749189210393e-05,106,0,400,0.265,95277.3975,1.0495668713033434e-05,363,0,400,0.9075,FB.1375,3,FB.1375,2.832317,1.962131,0.0,FB.1375,0.000137
720575940629039660,28264.19,3.538045845290454e-05,74,0,400,0.185,316.495,0.0031596075767389,0,0,400,0.0,FB.57,0,FB.57,3.063928,4.780842,0.014586,FB.57,0.011803
720575940629076473,27113.27,3.6882308921056e-05,61,0,400,0.1525,192.995,0.0051814813855281,0,0,400,0.0,FB.134,0,FB.134,3.216624,4.609063,0.002841,FB.134,0.007002
720575940629079084,22818.235,4.382459905422133e-05,43,0,400,0.1075,3843.48,0.0002601808777462,0,0,400,0.0,FB.1277,0,FB.1277,2.033154,3.983931,0.0,FB.1277,0.000489
720575940629111035,35452.64,2.820664413143845e-05,95,0,400,0.2375,4137.635,0.0002416839571397,0,0,400,0.0,FB.CRE.19,1,FB.CRE.19,2.315656,3.133794,0.0,FB.CRE.19,0.001189
720575940629112060,27138.15,3.6848495568047194e-05,63,0,400,0.1575,689.4175,0.0014504998785206,0,0,400,0.0,FB.267,0,FB.267,3.365801,3.541097,0.0,FB.267,0.002009
720575940629112579,39912.3525,2.5054899983657946e-05,130,0,400,0.325,14463.57,6.913922358034704e-05,0,0,400,0.0,NO.FB.1,3,NO.FB.1,3.584005,3.638336,0.0,NO.FB.1,0.002963
720575940629113388,41767.735,2.394192550781123e-05,128,0,400,0.32,7346.2475,0.0001361239190484,0,0,400,0.0,FB.180,3,FB.180,4.116448,3.951098,0.008502,FB.180,0.011597
720575940629133820,28970.585,3.4517770352238314e-05,88,0,400,0.22,90398.0675,1.10621833812985e-05,320,0,400,0.8,FB.1325,4,FB.1325,1.848389,2.245933,0.00019,FB.1325,0.001902
720575940629135378,24043.735,4.159087595999539e-05,65,0,400,0.1625,88678.85,1.1276646009730617e-05,318,0,400,0.795,FB.1149,4,FB.1149,3.077919,2.185495,0.0,FB.1149,0.001058
720575940629139708,17002.24,5.88157795678687e-05,27,0,400,0.0675,48221.285,2.0737730236761628e-05,72,0,400,0.18,FB.1282,4,FB.1282,3.231939,3.090237,0.0,FB.1282,0.001356
720575940629174012,26034.815,3.841010585249022e-05,70,0,400,0.175,1256.7925,0.0007956762950128,0,0,400,0.0,FB.166,2,FB.166,3.211474,4.027248,0.000287,FB.166,0.004976
720575940629196283,38811.8075,2.5765355040473185e-05,122,0,400,0.305,14007.405,7.139081078900766e-05,0,0,400,0.0,FB.882,1,FB.882,3.083675,3.059729,0.000624,FB.882,0.002623
720575940629202681,27405.3725,3.648919568599186e-05,71,0,400,0.1775,313.3,0.0031918289179699,0,0,400,0.0,FB.1023,0,FB.1023,3.120295,3.443682,0.000155,FB.1023,0.001128
720575940629213639,38042.0075,2.6286730530716603e-05,116,0,400,0.29,5098.86,0.0001961222704683,0,0,400,0.0,EB.139,5,EB.139,0.73351,0.788705,1.2e-05,EB.139,0.001721
720575940629229586,41480.3925,2.4107775740068032e-05,118,0,400,0.295,81009.5325,1.2344226279789974e-05,259,0,400,0.6475,FB.900,1,FB.900,2.943508,2.419294,0.0,FB.900,0.001663
720575940629272850,25462.5175,3.9273414343259655e-05,56,0,400,0.14,16435.82,6.084272035103816e-05,0,0,400,0.0,FB.1168,3,FB.1168,3.020657,3.274739,3e-05,FB.1168,0.000935
720575940629315900,50784.2875,1.9691129859801614e-05,174,0,400,0.435,73918.9125,1.352833755502017e-05,205,0,400,0.5125,FB.1194,4,FB.1194,2.739472,2.548413,0.0,FB.1194,0.000967
720575940629331663,39800.0675,2.51255855282155e-05,117,0,400,0.2925,1039.5075,0.0009619940212071,0,0,400,0.0,FB.514,2,FB.514,2.860203,4.490804,0.001421,FB.514,0.003314
720575940629342479,42042.085,2.3785689981836057e-05,137,0,400,0.3425,485.54,0.0020595625489146,0,0,400,0.0,FB.281,0,FB.281,3.462267,3.624033,2.1e-05,FB.281,0.003048
720575940629343196,51977.855,1.9238962438907875e-05,168,0,400,0.42,45650.95,2.1905349176742216e-05,63,0,400,0.1575,FB.1126,4,FB.1126,2.718911,3.159469,1e-06,FB.1126,0.001757
720575940629345527,29212.5275,3.42318890414395e-05,86,0,400,0.215,55515.0775,1.8013124452541746e-05,101,0,400,0.2525,SMP.1178,4,SMP.1178,2.33237,2.855633,0.0,SMP.1178,0.000139
720575940629372747,37584.05,2.66070314401987e-05,98,0,400,0.245,57910.5625,1.7268007023761856e-05,115,0,400,0.2875,FB.787,4,FB.787,2.949935,3.001677,7e-06,FB.787,0.002213
720575940629391179,45350.55,2.205044922277679e-05,121,0,400,0.3025,62631.595,1.596638246239777e-05,142,0,400,0.355,FB.1096,4,FB.1096,2.973993,3.103805,0.0,FB.1096,0.000835
720575940629423580,35239.7325,2.837705989964595e-05,106,0,400,0.265,1243.7575,0.0008040152521693,0,0,400,0.0,FB.CRE.75,0,FB.CRE.75,2.129564,4.097646,0.0,FB.CRE.75,0.000561
720575940629424202,30611.635,3.2667317508522496e-05,77,0,400,0.1925,3142.2475,0.0003182435501977,0,0,400,0.0,FB.590,4,FB.590,3.291844,3.218131,2.2e-05,FB.590,0.002562
720575940629468739,36934.6,2.7074883713374452e-05,118,0,400,0.295,2152.77,0.0004645178072901,0,0,400,0.0,FB.317,0,FB.317,3.282937,4.410591,0.00073,FB.317,0.005153
720575940629469378,20478.455,4.8831808844954366e-05,39,0,400,0.0975,95865.86,1.0431242154401996e-05,368,0,400,0.92,AOTU.CRE.16,4,AOTU.CRE.16,1.930575,2.243189,0.000987,AOTU.CRE.16,0.001139
720575940629483735,31396.455,3.1850729644477374e-05,81,0,400,0.2025,439.3025,0.0022763357822912,0,0,400,0.0,FB.385,3,FB.385,3.118582,4.657992,0.002227,FB.385,0.004656
720575940629497462,31704.62,3.154114447673557e-05,87,0,400,0.2175,95049.4025,1.0520844673379194e-05,361,0,400,0.9025,NO.58,4,NO.58,2.518011,2.071393,0.0,NO.58,0.001064
720575940629506012,35901.4475,2.7854030119537657e-05,118,0,400,0.295,2794.6175,0.0003578307228091,0,0,400,0.0,FB.111,4,FB.111,3.520141,3.549694,0.022253,FB.111,0.022113
720575940629516793,43515.3925,2.2980374128533943e-05,133,0,400,0.3325,99747.5425,1.0025309646099803e-05,397,0,400,0.9925,NO.193,0,NO.193,2.240374,1.145388,0.0,NO.193,0.000675
720575940629526570,25611.3575,3.904517751548312e-05,59,0,400,0.1475,44281.4325,2.258282859300001e-05,51,0,400,0.1275,NO.FB.21,3,NO.FB.21,4.030412,2.653755,0.0,NO.FB.21,0.000716
720575940629535788,33232.4675,3.0091054779486357e-05,90,0,400,0.225,31519.2625,3.172663065958475e-05,21,0,400,0.0525,FB.1001,4,FB.1001,3.147565,2.890658,0.0,FB.1001,0.001087
720575940629538858,31483.5,3.176266933473089e-05,85,0,400,0.2125,16909.7975,5.9137313737790176e-05,0,0,400,0.0,FB.802,1,FB.802,3.130814,2.551021,1e-05,FB.802,0.00108
720575940629550039,12863.235,7.774094152831694e-05,26,0,400,0.065,97610.21,1.0244829920968308e-05,381,0,400,0.9525,NO.80,4,NO.80,2.427952,2.115765,0.0,NO.80,0.000806
720575940629552633,37099.77,2.6954344999982484e-05,90,0,400,0.225,1580.8225,0.000632582089387,0,0,400,0.0,FB.763,0,FB.763,2.598757,4.149162,0.0,FB.763,0.000976
720575940629576960,31328.9675,3.191934110180937e-05,82,0,400,0.205,22735.7125,4.398366666538381e-05,6,0,400,0.015,FB.1356,4,FB.1356,2.085111,3.019394,0.0,FB.1356,0.000276
720575940629597647,37404.585,2.6734690412953383e-05,120,0,400,0.3,99044.335,1.009648860785425e-05,390,0,400,0.975,NO.90,1,NO.90,2.048363,1.740021,0.0,NO.90,0.000557
720575940629606475,38145.2375,2.6215592444535174e-05,101,0,400,0.2525,3733.6525,0.0002678342454205,0,0,400,0.0,FB.LAL.37,1,FB.LAL.37,0.748767,3.659145,0.012146,FB.LAL.37,0.0028
720575940629609167,27051.9425,3.6965922132948494e-05,68,0,400,0.17,97487.47,1.025772850603262e-05,378,0,400,0.945,NO.112,4,NO.112,2.537434,1.907095,0.0,NO.112,0.000773
720575940629615417,23131.2575,4.323154502084463e-05,59,0,400,0.1475,89677.9175,1.1151017194394595e-05,317,0,400,0.7925,SMP.FB.27,0,SMP.FB.27,3.097691,2.285325,8e-06,SMP.FB.27,0.001772
720575940629681168,33051.7,3.025562981631807e-05,96,0,400,0.24,88355.7325,1.131788477900967e-05,312,0,400,0.78,AOTU.FB.41,4,AOTU.FB.41,2.068666,2.296439,0.0,AOTU.FB.41,0.000343
720575940629691753,39043.415,2.561251365947369e-05,102,0,400,0.255,81519.03,1.2267074326080672e-05,265,0,400,0.6625,GA.PB.1,1,GA.PB.1,0.977923,2.247684,0.0,GA.PB.1,1.5e-05
720575940629699781,39634.9575,2.523025286453253e-05,126,0,400,0.315,21847.275,4.577229883360739e-05,6,0,400,0.015,FB.326,0,FB.326,2.918224,3.45043,0.000765,FB.326,0.002638
720575940629700138,34102.405,2.9323445076674213e-05,95,0,400,0.2375,6826.8225,0.0001464810312557,0,0,400,0.0,FB.915,2,FB.915,2.91529,3.698489,0.0,FB.915,0.001331
720575940629703722,39952.6525,2.502962725691367e-05,107,0,400,0.2675,4268.5025,0.0002342741980354,0,0,400,0.0,FB.685,0,FB.685,3.016441,3.962248,0.0,FB.685,0.001303
720575940629711376,33990.055,2.942037016415537e-05,94,0,400,0.235,45622.765,2.191888194413469e-05,55,0,400,0.1375,EB.184,4,EB.184,1.094083,2.564365,0.0,EB.184,0.00063
720575940629712727,33369.6675,2.9967334855823777e-05,103,0,400,0.2575,63717.5775,1.569425642398285e-05,150,0,400,0.375,NO.FB.23,3,NO.FB.23,4.07228,3.563027,0.0,NO.FB.23,0.001338
720575940629720848,37854.545,2.641690713757093e-05,124,0,400,0.31,13073.985,7.648777323822844e-05,0,0,400,0.0,EB.137,5,EB.137,0.489064,0.565501,0.0,EB.137,0.000624
720575940629733114,38087.8575,2.6255086676902213e-05,96,0,400,0.24,8350.12,0.0001197587579579,0,0,400,0.0,EB.167,5,EB.167,0.647258,1.290811,0.0,EB.167,0.001136
720575940629750138,36770.925,2.719539962619923e-05,113,0,400,0.2825,3154.055,0.0003170521756912,0,0,400,0.0,LAL.FB.1,3,LAL.FB.1,3.339125,3.431198,4e-06,LAL.FB.1,0.003691
720575940629757496,22956.8875,4.355991203075765e-05,59,0,400,0.1475,10709.3275,9.337654488575496e-05,0,0,400,0.0,FB.668,1,FB.668,3.1277,3.08244,7e-06,FB.668,0.002192
720575940629758762,28048.67,3.5652314352160015e-05,69,0,400,0.1725,73545.135,1.3597092452138403e-05,207,0,400,0.5175,NO.FB.32,3,NO.FB.32,4.17939,3.512867,0.0,NO.FB.32,0.001298
720575940629801291,28405.88,3.520397889451057e-05,75,0,400,0.1875,7960.03,0.0001256276672324,0,0,400,0.0,FB.SMP.41,2,FB.SMP.41,1.938503,3.666455,0.0,FB.SMP.41,0.000379
720575940629823993,25724.2875,3.8873768612638934e-05,52,0,400,0.13,9242.3625,0.0001081974441058,0,0,400,0.0,FB.969,2,FB.969,2.977046,3.421778,0.0,FB.969,0.00111
720575940629827907,28320.475,3.531014222042533e-05,79,0,400,0.1975,4767.34,0.0002097605792748,0,0,400,0.0,FB.762,0,FB.762,3.1454,3.881067,0.0,FB.762,0.001114
720575940629836611,29460.2925,3.3943994276363685e-05,76,0,400,0.19,52515.575,1.9041969929873183e-05,96,0,400,0.24,FB.881,4,FB.881,2.459444,1.89427,5.1e-05,FB.881,0.002609
720575940629842499,37777.025,2.6471115711202773e-05,114,0,400,0.285,15286.8675,6.54156255361015e-05,0,0,400,0.0,FB.1223,3,FB.1223,2.968967,3.024709,0.0,FB.1223,0.000587
720575940629846636,30566.1675,3.271591049155901e-05,84,0,400,0.21,15323.6125,6.525876323223391e-05,0,0,400,0.0,FB.1193,3,FB.1193,3.013893,3.125669,0.0,FB.1193,0.000948
720575940629846841,28658.9325,3.4893134976328935e-05,77,0,400,0.1925,5517.035,0.0001812567801364,0,0,400,0.0,FB.1022,0,FB.1022,3.060801,3.904546,2e-06,FB.1022,0.000956
720575940629860683,26434.0225,3.783003513748239e-05,55,0,400,0.1375,6414.2625,0.0001559025686896,0,0,400,0.0,FB.801,1,FB.801,3.01456,3.488716,0.0,FB.801,0.002467
720575940629864515,25963.2625,3.851596077341975e-05,72,0,400,0.18,72774.9675,1.3740988616724563e-05,208,0,400,0.52,FB.1238,4,FB.1238,2.916905,2.571987,0.0,FB.1238,0.001168
720575940629899628,41375.3325,2.4168990061892556e-05,116,0,400,0.29,67039.44,1.4916592382036605e-05,171,0,400,0.4275,FB.968,4,FB.968,3.150722,2.141753,0.000857,FB.968,0.002837
720575940629902206,23718.5075,4.2161168867813455e-05,58,0,400,0.145,96052.07,1.0411019772921082e-05,369,0,400,0.9225,EB.18,3,EB.18,0.762756,2.23192,0.0,EB.18,4e-05
720575940629907052,28786.42,3.473860243823303e-05,79,0,400,0.1975,31378.5375,3.186891677153532e-05,30,0,400,0.075,FB.1334,0,FB.1334,2.575366,2.636384,0.0,FB.1334,0.000445
720575940629909199,39960.605,2.5024646148375375e-05,123,0,400,0.3075,1029.825,0.0009710387687228,0,0,400,0.0,FB.121,2,FB.121,3.166381,4.107955,0.000205,FB.121,0.005342
720575940629922934,24635.515,4.0591804149416e-05,62,0,400,0.155,62.08,0.0161082474226804,0,0,400,0.0,FB.LAL.19,0,FB.LAL.19,2.516345,4.931273,0.000534,FB.LAL.19,0.003242
720575940629947704,28373.645,3.524397376509081e-05,70,0,400,0.175,5160.4775,0.0001937805174036,0,0,400,0.0,FB.SMP.9,2,FB.SMP.9,2.007673,3.912204,0.0,FB.SMP.9,0.000992
720575940629955915,32533.74,3.073732070152402e-05,108,0,400,0.27,5000.76,0.00019996960462,0,0,400,0.0,FB.684,0,FB.684,3.282552,4.06493,0.000313,FB.684,0.001748
720575940629957432,32777.6475,3.050859583501226e-05,95,0,400,0.2375,100000.0,1e-05,400,0,400,1.0,FB.1354,4,FB.1354,2.771731,1.38274,0.0,FB.1354,0.000499
720575940629983884,39485.12,2.532599622338744e-05,129,0,400,0.3225,5071.475,0.0001971812934106,0,0,400,0.0,FB.1074,0,FB.1074,2.953007,3.267969,0.0,FB.1074,0.001092
720575940629999119,34024.2275,2.9390821584413635e-05,97,0,400,0.2425,100000.0,1e-05,400,0,400,1.0,NO.75,3,NO.75,3.600618,0.689187,0.0,NO.75,0.000173
720575940630007237,19904.59,5.02396683378055e-05,44,0,400,0.11,12478.735,8.01363279210593e-05,0,0,400,0.0,SMP.FB.21,4,SMP.FB.21,3.397907,3.517075,0.000889,SMP.FB.21,0.004757
720575940630007916,20726.9125,4.824645252880766e-05,47,0,400,0.1175,2706.9025,0.0003694259397965,0,0,400,0.0,FB.145,3,FB.145,4.213608,4.014385,0.018509,FB.145,0.015274
720575940630017593,35385.4325,2.826021696922879e-05,93,0,400,0.2325,9368.8375,0.0001067368283418,0,0,400,0.0,FB.1192,0,FB.1192,2.798138,3.124189,0.0,FB.1192,0.000637
720575940630019323,25954.515,3.852894188159555e-05,64,0,400,0.16,51267.2375,1.9505634568275693e-05,93,0,400,0.2325,NO.FB.12,3,NO.FB.12,4.2163,3.751071,6e-05,NO.FB.12,0.002433
720575940630019385,26301.125,3.802118730662662e-05,76,0,400,0.19,1594.8125,0.0006270329584198,0,0,400,0.0,FB.736,4,FB.736,2.867394,4.319936,0.001905,FB.736,0.002628
720575940630020409,34758.5425,2.8769905987858952e-05,105,0,400,0.2625,5497.3375,0.0001819062409757,0,0,400,0.0,FB.531,0,FB.531,3.310041,3.750495,0.000864,FB.531,0.00275
720575940630021115,38316.5775,2.6098364343736076e-05,121,0,400,0.3025,828.6325,0.001206807601681,0,0,400,0.0,FB.249,2,FB.249,3.30275,4.478061,0.003433,FB.249,0.006223
720575940630025528,30726.16,3.2545557271068044e-05,79,0,400,0.1975,814.22,0.001228169290855,0,0,400,0.0,FB.316,3,FB.316,3.19974,4.686642,0.001092,FB.316,0.004551
720575940630050105,30741.9575,3.2528832947609145e-05,71,0,400,0.1775,100000.0,1e-05,400,0,400,1.0,NO.FB.51,0,NO.FB.51,2.370225,0.732879,0.0,NO.FB.51,0.00053
720575940630057258,26552.81,3.766079748245101e-05,82,0,400,0.205,8287.955,0.0001206570257681,0,0,400,0.0,FB.269,0,FB.269,3.164093,2.722865,0.002316,FB.269,0.004041
720575940630058827,20774.895,4.813502065834749e-05,52,0,400,0.13,92831.675,1.0772185248192494e-05,342,0,400,0.855,NO.122,0,NO.122,2.741257,1.33008,0.0,NO.122,0.000547
720575940630087030,34551.375,2.8942408225432416e-05,97,0,400,0.2425,3043.01,0.0003286219894117,0,0,400,0.0,FB.588,0,FB.588,3.081845,4.066955,0.0,FB.588,0.002194
720575940630089031,41272.6575,2.422911584988197e-05,132,0,400,0.33,10199.265,9.804628078591938e-05,0,0,400,0.0,FB.445,0,FB.445,3.373785,3.901731,0.0,FB.445,0.001633
720575940630111628,31671.27,3.1574357453932223e-05,93,0,400,0.2325,98812.3175,1.0120195794416014e-05,390,0,400,0.975,FB.1191,4,FB.1191,2.875076,1.701616,0.0,FB.1191,0.001854
720575940630145071,40343.24,2.4787300177179623e-05,136,0,400,0.34,67176.2475,1.4886214059515606e-05,173,0,400,0.4325,SLP.FB.12,4,SLP.FB.12,2.977605,3.022579,0.0,SLP.FB.12,0.00184
720575940630148655,36605.2975,2.7318450287147645e-05,99,0,400,0.2475,993.0975,0.0010069504756582,0,0,400,0.0,FB.462,3,FB.462,2.933336,4.530491,0.00036,FB.462,0.003262
720575940630179781,39331.7775,2.542473449108676e-05,112,0,400,0.28,4144.2825,0.0002412962919395,0,0,400,0.0,FB.222,1,FB.222,2.864083,3.149785,0.000597,FB.222,0.004535
720575940630199759,33402.265,2.9938089527761063e-05,82,0,400,0.205,895.6775,0.0011164732841899,0,0,400,0.0,FB.355,2,FB.355,3.121064,4.359332,0.000794,FB.355,0.003845
720575940630252955,37063.405,2.6980791430253102e-05,116,0,400,0.29,97821.375,1.0222714616309576e-05,385,0,400,0.9625,SMP.FB.42,4,SMP.FB.42,3.395795,1.710422,0.0,SMP.FB.42,0.001877
720575940630256402,52681.8025,1.8981886582183668e-05,183,0,400,0.4575,902.5325,0.00110799334096,0,0,400,0.0,FB.374,0,FB.374,2.678953,4.27654,0.001408,FB.374,0.004721
720575940630268044,14750.415,6.779470272531314e-05,28,0,400,0.07,14162.1725,7.061063547983193e-05,0,0,400,0.0,FB.1190,3,FB.1190,2.903723,3.156498,1e-06,FB.1190,0.001141
720575940630278028,20457.6325,4.8881511582535274e-05,46,0,400,0.115,96372.89,1.0376362066137063e-05,375,0,400,0.9375,NO.79,0,NO.79,2.677244,2.035739,0.0,NO.79,0.000506
720575940630286639,34931.8725,2.8627151321475822e-05,86,0,400,0.215,67482.1875,1.4818725311772088e-05,178,0,400,0.445,SMP.1861,2,SMP.1861,2.0824,2.418364,0.0,SMP.1861,0.000136
720575940630293445,46513.5825,2.149909652734231e-05,155,0,400,0.3875,95525.635,1.0468394164561168e-05,364,0,400,0.91,SLP.533,4,SLP.533,2.981533,1.999385,0.0,SLP.533,0.000737
720575940630306095,35806.21,2.792811637981233e-05,109,0,400,0.2725,36586.4675,2.733251030589384e-05,28,0,400,0.07,FB.558,0,FB.558,2.95692,3.354087,0.0,FB.558,0.001659
720575940630329820,35052.865,2.8528338553781555e-05,96,0,400,0.24,98598.9225,1.01420986623865e-05,389,0,400,0.9725,FB.1299,4,FB.1299,2.729663,1.723215,0.0,FB.1299,0.001112
720575940630335596,32431.535,3.083418654097008e-05,79,0,400,0.1975,1229.5475,0.0008133073346088,0,0,400,0.0,FB.701,2,FB.701,3.310269,4.549823,0.000517,FB.701,0.002769
720575940630398551,28774.2325,3.475331618315102e-05,85,0,400,0.2125,39835.125,2.510347337933545e-05,44,0,400,0.11,FB.1021,4,FB.1021,3.158374,3.037149,0.0,FB.1021,0.001567
720575940630404655,29965.4475,3.3371769268588435e-05,82,0,400,0.205,35022.225,2.855329722768899e-05,28,0,400,0.07,FB.899,1,FB.899,3.397256,3.277551,0.0,FB.899,0.001723
720575940630410321,32766.36,3.051910557046923e-05,84,0,400,0.21,99693.8975,1.0030704236435332e-05,398,0,400,0.995,NO.173,0,NO.173,2.238631,1.520263,0.0,NO.173,0.000128
720575940630411311,32313.6875,3.0946638324703734e-05,90,0,400,0.225,32552.27,3.071982384024217e-05,16,0,400,0.04,FB.1046,4,FB.1046,3.135354,2.890346,0.000148,FB.1046,0.001436
720575940630411823,29863.3875,3.348581938335026e-05,80,0,400,0.2,99285.855,1.007192817143993e-05,394,0,400,0.985,NO.253,0,NO.253,1.832861,1.187366,0.0,NO.253,5.8e-05
720575940630427340,36165.9025,2.765035381047107e-05,100,0,400,0.25,56845.1725,1.7591643336116186e-05,115,0,400,0.2875,FB.1059,4,FB.1059,2.74863,2.36393,4e-06,FB.1059,0.00238
720575940630434430,33594.4975,2.9766779515008375e-05,92,0,400,0.23,15404.0525,6.491798181030609e-05,0,0,400,0.0,FB.1070,1,FB.1070,2.929885,2.541894,0.0,FB.1070,0.000774
720575940630444625,33083.68,3.022638352202657e-05,82,0,400,0.205,70.0475,0.0142760269816909,0,0,400,0.0,FB.65,3,FB.65,3.337788,4.613875,0.010154,FB.65,0.012132
720575940630463007,29360.5425,3.405931617237658e-05,78,0,400,0.195,62617.7575,1.5969910771716792e-05,130,0,400,0.325,FB.1353,4,FB.1353,2.380971,2.522737,0.0,FB.1353,0.001381
720575940630479631,35571.8225,2.811213847702068e-05,99,0,400,0.2475,58235.335,1.7171705116833278e-05,117,0,400,0.2925,FB.1343,3,FB.1343,2.847908,3.101189,0.0,FB.1343,0.000314
720575940630504991,45350.3875,2.205052823418543e-05,146,0,400,0.365,13858.4525,7.215812876654157e-05,0,0,400,0.0,FB.1095,3,FB.1095,2.810866,3.455489,0.0,FB.1095,0.002198
720575940630520314,28356.5675,3.526519914654691e-05,64,0,400,0.16,3075.155,0.0003251868604997,0,0,400,0.0,FB.98,3,FB.98,4.302063,4.022425,0.090367,FB.98,0.021243
720575940630539335,33403.2425,2.9937213430702123e-05,98,0,400,0.245,27837.6975,3.592251119188288e-05,17,0,400,0.0425,FB.652,0,FB.652,3.116122,2.565972,0.0,FB.652,0.002128
720575940630541416,51927.2,1.9257730052843213e-05,177,0,400,0.4425,7513.1575,0.0001330998318616,0,0,400,0.0,FB.866,1,FB.866,2.662438,3.251367,1.2e-05,FB.866,0.001473
720575940630556743,35656.885,2.8045074604806335e-05,100,0,400,0.25,5419.65,0.0001845137601136,0,0,400,0.0,FB.493,0,FB.493,3.333024,3.762062,0.001719,FB.493,0.003219
720575940630580255,22076.1125,4.529783040379053e-05,53,0,400,0.1325,7880.7225,0.0001268919188564,0,0,400,0.0,FB.914,3,FB.914,3.111837,3.151789,0.000203,FB.914,0.001494
720575940630590255,37060.545,2.6982873565404936e-05,101,0,400,0.2525,688.4625,0.0014525119378324,0,0,400,0.0,FB.89,2,FB.89,3.152468,4.387449,0.00511,FB.89,0.009626
720575940630591506,38428.96,2.6022041710210216e-05,104,0,400,0.26,13289.98,7.52446580055049e-05,0,0,400,0.0,FB.638,1,FB.638,3.005608,3.393745,0.000762,FB.638,0.002219
720575940630596921,38367.1175,2.606398565125462e-05,114,0,400,0.285,99255.6575,1.007499245068222e-05,392,0,400,0.98,NO.252,4,NO.252,1.96029,1.905128,0.0,NO.252,0.000186
720575940630631736,36530.015,2.7374749230187832e-05,111,0,400,0.2775,3438.0875,0.0002908593803968,0,0,400,0.0,FB.LAL.45,1,FB.LAL.45,0.740101,3.030197,0.000365,FB.LAL.45,0.001283
720575940630644132,38580.06,2.59201255778244e-05,115,0,400,0.2875,9500.085,0.0001052622160749,0,0,400,0.0,FB.967,2,FB.967,2.893713,3.358818,0.0,FB.967,0.000722
720575940630666404,29326.195,3.409920721048196e-05,76,0,400,0.19,99005.91,1.0100407137311298e-05,393,0,400,0.9825,EB.144,3,EB.144,0.786388,0.22722,0.0,EB.144,0.000974
720575940630671953,35404.6825,2.8244851510813577e-05,102,0,400,0.255,4334.13,0.0002307268125321,0,0,400,0.0,FB.161,4,FB.161,3.055847,3.655321,0.000751,FB.161,0.007307
720575940630692143,34353.075,2.9109475643737865e-05,104,0,400,0.26,3953.1275,0.0002529642669,0,0,400,0.0,FB.760,0,FB.760,3.421613,3.735401,0.0,FB.760,0.001766
720575940630696399,23173.095,4.315349330764837e-05,50,0,400,0.125,3263.5825,0.0003064117423107,0,0,400,0.0,FB.429,3,FB.429,3.13065,3.293064,0.0,FB.429,0.002316
720575940630706247,23010.2175,4.34589547013191e-05,58,0,400,0.145,79499.51,1.2578693881257886e-05,248,0,400,0.62,AOTU.FB.45,4,AOTU.FB.45,1.909852,2.158649,1e-06,AOTU.FB.45,0.000494
720575940630735378,45443.33,2.2005429619704365e-05,123,0,400,0.3075,19892.11,5.027118792325198e-05,5,0,400,0.0125,FB.1125,3,FB.1125,3.019561,3.715464,0.0,FB.1125,0.000895
720575940630736170,37781.08,2.6468274596702898e-05,100,0,400,0.25,50094.4775,1.996228027330957e-05,80,0,400,0.2,FB.1000,4,FB.1000,3.085334,2.86057,0.0,FB.1000,0.001365
720575940630748876,35978.9175,2.7794054671044505e-05,107,0,400,0.2675,563.5875,0.0017743473728569,0,0,400,0.0,FB.230,2,FB.230,3.116497,4.104104,6.8e-05,FB.230,0.003564
720575940630755276,47886.8925,2.0882541083658748e-05,153,0,400,0.3825,5103.275,0.0001959525990662,0,0,400,0.0,EB.270,4,EB.270,0.770805,3.71002,8e-06,EB.270,0.001167
720575940630758014,31508.37,3.173759861268609e-05,83,0,400,0.2075,76471.9825,1.307668465375538e-05,228,0,400,0.57,NO.100,0,NO.100,2.625029,2.007344,0.0,NO.100,0.000275
720575940630764359,45573.0325,2.194280137052543e-05,130,0,400,0.325,7146.6375,0.000139925944194,0,0,400,0.0,FB.717,1,FB.717,2.877342,3.52259,0.000648,FB.717,0.002363
720575940630769612,31191.585,3.2059928984051305e-05,94,0,400,0.235,41157.995,2.429661600376792e-05,43,0,400,0.1075,FB.1073,4,FB.1073,3.148494,2.815493,0.0,FB.1073,0.001216
720575940630773585,22704.9875,4.404318654656824e-05,44,0,400,0.11,3116.845,0.0003208372569056,0,0,400,0.0,FB.74,4,FB.74,3.470541,3.456646,0.009391,FB.74,0.019763
720575940630786733,26673.9825,3.7489714931019394e-05,74,0,400,0.185,99224.355,1.007817082811977e-05,394,0,400,0.985,NO.251,4,NO.251,1.964443,1.673228,0.0,NO.251,0.00019
720575940630792275,31206.8375,3.204425953126458e-05,84,0,400,0.21,55219.715,1.810947412531919e-05,110,0,400,0.275,FB.1189,4,FB.1189,3.230704,2.946627,0.0,FB.1189,0.001187
720575940630800066,32907.8475,3.038788848161521e-05,91,0,400,0.2275,18457.8675,5.417743951190461e-05,4,0,400,0.01,FB.494,0,FB.494,3.284106,3.938087,0.0,FB.494,0.001694
720575940630814762,23167.255,4.31643714371858e-05,58,0,400,0.145,1154.76,0.0008659808098652,0,0,400,0.0,FB.402,3,FB.402,2.903473,4.42025,4e-05,FB.402,0.003276
720575940630815059,40825.935,2.449423387363939e-05,120,0,400,0.3,82677.7125,1.2095158051209992e-05,275,0,400,0.6875,SMP.1258,4,SMP.1258,2.417053,2.223913,0.0,SMP.1258,0.000305
720575940630819599,40878.7925,2.4462562097449427e-05,123,0,400,0.3075,23540.745,4.247953919895059e-05,8,0,400,0.02,FB.215,1,FB.215,3.365297,2.389972,6.4e-05,FB.215,0.004131
720575940630822175,29328.34,3.409671328141995e-05,69,0,400,0.1725,704.685,0.0014190737705499,0,0,400,0.0,FB.291,3,FB.291,3.226126,4.803643,0.001046,FB.291,0.004072
720575940630836807,25518.575,3.9187141131509104e-05,59,0,400,0.1475,14594.03,6.852116927264094e-05,1,0,400,0.0025,FB.822,1,FB.822,2.896989,2.903879,0.000147,FB.822,0.001788
720575940630840493,33187.625,3.013171325155084e-05,90,0,400,0.225,1398.075,0.0007152692094487,0,0,400,0.0,FB.43,2,FB.43,3.417824,4.036002,0.000922,FB.43,0.006496
720575940630844447,25354.4425,3.9440819887875665e-05,64,0,400,0.16,39464.475,2.533924497918698e-05,44,0,400,0.11,FB.1094,4,FB.1094,3.155005,2.937491,0.0,FB.1094,0.001031
720575940630849325,31088.9125,3.216580830866953e-05,108,0,400,0.27,1307.6025,0.0007647584032609,0,0,400,0.0,FB.440,2,FB.440,2.919222,3.830897,0.0,FB.440,0.001761
720575940630852300,37881.4025,2.6398177839376465e-05,107,0,400,0.2675,19680.1775,5.081254983599614e-05,2,0,400,0.005,FB.1124,3,FB.1124,2.630942,3.556167,0.0,FB.1124,0.000798
720575940630892344,33466.505,2.988062243129362e-05,95,0,400,0.2375,2457.2575,0.0004069577567674,0,0,400,0.0,FB.622,0,FB.622,3.350323,3.794007,5.2e-05,FB.622,0.002493
720575940630894583,41048.045,2.436169615386068e-05,120,0,400,0.3,98950.8025,1.0106032237585944e-05,392,0,400,0.98,FB.1256,4,FB.1256,2.909799,1.64416,0.0,FB.1256,0.001627
720575940630898515,38508.72,2.596814435795321e-05,98,0,400,0.245,81341.6475,1.2293825251080634e-05,257,0,400,0.6425,FB.1374,4,FB.1374,2.391977,2.684262,0.0,FB.1374,0.000948
720575940630900983,27548.9675,3.6299001042416566e-05,77,0,400,0.1925,10962.9275,9.121651128314038e-05,0,0,400,0.0,FB.923,4,FB.923,3.438582,3.002595,0.000596,FB.923,0.0023
720575940630904121,39896.74,2.5064704534756475e-05,122,0,400,0.305,14897.05,6.712738428078042e-05,0,0,400,0.0,EB.112,5,EB.112,0.55845,0.566106,0.0,EB.112,0.000841
720575940630941783,23634.77,4.23105450148235e-05,57,0,400,0.1425,18296.47,5.465535155141947e-05,2,0,400,0.005,FB.373,1,FB.373,3.102581,2.75297,1.1e-05,FB.373,0.002204
720575940630941994,37225.8625,2.6863044476135377e-05,112,0,400,0.28,4686.4775,0.0002133798785975,0,0,400,0.0,FB.148,3,FB.148,4.162189,3.9968,0.018252,FB.148,0.014814
720575940630976568,23496.6825,4.255919958062165e-05,53,0,400,0.1325,375.715,0.0026615918981142,0,0,400,0.0,FB.190,0,FB.190,2.90261,4.661496,0.003177,FB.190,0.006614
720575940630979748,32706.3925,3.0575062657858094e-05,91,0,400,0.2275,27164.1525,3.681322286789547e-05,10,0,400,0.025,FB.953,4,FB.953,3.129563,3.109786,3.9e-05,FB.953,0.001814
720575940630980409,28093.4975,3.5595425596261196e-05,63,0,400,0.1575,4525.4925,0.0002209704247659,0,0,400,0.0,SMP.FB.3,2,SMP.FB.3,3.337896,3.861729,0.001405,SMP.FB.3,0.006331
720575940630982712,27420.6325,3.646888889233317e-05,65,0,400,0.1625,16319.9575,6.127466937337306e-05,0,0,400,0.0,SMP.FB.38,2,SMP.FB.38,3.25018,2.978151,8e-05,SMP.FB.38,0.001137
720575940630984749,41668.8975,2.3998715108793077e-05,118,0,400,0.295,100000.0,1e-05,400,0,400,1.0,NO.250,4,NO.250,1.999005,1.008772,0.0,NO.250,0.000172
720575940630985811,43028.005,2.324067778647883e-05,140,0,400,0.35,21388.9525,4.6753107708290066e-05,5,0,400,0.0125,FB.1276,3,FB.1276,2.989356,3.291684,0.0,FB.1276,0.000943
720575940630993581,37003.0025,2.702483399826811e-05,106,0,400,0.265,11949.3575,8.368650783106958e-05,0,0,400,0.0,FB.966,1,FB.966,3.080896,2.61109,5e-06,FB.966,0.000891
720575940631004728,33725.91,2.965079370727135e-05,78,0,400,0.195,941.5075,0.0010621264302196,0,0,400,0.0,FB.506,0,FB.506,2.948895,4.667762,0.000404,FB.506,0.002307
720575940631024977,25258.5875,3.959049570764794e-05,70,0,400,0.175,95385.86,1.048373417192024e-05,364,0,400,0.91,NO.104,4,NO.104,2.374294,2.040768,0.0,NO.104,0.000799
720575940631025219,31221.3875,3.202932605093223e-05,69,0,400,0.1725,821.17,0.0012177746386253,0,0,400,0.0,FB.524,2,FB.524,2.968574,4.700071,0.00542,FB.524,0.004129
720575940631049519,25542.4625,3.9150493027052496e-05,61,0,400,0.1525,69067.42,1.4478606555739306e-05,178,0,400,0.445,NO.FB.30,3,NO.FB.30,4.00017,3.376214,0.0,NO.FB.30,0.001232
720575940631058861,27392.69,3.650608976336387e-05,80,0,400,0.2,18870.39,5.299307539483816e-05,1,0,400,0.0025,FB.1373,4,FB.1373,2.199026,3.080249,0.0,FB.1373,0.000216
720575940631080552,35473.6075,2.8189971938997185e-05,106,0,400,0.265,20114.37,4.971570076517435e-05,0,0,400,0.0,FB.821,1,FB.821,2.831893,2.841639,0.000769,FB.821,0.001779
720575940631086649,28359.0825,3.526207168373659e-05,80,0,400,0.2,4668.615,0.0002141962873357,0,0,400,0.0,FB.637,2,FB.637,3.042674,3.488883,0.0,FB.637,0.002004
720575940631089256,27206.195,3.675633435693598e-05,84,0,400,0.21,2655.8725,0.0003765240989542,0,0,400,0.0,FB.SMP.26,0,FB.SMP.26,2.069902,3.843062,0.0,FB.SMP.26,0.000497
720575940631100124,38382.8,2.6053336390258133e-05,114,0,400,0.285,49801.46,2.007973260221688e-05,86,0,400,0.215,FB.1034,4,FB.1034,2.446394,1.724782,4.9e-05,FB.1034,0.002239
720575940631119827,25607.21,3.9051501510707335e-05,58,0,400,0.145,479.975,0.0020834418459294,0,0,400,0.0,FB.276,0,FB.276,3.435724,3.438325,0.0,FB.276,0.001525
720575940631125036,33380.59,2.99575292108378e-05,83,0,400,0.2075,39636.6425,2.5229180296994126e-05,48,0,400,0.12,EB.10,3,EB.10,1.372305,0.707328,0.00067,EB.10,0.000143
720575940631132985,27154.305,3.68265731713627e-05,75,0,400,0.1875,54075.58,1.8492635677694072e-05,95,0,400,0.2375,FB.1386,1,FB.1386,2.3167,2.262375,0.0,FB.1386,0.000434
720575940631151663,30619.405,3.265902782892091e-05,81,0,400,0.2025,304.8725,0.0032800596970864,0,0,400,0.0,FB.LAL.14,0,FB.LAL.14,0.778519,4.838062,0.000923,FB.LAL.14,0.002552
720575940631165613,44523.56,2.246001892031994e-05,123,0,400,0.3075,14029.6775,7.127747590776766e-05,1,0,400,0.0025,FB.1020,2,FB.1020,2.822486,3.139305,0.0,FB.1020,0.000842
720575940631255656,38726.165,2.5822334847770233e-05,107,0,400,0.2675,21132.225,4.732109373243944e-05,2,0,400,0.005,FB.800,1,FB.800,3.632475,2.933306,0.0,FB.800,0.001663
720575940631257647,32182.21,3.107306800869176e-05,93,0,400,0.2325,582.995,0.0017152805770203,0,0,400,0.0,FB.90,2,FB.90,3.189751,4.358487,0.005023,FB.90,0.009671
720575940631282247,55462.4675,1.8030211151352037e-05,182,0,400,0.455,51676.3075,1.9351227832987097e-05,77,0,400,0.1925,LAL.FB.3,0,LAL.FB.3,3.059561,2.133534,2e-06,LAL.FB.3,0.001243
720575940631303212,42641.02,2.345159660814868e-05,134,0,400,0.335,5782.5775,0.0001729332637565,0,0,400,0.0,FB.671,0,FB.671,3.038997,3.796068,0.0,FB.671,0.001149
720575940631347596,33281.0175,3.0047158263715944e-05,108,0,400,0.27,322.11,0.0031045295085529,0,0,400,0.0,FB.66,0,FB.66,3.119182,4.695111,0.012509,FB.66,0.011817
720575940631353683,27898.27,3.584451652378445e-05,65,0,400,0.1625,10626.5025,9.410433959809448e-05,0,0,400,0.0,FB.1316,3,FB.1316,3.012141,3.210922,0.0,FB.1316,0.000525
720575940631366483,22469.245,4.450527821473307e-05,56,0,400,0.14,1768.515,0.0005654461511494,0,0,400,0.0,FB.310,0,FB.310,3.314268,4.289256,0.001296,FB.310,0.004857
720575940631369149,29616.4625,3.376500485160913e-05,86,0,400,0.215,94098.7775,1.0627130623455762e-05,348,0,400,0.87,NO.153,3,NO.153,2.272207,1.330231,1e-06,NO.153,0.001528
720575940631372369,39225.7625,2.5493449617454855e-05,98,0,400,0.245,47343.1475,2.1122381016175572e-05,75,0,400,0.1875,EB.143,5,EB.143,1.757258,0.440651,1e-06,EB.143,0.001473
720575940631372845,33614.315,2.97492303502243e-05,85,0,400,0.2125,5921.3925,0.000168879195223,0,0,400,0.0,FB.1093,0,FB.1093,2.965255,3.466553,0.0,FB.1093,0.000933
720575940631398308,43819.775,2.2820747025743515e-05,117,0,400,0.2925,694.9675,0.0014389162083118,0,0,400,0.0,FB.340,0,FB.340,3.250523,3.529042,0.0,FB.340,0.001904
720575940631413156,34859.0,2.8686996184629507e-05,91,0,400,0.2275,687.0675,0.0014554610718743,0,0,400,0.0,FB.242,0,FB.242,2.824035,4.350324,0.00238,FB.242,0.007173
720575940631426700,38288.5775,2.6117449779898457e-05,105,0,400,0.2625,6919.27,0.0001445239165403,0,0,400,0.0,FB.786,1,FB.786,2.98546,3.45842,0.000436,FB.786,0.002124
720575940631449411,32165.3275,3.1089377218372796e-05,83,0,400,0.2075,256.4975,0.0038986734763496,0,0,400,0.0,FB.9,3,FB.9,3.242431,3.379718,0.003931,FB.9,0.018234
720575940631468258,36849.7475,2.713722800949993e-05,78,0,400,0.195,54048.1975,1.8502004622818364e-05,103,0,400,0.2575,FB.1315,3,FB.1315,2.502603,3.455956,0.0,FB.1315,0.000594
720575940631477677,26938.595,3.712146086312222e-05,65,0,400,0.1625,15339.7275,6.519020627973997e-05,0,0,400,0.0,FB.418,0,FB.418,3.123619,2.758926,0.000165,FB.418,0.003588
720575940631483167,37390.46,2.674478998118771e-05,131,0,400,0.3275,1307.315,0.0007649265861708,0,0,400,0.0,FB.700,2,FB.700,3.324128,4.341864,0.002618,FB.700,0.002465
720575940631487047,25521.36,3.918286486300103e-05,69,0,400,0.1725,20128.6525,4.96804244596105e-05,4,0,400,0.01,EB.98,5,EB.98,0.329144,0.47647,0.0,EB.98,0.000382
720575940631508255,23405.0925,4.2725744407974466e-05,58,0,400,0.145,262.225,0.0038135189245876,0,0,400,0.0,FB.88,0,FB.88,3.238553,4.588137,0.005569,FB.88,0.009904
720575940631520839,29076.0825,3.43925286358642e-05,74,0,400,0.185,86202.01,1.1600657571673793e-05,300,0,400,0.75,NO.64,3,NO.64,4.020812,1.924591,0.0,NO.64,0.000567
720575940631552204,23556.425,4.245126329653163e-05,44,0,400,0.11,27183.3675,3.6787200849931486e-05,7,0,400,0.0175,FB.1167,3,FB.1167,3.016463,3.729465,0.0,FB.1167,0.000498
720575940631572305,25130.23,3.979271180566195e-05,49,0,400,0.1225,549.96,0.0018183140592043,0,0,400,0.0,FB.302,0,FB.302,3.142709,3.466203,0.000905,FB.302,0.002558
720575940631614675,26913.0325,3.7156719518694145e-05,75,0,400,0.1875,3727.565,0.0002682716465038,0,0,400,0.0,FB.557,0,FB.557,3.094399,4.076748,2.6e-05,FB.557,0.001978
720575940631619384,33141.285,3.017384509985053e-05,90,0,400,0.225,4161.13,0.0002403193363341,0,0,400,0.0,FB.83,4,FB.83,3.354291,3.443298,0.014276,FB.83,0.025101
720575940631620689,21271.8,4.701059618838086e-05,50,0,400,0.125,1194.6075,0.0008370950291204,0,0,400,0.0,FB.785,2,FB.785,3.359745,4.53229,0.030296,FB.785,0.002887
720575940631621145,37424.2475,2.672064414922438e-05,111,0,400,0.2775,6776.5575,0.0001475675518137,0,0,400,0.0,FB.SMP.70,2,FB.SMP.70,2.039945,3.711213,0.0,FB.SMP.70,0.000313
720575940631625953,21126.2825,4.7334404432014955e-05,40,0,400,0.1,64898.4925,1.5408678406513063e-05,160,0,400,0.4,FB.999,4,FB.999,3.357246,2.459795,0.001061,FB.999,0.003139
720575940631626491,31795.46,3.145103105915121e-05,97,0,400,0.2425,93753.0,1.066632534425565e-05,355,0,400,0.8875,CRE.71,4,CRE.71,2.960503,0.670186,0.0,CRE.71,0.00067
720575940631638073,30613.8175,3.266498861176003e-05,79,0,400,0.1975,28728.3775,3.4808787931027434e-05,9,0,400,0.0225,FB.759,0,FB.759,3.107468,2.605499,0.0,FB.759,0.001695
720575940631639972,32667.7625,3.061121801653847e-05,98,0,400,0.245,2183.0125,0.0004580825808372,0,0,400,0.0,FB.354,3,FB.354,3.044226,3.830173,0.0,FB.354,0.002406
720575940631701499,24825.5925,4.028101242699444e-05,66,0,400,0.165,29415.6275,3.399553519638498e-05,16,0,400,0.04,CRE.FB.39,0,CRE.FB.39,3.001966,2.577938,0.0,CRE.FB.39,0.001524
720575940631724717,26373.6725,3.7916600352112506e-05,68,0,400,0.17,99791.935,1.0020849881305538e-05,397,0,400,0.9925,NO.211,3,NO.211,1.860934,1.051156,0.0,NO.211,0.000167
720575940631725011,53257.34,1.877675452810824e-05,183,0,400,0.4575,1518.21,0.0006586704079145,0,0,400,0.0,FB.229,0,FB.229,3.354114,4.441218,0.001451,FB.229,0.00569
720575940631725087,32389.975,3.0873750288476605e-05,104,0,400,0.26,1813.73,0.000551349980427,0,0,400,0.0,FB.784,2,FB.784,3.394632,4.28363,0.00293,FB.784,0.002064
720575940631729720,50614.0,1.975737938119888e-05,165,0,400,0.4125,6545.7,0.0001527720488259,0,0,400,0.0,FB.401,3,FB.401,3.025388,3.259825,0.0,FB.401,0.002316
720575940631785441,34221.3875,2.9221491969020837e-05,100,0,400,0.25,899.795,0.0011113642551914,0,0,400,0.0,FB.253,3,FB.253,2.658313,4.41466,7.2e-05,FB.253,0.004277
720575940631814085,32012.1025,3.123818562057897e-05,74,0,400,0.185,10241.295,9.764390147925627e-05,0,0,400,0.0,FB.815,1,FB.815,3.150604,2.816238,4.3e-05,FB.815,0.001992
720575940631822663,34979.5625,2.858812199266357e-05,108,0,400,0.27,93758.28,1.0665724669863823e-05,352,0,400,0.88,AOTU.FB.13,4,AOTU.FB.13,2.120622,2.059952,0.000157,AOTU.FB.13,0.001158
720575940631824332,26562.58,3.764694543978785e-05,71,0,400,0.1775,6503.7825,0.0001537566792862,0,0,400,0.0,FB.505,0,FB.505,3.401037,3.679112,0.0,FB.505,0.001384
720575940631831879,15247.24,6.558564041754442e-05,14,0,400,0.035,96289.99,1.038529550164041e-05,369,0,400,0.9225,AOTU.FB.25,4,AOTU.FB.25,2.047945,2.002012,0.000985,AOTU.FB.25,0.000389
720575940631839827,20761.9575,4.8165015268911905e-05,59,0,400,0.1475,2751.93,0.0003633813360078,0,0,400,0.0,SMP.FB.9,2,SMP.FB.9,3.404615,3.816492,0.000432,SMP.FB.9,0.002702
720575940631863583,37140.845,2.6924535508010116e-05,93,0,400,0.2325,2684.975,0.0003724429463961,0,0,400,0.0,FB.301,0,FB.301,3.262271,3.947722,1.3e-05,FB.301,0.002335
720575940631911905,35845.8825,2.789720688282678e-05,97,0,400,0.2425,1270.68,0.0007869801995781,0,0,400,0.0,FB.460,2,FB.460,2.941881,4.043248,0.0,FB.460,0.002025
720575940631958829,43928.3025,2.276436700462077e-05,143,0,400,0.3575,1478.2825,0.0006764606900237,0,0,400,0.0,FB.280,2,FB.280,3.061126,3.884099,0.0,FB.280,0.003632
720575940631983277,29377.7625,3.4039352043914166e-05,85,0,400,0.2125,1881.5025,0.0005314901255778,0,0,400,0.0,FB.275,0,FB.275,3.222846,4.429683,0.00032,FB.275,0.004786
720575940631991507,47843.9975,2.0901263528408136e-05,162,0,400,0.405,6030.52,0.0001658231794273,0,0,400,0.0,FB.144,3,FB.144,4.210745,4.018885,0.020973,FB.144,0.012408
720575940632052010,43112.435,2.3195163993868592e-05,123,0,400,0.3075,20178.73,4.9557132683771475e-05,2,0,400,0.005,FB.1333,0,FB.1333,2.987643,3.317011,0.0,FB.1333,0.000855
720575940632059673,27780.1425,3.5996935580873996e-05,77,0,400,0.1925,37775.2425,2.647236480348207e-05,34,0,400,0.085,FB.1222,3,FB.1222,2.736351,3.397145,0.0,FB.1222,0.001032
720575940632074521,39576.2425,2.5267684267903905e-05,118,0,400,0.295,4112.7325,0.0002431473479006,0,0,400,0.0,FB.735,0,FB.735,3.108697,4.040968,0.0,FB.735,0.001191
720575940632088857,40303.46,2.4811765540725287e-05,122,0,400,0.305,93431.15,1.070306851622826e-05,342,0,400,0.855,FB.1275,4,FB.1275,2.203161,1.59784,0.0,FB.1275,0.001027
720575940632091929,17656.605,5.663602940655919e-05,28,0,400,0.07,17814.0625,5.6135426716954656e-05,1,0,400,0.0025,FB.880,1,FB.880,2.767959,2.840888,7e-06,FB.880,0.001269
720575940632097965,32108.255,3.114463866068087e-05,77,0,400,0.1925,1199.23,0.0008338683988892,0,0,400,0.0,FB.290,3,FB.290,3.077851,4.179002,0.000882,FB.290,0.003562
720575940632180909,55199.505,1.811610448318332e-05,169,0,400,0.4225,13093.43,7.637418155517691e-05,0,0,400,0.0,FB.1092,3,FB.1092,2.809663,3.286995,6.1e-05,FB.1092,0.000728
720575940632212039,20675.885,4.8365523410485217e-05,47,0,400,0.1175,1305.29,0.0007661132775092,0,0,400,0.0,FB.10,0,FB.10,3.466249,4.346085,0.010064,FB.10,0.017795
720575940632216289,34736.0825,2.8788508318403496e-05,110,0,400,0.275,99831.2725,1.001690126708542e-05,399,0,400,0.9975,NO.FB.97,4,NO.FB.97,1.987984,1.529593,0.0,NO.FB.97,0.000176
720575940632223132,23196.47,4.311000768651437e-05,49,0,400,0.1225,92173.33,1.0849125229608176e-05,338,0,400,0.845,FB.1237,4,FB.1237,1.972323,1.645201,0.0,FB.1237,0.000438
720575940632255388,31209.3375,3.20416926504768e-05,71,0,400,0.1775,2165.1325,0.000461865497839,0,0,400,0.0,FB.1091,0,FB.1091,2.213186,4.168517,0.0,FB.1091,0.000711
720575940632259865,39073.13,2.5593035418457647e-05,130,0,400,0.325,1413.5425,0.0007074424716625,0,0,400,0.0,FB.898,2,FB.898,2.885186,4.462356,0.0001,FB.898,0.001868
720575940632339682,31416.005,3.1830909117820675e-05,91,0,400,0.2275,42893.23,2.331370241877331e-05,53,0,400,0.1325,NO.FB.10,3,NO.FB.10,4.102793,3.73919,0.000267,NO.FB.10,0.002343
720575940632372380,33335.2325,2.9998290847378973e-05,89,0,400,0.2225,4639.3775,0.0002155461589405,0,0,400,0.0,FB.716,0,FB.716,3.038352,3.961107,0.0,FB.716,0.001459
720575940632402588,31822.45,3.1424356075663566e-05,73,0,400,0.1825,836.53,0.0011954143903984,0,0,400,0.0,FB.459,3,FB.459,3.441323,4.74664,0.0,FB.459,0.004393
720575940632423442,34888.0,2.866315065351983e-05,95,0,400,0.2375,17049.3275,5.865333984580917e-05,0,0,400,0.0,FB.939,4,FB.939,3.169251,3.081543,1e-06,FB.939,0.001615
720575940632424011,22156.8675,4.513273367726733e-05,46,0,400,0.115,716.1225,0.0013964091339121,0,0,400,0.0,FB.565,0,FB.565,3.258446,4.678534,0.000219,FB.565,0.001906
720575940632496938,36552.6575,2.7357791974495972e-05,112,0,400,0.28,29600.3075,3.3783432824135356e-05,23,0,400,0.0575,FB.752,3,FB.752,4.063474,3.387182,0.0,FB.752,0.001284
720575940632614295,33215.77,3.0106181491502385e-05,106,0,400,0.265,95825.3875,1.0435647860020394e-05,370,0,400,0.925,EB.35,3,EB.35,0.738926,0.294284,0.0,EB.35,0.000284
720575940632640703,24272.0475,4.119965569447736e-05,74,0,400,0.185,33180.5225,3.013816313471254e-05,22,0,400,0.055,FB.1221,3,FB.1221,2.671559,3.566746,0.0,FB.1221,0.000614
720575940632646189,31800.62,3.144592778379793e-05,91,0,400,0.2275,4511.155,0.0002216727201792,0,0,400,0.0,CRE.FB.20,3,CRE.FB.20,2.72114,2.731416,0.0,CRE.FB.20,0.00146
720575940632651219,40544.31,2.4664373373230425e-05,119,0,400,0.2975,191.5775,0.0052198196552309,0,0,400,0.0,FB.52,3,FB.52,3.263935,4.748496,0.026171,FB.52,0.015831
720575940632669977,33007.7425,3.029592223703272e-05,99,0,400,0.2475,97472.4025,1.02593141684386e-05,379,0,400,0.9475,NO.FB.8,1,NO.FB.8,2.871448,1.218805,1.7e-05,NO.FB.8,0.001217
720575940632677331,28075.73,3.56179518751605e-05,79,0,400,0.1975,85944.99,1.1635349541607951e-05,294,0,400,0.735,FB.1274,4,FB.1274,2.982688,2.236021,0.0,FB.1274,0.001131
720575940632716128,36461.765,2.7425989937678552e-05,94,0,400,0.235,4648.015,0.0002151456051669,0,0,400,0.0,FB.734,2,FB.734,3.087586,3.635618,6e-06,FB.734,0.001734
720575940632718944,26343.67,3.795978312816704e-05,81,0,400,0.2025,1331.3025,0.0007511440863365,0,0,400,0.0,FB.667,2,FB.667,3.345381,4.519386,0.007113,FB.667,0.003423
720575940632720279,36598.015,2.732388628181064e-05,108,0,400,0.27,1028.8525,0.0009719566215759,0,0,400,0.0,FB.325,3,FB.325,2.847621,4.325749,0.0,FB.325,0.003425
720575940632732985,19862.72,5.0345572006250905e-05,50,0,400,0.125,471.7175,0.0021199128715809,0,0,400,0.0,FB.58,2,FB.58,3.387812,4.405758,0.001617,FB.58,0.007198
720575940632735545,21478.2325,4.655876595059673e-05,38,0,400,0.095,549.205,0.0018208137216522,0,0,400,0.0,FB.378,0,FB.378,3.438596,3.474469,4.8e-05,FB.378,0.002935
720575940632735584,32585.3225,3.068866358465533e-05,86,0,400,0.215,5625.4425,0.0001777637936926,0,0,400,0.0,FB.353,4,FB.353,3.16515,3.51072,1.2e-05,FB.353,0.004998
720575940632736703,48846.52,2.0472287483325323e-05,167,0,400,0.4175,99557.0,1.0044497122251574e-05,397,0,400,0.9925,EB.170,3,EB.170,0.521366,0.227033,0.0,EB.170,0.000214
720575940632742099,30938.7825,3.2321892433873245e-05,97,0,400,0.2425,3687.605,0.0002711787189788,0,0,400,0.0,EB.FB.4,1,EB.FB.4,3.2717,3.033199,0.004676,EB.FB.4,0.010904
720575940632769175,20362.3025,4.9110359695324235e-05,46,0,400,0.115,16450.9325,6.0786827737576584e-05,1,0,400,0.0025,FB.496,2,FB.496,3.023748,2.901867,1.3e-05,FB.496,0.00175
720575940632803007,40399.5075,2.4752776998580984e-05,126,0,400,0.315,12401.5,8.063540700721687e-05,0,0,400,0.0,FB.931,2,FB.931,3.039477,3.321956,3e-06,FB.931,0.001608
720575940632803223,25979.6125,3.849172115249987e-05,72,0,400,0.18,664.3425,0.0015052476696884,0,0,400,0.0,FB.233,0,FB.233,2.74934,4.281518,0.002417,FB.233,0.007241
720575940632825913,45425.095,2.2014263261309636e-05,136,0,400,0.34,1994.6,0.0005013536548681,0,0,400,0.0,FB.77,3,FB.77,4.322852,4.064984,0.136775,FB.77,0.008474
720575940632827496,34556.93,2.8937755755502587e-05,102,0,400,0.255,67491.485,1.4816683912052016e-05,181,0,400,0.4525,FB.1158,4,FB.1158,2.987382,2.984174,0.0,FB.1158,0.000786
720575940632830056,32006.5525,3.124360238423054e-05,78,0,400,0.195,10086.435,9.914305698693344e-05,0,0,400,0.0,SMP.FB.17,2,SMP.FB.17,3.244436,3.441493,0.0,SMP.FB.17,0.003134
720575940632841367,39515.5975,2.53064628467278e-05,118,0,400,0.295,22134.88,4.517756590503314e-05,1,0,400,0.0025,FB.865,1,FB.865,3.000434,2.791964,1.3e-05,FB.865,0.001036
720575940632862177,35558.5925,2.8122597934662347e-05,91,0,400,0.2275,1196.82,0.0008355475342992,0,0,400,0.0,FB.228,3,FB.228,3.363059,3.518529,0.000116,FB.228,0.002908
720575940632880224,36629.27,2.7300571373658283e-05,99,0,400,0.2475,94355.8825,1.0598173357130118e-05,355,0,400,0.8875,AOTU.BU.41,4,AOTU.BU.41,1.84699,1.742109,0.0,AOTU.BU.41,0.000161
720575940632891106,31421.7525,3.18250867770663e-05,91,0,400,0.2275,2663.3575,0.0003754659297522,0,0,400,0.0,FB.156,3,FB.156,4.26573,4.015553,0.076446,FB.156,0.016633
720575940632894304,39616.58,2.5241956776682893e-05,107,0,400,0.2675,80114.165,1.2482187138816216e-05,256,0,400,0.64,AOTU.FB.38,4,AOTU.FB.38,2.074677,2.437635,0.000986,AOTU.FB.38,0.000415
720575940632934355,27155.235,3.6825311951820706e-05,63,0,400,0.1575,1882.885,0.0005310998812991,0,0,400,0.0,FB.838,0,FB.838,2.932515,3.49573,0.0,FB.838,0.001249
720575940632943199,31701.45,3.154429844691647e-05,88,0,400,0.22,9737.74,0.0001026932327213,0,0,400,0.0,FB.984,2,FB.984,2.98377,3.269723,2.4e-05,FB.984,0.000884
720575940632988351,30200.6475,3.311187284974602e-05,86,0,400,0.215,25304.3825,3.951884619195904e-05,11,0,400,0.0275,EB.93,4,EB.93,1.094106,2.402783,0.0,EB.93,0.000656
720575940632992922,33338.4,2.999544069301466e-05,96,0,400,0.24,1834.4225,0.0005451306882683,0,0,400,0.0,FB.699,2,FB.699,2.20606,4.309241,0.0,FB.699,0.001918
720575940632994399,33726.0225,2.9650694801024937e-05,90,0,400,0.225,36160.41,2.7654553695602453e-05,35,0,400,0.0875,EB.274,4,EB.274,0.768152,3.167236,8e-06,EB.274,0.001238
720575940633013412,32089.25,3.116308421044431e-05,106,0,400,0.265,775.925,0.0012887843541579,0,0,400,0.0,FB.104,2,FB.104,3.141124,3.956837,0.006624,FB.104,0.008563
720575940633021084,39941.995,2.5036305772908935e-05,118,0,400,0.295,99340.925,1.0066344761738428e-05,395,0,400,0.9875,NO.FB.73,3,NO.FB.73,2.130902,1.673715,0.0,NO.FB.73,0.000304
720575940633054874,26274.005,3.8060432735702074e-05,71,0,400,0.1775,43247.13,2.312292168289549e-05,53,0,400,0.1325,FB.1273,3,FB.1273,2.710285,3.304883,0.0,FB.1273,0.000354
720575940633057762,26894.0,3.718301479883989e-05,77,0,400,0.1925,4669.9175,0.0002141365452387,0,0,400,0.0,FB.324,3,FB.324,3.278494,3.368096,0.0,FB.324,0.00281
720575940633120151,56881.8825,1.7580290174116514e-05,192,0,400,0.48,9591.1425,0.0001042628654511,0,0,400,0.0,FB.1332,0,FB.1332,2.127101,2.667876,0.0,FB.1332,0.000191
720575940633135455,20927.0875,4.7784958131416995e-05,40,0,400,0.1,59045.9425,1.6935964736272947e-05,123,0,400,0.3075,FB.1148,4,FB.1148,2.531855,2.428239,4e-06,FB.1148,0.001801
720575940633173412,20830.795,4.800584903264614e-05,47,0,400,0.1175,3193.65,0.0003131213501792,0,0,400,0.0,FB.352,2,FB.352,3.146181,3.844463,0.0,FB.352,0.002193
720575940633173668,16000.3875,6.249848636478335e-05,19,0,400,0.0475,2220.5425,0.0004503404010506,0,0,400,0.0,FB.201,2,FB.201,3.217287,4.018161,0.0,FB.201,0.002877
720575940633177696,40768.9825,2.4528451255804584e-05,111,0,400,0.2775,82689.6075,1.2093418148102833e-05,270,0,400,0.675,FB.SMP.4,4,FB.SMP.4,2.839223,2.677708,0.0,FB.SMP.4,0.000628
720575940633227055,48833.4275,2.047777621179673e-05,120,0,400,0.3,92293.935,1.083494814691778e-05,334,0,400,0.835,FB.1323,4,FB.1323,2.693534,2.176613,0.0,FB.1323,0.000333
720575940633228615,43088.65,2.320796775949119e-05,140,0,400,0.35,85234.97,1.173227373694154e-05,293,0,400,0.7325,AOTU.FB.8,4,AOTU.FB.8,2.387071,2.480533,0.0,AOTU.FB.8,0.000801
720575940633242449,44626.555,2.240818275127892e-05,122,0,400,0.305,486.775,0.0020543372194545,0,0,400,0.0,FB.601,3,FB.601,2.859505,4.449962,0.000498,FB.601,0.001766
720575940633271447,34475.415,2.9006177300548812e-05,102,0,400,0.255,1834.09,0.000545229514364,0,0,400,0.0,FB.897,2,FB.897,2.355504,4.23306,0.0,FB.897,0.001396
720575940633303743,49588.4,2.016600656605174e-05,169,0,400,0.4225,96781.84,1.033251692672923e-05,365,0,400,0.9125,NO.89,3,NO.89,3.865229,1.326398,0.0,NO.89,0.000187
720575940633305951,52533.0325,1.9035642002962612e-05,186,0,400,0.465,95286.3775,1.0494679577886149e-05,368,0,400,0.92,AOTU.FB.47,4,AOTU.FB.47,2.025998,1.710469,0.001231,AOTU.FB.47,0.001797
720575940633368171,46906.6675,2.131893083216794e-05,154,0,400,0.385,94809.9175,1.0547419788652384e-05,361,0,400,0.9025,NO.131,4,NO.131,2.327093,1.8596,1e-06,NO.131,0.000915
720575940633391211,31086.035,3.2168785758621195e-05,87,0,400,0.2175,64024.7425,1.561896168500795e-05,160,0,400,0.4,FB.1314,3,FB.1314,2.828823,3.245126,0.0,FB.1314,0.000547
720575940633412971,27744.5275,3.604314400380399e-05,68,0,400,0.17,1512.88,0.0006609909576436,0,0,400,0.0,FB.783,2,FB.783,3.29689,4.33568,0.001481,FB.783,0.002352
720575940633423255,46481.02,2.1514157821837817e-05,150,0,400,0.375,99821.23,1.001790901594781e-05,399,0,400,0.9975,NO.FB.67,3,NO.FB.67,2.259879,1.84415,0.0,NO.FB.67,0.000692
720575940633437176,33381.25,2.9956936903201646e-05,93,0,400,0.2325,215.555,0.0046391872144,0,0,400,0.0,FB.51,0,FB.51,3.255959,4.886955,0.019653,FB.51,0.011978
720575940633442468,27322.4825,3.659989534259927e-05,78,0,400,0.195,491.3475,0.0020352194729799,0,0,400,0.0,FB.MB_ML.5,3,FB.MB_ML.5,3.318389,4.606702,0.006323,FB.MB_ML.5,0.006579
720575940633515420,28645.075,3.491001507239901e-05,79,0,400,0.1975,39289.295,2.5452225599873963e-05,44,0,400,0.11,FB.333,0,FB.333,2.905269,3.2496,3.6e-05,FB.333,0.002505
720575940633519514,44199.4025,2.2624740232630975e-05,141,0,400,0.3525,868.215,0.0011517884394994,0,0,400,0.0,FB.577,2,FB.577,3.017133,4.544718,0.001128,FB.577,0.003002
720575940633537823,31479.225,3.176698282756326e-05,75,0,400,0.1875,5043.995,0.0001982555494206,0,0,400,0.0,FB.823,4,FB.823,3.431009,3.471916,0.000307,FB.823,0.002382
720575940633620132,25187.055,3.97029347019729e-05,70,0,400,0.175,3907.9325,0.0002558897831526,0,0,400,0.0,EB.FB.2,1,EB.FB.2,3.45939,3.023411,0.00481,EB.FB.2,0.011942
720575940633623743,36098.09,2.7702296714313696e-05,100,0,400,0.25,99000.2325,1.0100986378996636e-05,391,0,400,0.9775,NO.96,0,NO.96,2.502183,1.826492,0.0,NO.96,0.000411
720575940633658559,43928.3325,2.276435145813923e-05,118,0,400,0.295,94149.8725,1.0621363294995436e-05,346,0,400,0.865,NO.9,1,NO.9,2.727842,2.057713,0.0,NO.9,0.001013
720575940633676479,25937.145,3.855474455650381e-05,68,0,400,0.17,4872.25,0.0002052439837857,0,0,400,0.0,FB.513,4,FB.513,3.403188,3.499696,0.0,FB.513,0.003431
720575940633738903,53085.4825,1.883754188350836e-05,187,0,400,0.4675,20696.5275,4.8317284143439035e-05,6,0,400,0.015,FB.1424,4,FB.1424,1.528133,2.68881,0.0,FB.1424,0.000238
720575940633741613,20060.81,4.984843583085627e-05,41,0,400,0.1025,2816.17,0.0003550921996896,0,0,400,0.0,FB.314,3,FB.314,3.13181,3.36874,0.0,FB.314,0.00295
720575940633744747,41791.955,2.392805026709088e-05,121,0,400,0.3025,1431.0825,0.0006987717339845,0,0,400,0.0,FB.467,2,FB.467,3.508709,4.34457,0.002342,FB.467,0.004078
720575940633791571,36280.2375,2.756321537310774e-05,99,0,400,0.2475,13123.915,7.619677512388642e-05,0,0,400,0.0,FB.740,1,FB.740,2.627136,2.958156,0.000179,FB.740,0.00152
720575940633792595,46768.6225,2.138185703459622e-05,149,0,400,0.3725,16219.2175,6.165525556334638e-05,2,0,400,0.005,FB.313,3,FB.313,3.616782,3.544733,0.0,FB.313,0.002581
720575940633797677,59564.725,1.6788459948400668e-05,181,0,400,0.4525,918.3475,0.0010889124214962,0,0,400,0.0,FB.461,2,FB.461,3.09508,4.301055,7.1e-05,FB.461,0.003653
720575940633815800,26172.5075,3.820803184410206e-05,73,0,400,0.1825,98460.42,1.0156365369962874e-05,387,0,400,0.9675,NO.FB.117,0,NO.FB.117,2.469046,1.522003,0.0,NO.FB.117,0.000555
720575940633909600,32531.7375,3.073921274570717e-05,91,0,400,0.2275,296.995,0.003367060051516,0,0,400,0.0,FB.116,2,FB.116,3.102591,4.59747,0.008635,FB.116,0.009577
720575940633913239,37386.0375,2.6747953697954752e-05,97,0,400,0.2425,28050.0375,3.565057622471984e-05,15,0,400,0.0375,FB.1019,1,FB.1019,2.878145,2.614976,0.0,FB.1019,0.000589
720575940633924653,28829.3175,3.4686912029741943e-05,70,0,400,0.175,90622.215,1.1034821870112092e-05,315,0,400,0.7875,FB.674,4,FB.674,2.996341,2.217048,8e-06,FB.674,0.002274
720575940633936279,38498.855,2.597479847127921e-05,119,0,400,0.2975,24109.755,4.1476987219488545e-05,5,0,400,0.0125,FB.512,4,FB.512,3.351792,3.019088,0.0,FB.512,0.003704
720575940633982303,24748.1425,4.040707297527481e-05,44,0,400,0.11,1164.8075,0.0008585109556729,0,0,400,0.0,FB.621,2,FB.621,2.914947,4.475611,0.002815,FB.621,0.003994
720575940634036159,21123.585,4.734044907623398e-05,40,0,400,0.1,90617.9875,1.1035336665361278e-05,325,0,400,0.8125,NO.63,4,NO.63,2.715293,2.50333,3.5e-05,NO.63,0.003031
720575940634040244,28572.6125,3.499854974759484e-05,77,0,400,0.1925,24786.735,4.034415989036071e-05,10,0,400,0.025,FB.1147,4,FB.1147,3.146351,2.782887,0.0,FB.1147,0.000631
720575940634043640,39431.0125,2.536074872538462e-05,122,0,400,0.305,10859.7425,9.208321468027442e-05,0,0,400,0.0,FB.1166,3,FB.1166,2.70382,3.065516,0.0,FB.1166,0.000726
720575940634046399,37576.76,2.6612193281166336e-05,99,0,400,0.2475,1495.235,0.0006687911933575,0,0,400,0.0,FB.837,2,FB.837,3.281334,4.382516,0.000362,FB.837,0.002238
720575940634062328,29323.5575,3.410227425509337e-05,82,0,400,0.205,86481.4775,1.1563169697233724e-05,291,0,400,0.7275,FB.820,4,FB.820,2.508729,1.869352,2.3e-05,FB.820,0.002952
720575940634066424,46301.255,2.1597686714971336e-05,134,0,400,0.335,21998.3675,4.545791863873535e-05,7,0,400,0.0175,FB.368,0,FB.368,2.924213,3.149962,5.7e-05,FB.368,0.002623
720575940634076115,35972.0075,2.7799393736921687e-05,97,0,400,0.2425,52459.21,1.906242964772058e-05,91,0,400,0.2275,FB.709,1,FB.709,3.666698,3.220793,0.009338,FB.709,0.005239
720575940634081272,40612.32,2.462307004376997e-05,124,0,400,0.31,44753.915,2.234441389094116e-05,50,0,400,0.125,FB.CRE.96,4,FB.CRE.96,1.528108,3.163942,0.0,FB.CRE.96,0.000534
720575940634145436,41007.31,2.438589607560213e-05,129,0,400,0.3225,386.85,0.0025849812588858,0,0,400,0.0,FB.142,3,FB.142,3.166574,4.219487,0.002019,FB.142,0.004634
720575940634173176,24522.2875,4.077922991482748e-05,55,0,400,0.1375,88521.6875,1.1296666706675697e-05,313,0,400,0.7825,FB.1411,4,FB.1411,1.798152,2.353817,0.0,FB.1411,0.000135
720575940634192339,29107.9625,3.435486080483991e-05,82,0,400,0.205,11885.4825,8.413625614273548e-05,0,0,400,0.0,FB.1355,3,FB.1355,2.656865,3.055715,0.0,FB.1355,9.1e-05
720575940634221935,32876.43,3.041692787203477e-05,91,0,400,0.2275,25023.9375,3.996173663716991e-05,9,0,400,0.0225,FB.367,0,FB.367,2.911993,2.740801,4.6e-05,FB.367,0.002779
720575940634244207,30874.745,3.238893147133685e-05,89,0,400,0.2225,99848.355,1.0015187531131584e-05,399,0,400,0.9975,NO.192,0,NO.192,2.076312,0.741984,0.0,NO.192,0.000196
720575940634248184,31723.24,3.152263135795713e-05,92,0,400,0.23,6492.6075,0.0001540213234821,0,0,400,0.0,FB.1045,3,FB.1045,3.118689,3.204037,0.002414,FB.1045,0.001037
720575940634258131,21755.0,4.5966444495518273e-05,51,0,400,0.1275,1910.86,0.0005233245763687,0,0,400,0.0,FB.988,0,FB.988,2.598514,4.167418,0.0,FB.988,0.000807
720575940634280288,29504.6875,3.389291955727374e-05,81,0,400,0.2025,735.7875,0.0013590880519171,0,0,400,0.0,FB.79,0,FB.79,3.293179,4.022528,0.000446,FB.79,0.006523
720575940634288595,34741.8,2.878377055880812e-05,92,0,400,0.23,3663.7375,0.0002729453188171,0,0,400,0.0,FB.799,3,FB.799,3.412419,3.595941,0.0,FB.799,0.000582
720575940634308959,15993.13,6.252684746513034e-05,22,0,400,0.055,30164.29,3.31517831183827e-05,15,0,400,0.0375,FB.576,0,FB.576,3.056271,3.506019,0.0,FB.576,0.001535
720575940634309565,36125.46,2.7681308417941253e-05,97,0,400,0.2425,30713.99,3.2558453004640556e-05,23,0,400,0.0575,FB.1220,3,FB.1220,2.932303,3.446258,0.0,FB.1220,0.000574
720575940634313071,27365.8375,3.654191105972913e-05,64,0,400,0.16,287.0825,0.003483319254918,0,0,400,0.0,FB.39,0,FB.39,3.062922,4.717571,0.013371,FB.39,0.012702
720575940634338515,25106.89,3.982970411707703e-05,59,0,400,0.1475,92292.38,1.0835130700931103e-05,338,0,400,0.845,LAL.491,3,LAL.491,2.904223,2.729739,0.0,LAL.491,0.000191
720575940634360056,21789.3225,4.589403823822425e-05,49,0,400,0.1225,99527.6525,1.0047458921026998e-05,398,0,400,0.995,NO.295,0,NO.295,2.159998,1.179753,0.0,NO.295,9.9e-05
720575940634360824,28553.1325,3.502242704894113e-05,79,0,400,0.1975,47189.5125,2.119114919866994e-05,67,0,400,0.1675,NO.40,3,NO.40,4.072868,2.534789,0.0,NO.40,0.001114
720575940634376440,29466.615,3.3936711088124644e-05,76,0,400,0.19,81489.8225,1.2271471078489588e-05,260,0,400,0.65,SLP.FB.9,4,SLP.FB.9,3.397219,2.268897,0.0,SLP.FB.9,0.001872
720575940634407520,27400.885,3.649517159755972e-05,65,0,400,0.1625,3391.1275,0.0002948871724817,0,0,400,0.0,FB.200,3,FB.200,2.952815,3.396436,0.0,FB.200,0.003391
720575940634419051,47314.0025,2.1135392212907795e-05,140,0,400,0.35,1065.205,0.0009387864307809,0,0,400,0.0,FB.110,4,FB.110,3.484345,4.110695,0.006385,FB.110,0.012659
720575940634488939,22376.4575,4.4689826349858995e-05,40,0,400,0.1,2285.975,0.0004374501033475,0,0,400,0.0,FB.698,3,FB.698,2.877625,3.581345,0.0,FB.698,0.000745
720575940634489592,25177.92,3.971733963726949e-05,70,0,400,0.175,1565.5175,0.0006387664143007,0,0,400,0.0,FB.733,2,FB.733,2.824187,4.37371,0.00174,FB.733,0.002536
720575940634534255,41520.3225,2.4084591346803724e-05,129,0,400,0.3225,752.5725,0.0013287756329124,0,0,400,0.0,FB.189,0,FB.189,2.812737,4.331091,0.004764,FB.189,0.007816
720575940634539877,28731.91,3.4804508297568804e-05,61,0,400,0.1525,79324.5675,1.26064349484162e-05,247,0,400,0.6175,SMP.939,4,SMP.939,2.657617,2.870139,0.0,SMP.939,0.000753
720575940634575711,39709.8375,2.5182676710777272e-05,125,0,400,0.3125,89314.3,1.1196415355659732e-05,312,0,400,0.78,NO_CONS.2567,4,NO_CONS.2567,2.74538,2.454205,0.0,NO_CONS.2567,0.000226
720575940634647732,28747.135,3.4786075203668124e-05,78,0,400,0.195,689.6975,0.0014499110117116,0,0,400,0.0,FB.185,0,FB.185,2.890175,4.517858,0.006473,FB.185,0.007431
720575940634655924,28961.695,3.45283658294171e-05,86,0,400,0.215,55872.3975,1.7897925357507703e-05,110,0,400,0.275,FB.1146,4,FB.1146,3.099082,3.095409,0.0,FB.1146,0.000783
720575940634701025,26317.7175,3.799721613395995e-05,63,0,400,0.1575,10011.46,9.988553118126629e-05,0,0,400,0.0,FB.82,3,FB.82,3.815016,3.572206,0.0,FB.82,0.003053
720575940634752225,23938.07,4.177446218513021e-05,56,0,400,0.14,70809.5375,1.412239135158876e-05,196,0,400,0.49,FB.1006,4,FB.1006,2.863894,2.386937,2e-05,FB.1006,0.001773
720575940634772671,32072.525,3.117933496037496e-05,84,0,400,0.21,81611.615,1.2253157837888638e-05,261,0,400,0.6525,FB.1036,4,FB.1036,2.779751,2.194936,0.0,FB.1036,0.001262
720575940634788600,31021.79,3.2235406145164414e-05,71,0,400,0.1775,7336.365,0.0001363072856925,0,0,400,0.0,FB.193,3,FB.193,3.614823,3.585764,0.0,FB.193,0.004153
720575940634809230,15783.7125,6.335645051821617e-05,27,0,400,0.0675,3976.35,0.0002514869163931,0,0,400,0.0,FB.1090,0,FB.1090,2.886145,3.523734,1.1e-05,FB.1090,0.001102
720575940634843247,41983.9975,2.381859897928967e-05,137,0,400,0.3425,63272.775,1.5804585779586875e-05,150,0,400,0.375,NO.FB.29,3,NO.FB.29,4.009942,3.562578,0.0,NO.FB.29,0.001142
720575940634909807,23594.99,4.23818785259074e-05,62,0,400,0.155,987.36,0.0010128018149408,0,0,400,0.0,FB.393,2,FB.393,2.972361,3.964167,0.0,FB.393,0.002064
720575940634996878,28195.99,3.546603612783236e-05,81,0,400,0.2025,66163.34,1.5114110019234218e-05,167,0,400,0.4175,AOTU.FB.24,4,AOTU.FB.24,2.151737,2.481035,0.000987,AOTU.FB.24,0.001796
720575940635038309,43330.7675,2.307828957795405e-05,107,0,400,0.2675,6970.88,0.0001434539111274,0,0,400,0.0,FB.530,1,FB.530,3.232894,2.872604,0.000292,FB.530,0.002346
720575940635095452,50705.3625,1.9721779920220467e-05,172,0,400,0.43,176.4275,0.0056680506156919,0,0,400,0.0,FB.143,0,FB.143,3.256224,4.702046,0.013223,FB.143,0.007847
720575940635119758,36975.25,2.704511801813375e-05,114,0,400,0.285,3011.89,0.0003320174375558,0,0,400,0.0,FB.1145,2,FB.1145,2.254659,4.324183,0.0,FB.1145,0.000667
720575940635152153,40088.415,2.494486249955255e-05,134,0,400,0.335,8630.39,0.00011586961887,0,0,400,0.0,EB.118,5,EB.118,0.442564,1.289485,2e-06,EB.118,0.001328
720575940635183728,26581.9825,3.7619466493893e-05,67,0,400,0.1675,9167.8775,0.0001090765010767,0,0,400,0.0,FB.1363,0,FB.1363,2.066974,3.428611,0.0,FB.1363,9.9e-05
720575940635201422,44924.7875,2.225942638014704e-05,135,0,400,0.3375,98002.64,1.020380675459355e-05,384,0,400,0.96,NO.82,0,NO.82,2.438194,1.944256,0.0,NO.82,0.000445
720575940635223152,20590.7,4.856561457356962e-05,59,0,400,0.1475,29381.9975,3.403444575202894e-05,18,0,400,0.045,FB.556,4,FB.556,2.992707,2.910694,0.0,FB.556,0.002195
720575940635229797,18571.0125,5.384736023412832e-05,47,0,400,0.1175,94088.935,1.0628242311383371e-05,363,0,400,0.9075,NO.62,4,NO.62,2.313438,2.461818,0.0,NO.62,0.000878
720575940635239342,36368.6675,2.74961957294696e-05,122,0,400,0.305,100000.0,1e-05,400,0,400,1.0,NO.129,0,NO.129,2.327512,0.479427,0.0,NO.129,0.000336
720575940635319407,40064.81,2.495955927408616e-05,122,0,400,0.305,34431.1775,2.9043444709377135e-05,28,0,400,0.07,FB.1018,4,FB.1018,3.1256,3.12153,0.000488,FB.1018,0.001427
720575940635319663,49550.17,2.018156547192472e-05,152,0,400,0.38,6482.4225,0.0001542633174557,0,0,400,0.0,FB.138,3,FB.138,4.196631,3.986364,0.016978,FB.138,0.013381
720575940635395429,25691.85,3.892284907470657e-05,62,0,400,0.155,37631.36,2.657358118335346e-05,40,0,400,0.1,FB.913,4,FB.913,3.158041,2.904347,1e-06,FB.913,0.002352
720575940635412622,29521.2975,3.387384988752612e-05,82,0,400,0.205,98806.0725,1.0120835437518276e-05,391,0,400,0.9775,NO.FB.43,0,NO.FB.43,2.939111,1.96528,0.0,NO.FB.43,0.00128
720575940635427982,31397.07,3.185010575827617e-05,67,0,400,0.1675,93553.86,1.0689029827310173e-05,350,0,400,0.875,EB.45,3,EB.45,1.226395,0.805382,0.0,EB.45,1e-05
720575940635462318,25959.52,3.8521513494856607e-05,75,0,400,0.1875,98987.8375,1.010225119828484e-05,393,0,400,0.9825,NO.171,4,NO.171,1.837432,1.673366,0.0,NO.171,0.000104
720575940635467150,40840.7575,2.4485344083052327e-05,109,0,400,0.2725,129.4625,0.0077242444723375,0,0,400,0.0,FB.LAL.12,0,FB.LAL.12,0.940077,4.840902,3.3e-05,FB.LAL.12,0.003872
720575940635530359,38853.8275,2.573749008382765e-05,114,0,400,0.285,338.255,0.0029563494996378,0,0,400,0.0,FB.214,0,FB.214,3.078411,4.981697,0.009598,FB.214,0.006858
720575940635568480,32253.3075,3.1004572166746e-05,99,0,400,0.2475,86710.8125,1.1532587126893775e-05,298,0,400,0.745,FB.980,4,FB.980,2.421908,2.089499,1.1e-05,FB.980,0.002337
720575940635586851,32909.73,3.0386150235811716e-05,95,0,400,0.2375,98319.4525,1.0170927263859611e-05,390,0,400,0.975,NO.97,0,NO.97,2.358428,2.137194,0.0,NO.97,0.000455
720575940635622039,42473.49,2.354409774190913e-05,95,0,400,0.2375,37802.87,2.6453017985142397e-05,44,0,400,0.11,FB.1308,0,FB.1308,2.67763,2.709241,0.0,FB.1308,0.000159
720575940635632023,28529.385,3.505157927519293e-05,60,0,400,0.15,774.03,0.0012919395889048,0,0,400,0.0,FB.262,3,FB.262,3.166425,4.781102,0.00762,FB.262,0.004848
720575940635640974,25249.8,3.960427409326015e-05,60,0,400,0.15,5265.305,0.0001899225211075,0,0,400,0.0,FB.232,4,FB.232,3.285959,3.846848,0.001448,FB.232,0.006435
720575940635666409,32178.56,3.107659261321824e-05,96,0,400,0.24,9621.4425,0.0001039345191742,0,0,400,0.0,FB.1123,3,FB.1123,3.051951,3.048287,0.0,FB.1123,0.000701
720575940635678942,33435.875,2.9907995528754668e-05,78,0,400,0.195,1198.3175,0.0008345033766092,0,0,400,0.0,FB.192,0,FB.192,3.392156,4.542794,0.004497,FB.192,0.005364
720575940635814512,30095.44,3.322762518175511e-05,75,0,400,0.1875,97552.735,1.0250865852197788e-05,381,0,400,0.9525,NO.78,0,NO.78,2.470525,2.1449,0.0,NO.78,0.001682
720575940635852766,35078.8775,2.8507183560819468e-05,96,0,400,0.24,8604.3825,0.0001162198449452,0,0,400,0.0,FB.930,2,FB.930,3.02078,3.382001,0.0,FB.930,0.000867
720575940635869541,24958.9975,4.006571177388034e-05,70,0,400,0.175,32368.3075,3.0894417324724195e-05,26,0,400,0.065,FB.1219,3,FB.1219,2.731355,3.268957,0.0,FB.1219,0.000694
720575940635886057,35094.4125,2.84945644837337e-05,110,0,400,0.275,82050.9875,1.2187543751377765e-05,265,0,400,0.6625,FB.1144,4,FB.1144,3.018476,2.468713,0.0,FB.1144,0.001849
720575940635887593,44001.8275,2.272632880986591e-05,154,0,400,0.385,9455.2975,0.0001057608182079,0,0,400,0.0,FB.951,2,FB.951,2.956301,3.339904,0.0,FB.951,0.00124
720575940635911396,34672.89,2.8840976336267325e-05,112,0,400,0.28,32590.81,3.0683496359863406e-05,22,0,400,0.055,FB.1235,3,FB.1235,2.82669,3.725731,0.0,FB.1235,0.000723
720575940635969758,23758.2625,4.2090620052707975e-05,62,0,400,0.155,574.7275,0.0017399550221626,0,0,400,0.0,FB.101,2,FB.101,3.385794,4.696113,0.057048,FB.101,0.016502
720575940635990640,28365.2825,3.5254364203846726e-05,71,0,400,0.1775,100.1075,0.0099892615438403,0,0,400,0.0,FB.LAL.1,0,FB.LAL.1,1.368632,5.006043,0.007014,FB.LAL.1,0.005035
720575940635992718,33253.9925,3.0071577119649617e-05,86,0,400,0.215,71297.645,1.4025708703281851e-05,206,0,400,0.515,FB.400,1,FB.400,3.066269,2.430374,0.00049,FB.400,0.003978
720575940636063204,38093.22,2.6251390667420607e-05,121,0,400,0.3025,1871.4525,0.0005343443127731,0,0,400,0.0,FB.PB.1,3,FB.PB.1,3.066744,4.565631,0.0,FB.PB.1,0.001793
720575940636069348,40239.02,2.485149986257121e-05,104,0,400,0.26,222.135,0.0045017669435253,0,0,400,0.0,FB.71,3,FB.71,3.203654,4.627631,0.013913,FB.71,0.011587
720575940636129758,24977.145,4.00366014610557e-05,53,0,400,0.1325,48296.4975,2.070543521297792e-05,65,0,400,0.1625,FB.862,0,FB.862,2.922568,2.076542,0.0,FB.862,0.001361
720575940636143796,46483.205,2.1513146522491296e-05,131,0,400,0.3275,20452.3,4.889425639170167e-05,2,0,400,0.005,FB.1089,4,FB.1089,3.066,3.201721,0.0,FB.1089,0.000892
720575940636191977,42705.73,2.341606149807063e-05,121,0,400,0.3025,4432.345,0.0002256142064753,0,0,400,0.0,FB.651,0,FB.651,3.142202,3.898304,0.0,FB.651,0.001234
720575940636212964,33660.92,2.9708041253774408e-05,100,0,400,0.25,12524.7025,7.984221581311014e-05,0,0,400,0.0,FB.666,1,FB.666,2.75282,3.199,0.000332,FB.666,0.002891
720575940636229183,31160.4525,3.2091960153659516e-05,95,0,400,0.2375,369.6675,0.0027051336674173,0,0,400,0.0,FB.241,0,FB.241,3.060096,4.946588,0.006656,FB.241,0.005414
720575940636260442,35520.15,2.815303426365035e-05,106,0,400,0.265,34598.0025,2.8903402732571048e-05,26,0,400,0.065,FB.1272,3,FB.1272,2.915074,3.674681,0.0,FB.1272,0.000512
720575940636271706,33125.49,3.018823268727497e-05,90,0,400,0.225,40689.2425,2.4576520440261328e-05,46,0,400,0.115,FB.1313,3,FB.1313,2.817107,3.567357,0.0,FB.1313,0.000663
720575940636313701,39400.075,2.538066234645493e-05,110,0,400,0.275,604.97,0.0016529745276625,0,0,400,0.0,FB.93,2,FB.93,3.141268,4.174558,0.010186,FB.93,0.00932
720575940636322367,26199.44,3.8168754752009966e-05,64,0,400,0.16,80178.5975,1.2472156300813318e-05,258,0,400,0.645,FB.1312,4,FB.1312,2.74038,2.622729,4.3e-05,FB.1312,0.000763
720575940636330217,45111.3825,2.2167354325707043e-05,133,0,400,0.3325,5217.085,0.0001916779197578,0,0,400,0.0,FB.861,0,FB.861,2.968156,3.982383,0.0,FB.861,0.00155
720575940636330729,40715.6175,2.4560600118615417e-05,133,0,400,0.3325,9634.1575,0.0001037973481334,0,0,400,0.0,FB.998,1,FB.998,2.662914,3.154306,0.0,FB.998,0.00077
720575940636345707,24799.4475,4.0323478980731326e-05,47,0,400,0.1175,16498.975,6.06098257619034e-05,1,0,400,0.0025,FB.278,4,FB.278,3.092028,3.518282,0.000485,FB.278,0.005944
720575940636381673,34451.235,2.902653562346894e-05,119,0,400,0.2975,4281.19,0.0002335799158645,0,0,400,0.0,SMP.FB.11,2,SMP.FB.11,3.400061,3.857665,0.002442,SMP.FB.11,0.003289
720575940636395610,33006.04,3.029748494517973e-05,87,0,400,0.2175,88806.2675,1.1260466498043056e-05,307,0,400,0.7675,EB.195,4,EB.195,0.442095,2.213811,3.8e-05,EB.195,0.000172
720575940636413176,27629.4275,3.61932942693076e-05,79,0,400,0.1975,18870.025,5.299410043176943e-05,3,0,400,0.0075,EB.221,4,EB.221,0.768171,3.173805,0.000964,EB.221,0.002463
720575940636455280,20764.325,4.8159523605992485e-05,43,0,400,0.1075,5551.49,0.0001801318204662,0,0,400,0.0,EB.FB.1,1,EB.FB.1,3.435314,3.383818,0.010703,EB.FB.1,0.014212
720575940636513784,37391.0925,2.6744337571842817e-05,109,0,400,0.2725,55997.44,1.7857959220992958e-05,113,0,400,0.2825,FB.1423,1,FB.1423,1.949097,2.179211,0.0,FB.1423,0.000284
720575940636588724,43911.74,2.2772953201125715e-05,144,0,400,0.36,591.1175,0.0016917110388374,0,0,400,0.0,FB.96,2,FB.96,3.025637,4.066474,0.002845,FB.96,0.008278
720575940636702174,32128.955,3.11245728346907e-05,82,0,400,0.205,8057.765,0.0001241038923324,0,0,400,0.0,FB.714,0,FB.714,3.33062,3.781889,2.9e-05,FB.714,0.001744
720575940636730694,30763.715,3.250582707582618e-05,69,0,400,0.1725,4404.27,0.0002270523832553,0,0,400,0.0,EB.39,5,EB.39,1.245075,0.566732,2e-06,EB.39,0.001997
720575940636735198,32885.38,3.040864967958406e-05,81,0,400,0.2025,696.1625,0.0014364462320219,0,0,400,0.0,FB.466,0,FB.466,3.047453,4.739582,0.001486,FB.466,0.00432
720575940636779753,28504.22,3.5082524622669905e-05,86,0,400,0.215,99402.3425,1.0060125092122452e-05,396,0,400,0.99,AOTU.CRE.27,4,AOTU.CRE.27,1.112622,1.529239,0.0,AOTU.CRE.27,2.9e-05
720575940636802532,23379.9125,4.2771759731778296e-05,41,0,400,0.1025,99409.2275,1.005942833626788e-05,392,0,400,0.98,NO.FB.49,0,NO.FB.49,2.621752,1.739141,0.0,NO.FB.49,0.000762
720575940636841840,32764.555,3.052078686861458e-05,74,0,400,0.185,26009.875,3.84469360194926e-05,11,0,400,0.0275,FB.227,1,FB.227,3.254669,2.630544,0.000961,FB.227,0.003643
720575940636914287,26247.9975,3.8098144439399616e-05,57,0,400,0.1425,1293.5925,0.0007730409692387,0,0,400,0.0,FB.761,2,FB.761,3.400123,4.552673,0.019176,FB.761,0.004249
720575940636916713,31776.585,3.146971268309669e-05,91,0,400,0.2275,97284.16,1.0279165693572314e-05,379,0,400,0.9475,NO.95,4,NO.95,2.2215,1.910389,0.0,NO.95,0.000843
720575940636923108,47006.1775,2.1273799597935824e-05,156,0,400,0.39,2864.005,0.0003491614016036,0,0,400,0.0,FB.95,3,FB.95,4.283449,4.142671,0.100743,FB.95,0.024112
720575940636924479,27277.74,3.665992857179517e-05,80,0,400,0.2,6912.7925,0.0001446593399121,0,0,400,0.0,FB.372,1,FB.372,2.949752,3.118804,0.000453,FB.372,0.003151
720575940636938212,47222.0925,2.117652876140548e-05,143,0,400,0.3575,4415.0425,0.0002264983859158,0,0,400,0.0,FB.199,1,FB.199,2.862373,2.981171,0.00669,FB.199,0.005764
720575940636969182,18660.4975,5.358913930349392e-05,43,0,400,0.1075,1481.99,0.0006747683857515,0,0,400,0.0,FB.683,2,FB.683,3.298155,4.267213,0.004876,FB.683,0.002444
720575940636996324,40136.6175,2.4914904700178087e-05,110,0,400,0.275,82932.8875,1.2057942634639365e-05,292,0,400,0.73,SMP.FB.33,4,SMP.FB.33,3.110828,2.095875,0.0,SMP.FB.33,0.001694
720575940637057614,24970.125,4.004785718934126e-05,44,0,400,0.11,20680.23,4.835536161831856e-05,2,0,400,0.005,FB.575,2,FB.575,2.948623,3.45176,0.0,FB.575,0.001826
720575940637066352,35351.09,2.828767090349973e-05,107,0,400,0.2675,495.5825,0.0020178275060156,0,0,400,0.0,FB.620,3,FB.620,2.988647,4.40981,2.1e-05,FB.620,0.001346
720575940637195895,33430.6325,2.9912685618496748e-05,85,0,400,0.2125,62719.7275,1.594394682279192e-05,153,0,400,0.3825,FB.938,1,FB.938,3.271187,2.977801,0.0,FB.938,0.001214
720575940637211957,30905.275,3.235693583053378e-05,85,0,400,0.2125,20487.9375,4.880920785706224e-05,3,0,400,0.0075,FB.1072,3,FB.1072,2.8381,3.058128,0.0,FB.1072,0.000558
720575940637224937,18327.695,5.456223491279182e-05,35,0,400,0.0875,30645.1925,3.2631545714715285e-05,13,0,400,0.0325,FB.366,1,FB.366,3.324833,3.024106,0.000672,FB.366,0.003292
720575940637238505,25773.66,3.879930130218215e-05,67,0,400,0.1675,180.2375,0.0055482349677508,0,0,400,0.0,FB.123,0,FB.123,3.255177,4.810341,0.009169,FB.123,0.007993
720575940637242421,30834.9375,3.2430745157177633e-05,83,0,400,0.2075,15015.485,6.659791541864948e-05,0,0,400,0.0,FB.392,4,FB.392,3.410066,3.858246,1.6e-05,FB.392,0.002457
720575940637260622,35727.87,2.7989353969324225e-05,106,0,400,0.265,13959.6025,7.163527758043253e-05,0,0,400,0.0,FB.504,2,FB.504,2.894409,3.275985,0.0,FB.504,0.001972
720575940637303415,14721.185,6.792931411431893e-05,14,0,400,0.035,792.3625,0.0012620486204231,0,0,400,0.0,FB.109,4,FB.109,3.423978,4.411756,0.009805,FB.109,0.014069
720575940637344613,33389.9,2.99491762479073e-05,102,0,400,0.255,10398.535,9.616739281062188e-05,0,0,400,0.0,FB.903,1,FB.903,2.846459,2.759517,0.0,FB.903,0.000973
720575940637354047,28569.28,3.500263219794129e-05,85,0,400,0.2125,3887.4075,0.0002572408475314,0,0,400,0.0,FB.586,3,FB.586,3.83405,3.244667,0.0,FB.586,0.001445
720575940637455593,32504.1225,3.076532830566338e-05,101,0,400,0.2525,1128.0725,0.0008864678467031,0,0,400,0.0,FB.434,2,FB.434,2.997402,4.251099,0.0,FB.434,0.002215
720575940637475561,39806.0875,2.512178570677161e-05,131,0,400,0.3275,5664.485,0.0001765385555791,0,0,400,0.0,FB.LAL.47,1,FB.LAL.47,0.741645,3.216238,0.001099,FB.LAL.47,0.001455
720575940637477565,33412.485,2.992893225391646e-05,89,0,400,0.2225,12976.7775,7.706073406899363e-05,0,0,400,0.0,FB.798,0,FB.798,3.043709,2.673805,0.0,FB.798,0.001673
720575940637487593,29203.3375,3.4242661476620605e-05,79,0,400,0.1975,71417.92,1.4002087991361272e-05,198,0,400,0.495,EB.108,4,EB.108,0.768135,2.347243,0.0,EB.108,8.4e-05
720575940637487694,28681.785,3.486533352090883e-05,81,0,400,0.2025,15818.84,6.321576044766873e-05,2,0,400,0.005,FB.1297,3,FB.1297,2.932545,3.415373,0.0,FB.1297,0.000825
720575940637503603,39184.9275,2.552001659311479e-05,113,0,400,0.2825,44676.435,2.2383164637017255e-05,60,0,400,0.15,FB.1188,4,FB.1188,3.195622,2.975322,0.0,FB.1188,0.000545
720575940637519165,37328.2175,2.6789385268664384e-05,118,0,400,0.295,27450.0925,3.642974973581601e-05,10,0,400,0.025,FB.SMP.50,4,FB.SMP.50,2.20453,3.26222,0.0,FB.SMP.50,0.000545
720575940637558618,30010.12,3.33220926807357e-05,83,0,400,0.2075,743.505,0.0013449808676471,0,0,400,0.0,FB.399,0,FB.399,3.007446,4.816169,0.000255,FB.399,0.003216
720575940637567822,40554.845,2.4657966267655564e-05,136,0,400,0.34,83092.0575,1.2034844605936014e-05,275,0,400,0.6875,AOTU.FB.6,4,AOTU.FB.6,2.381443,2.678994,0.000987,AOTU.FB.6,0.000759
720575940637625203,29449.3175,3.3956644326307395e-05,65,0,400,0.1625,26438.54,3.78235711956863e-05,10,0,400,0.025,FB.1187,3,FB.1187,2.865272,3.013911,0.0,FB.1187,0.000965
720575940637653605,36910.5475,2.7092526871892107e-05,106,0,400,0.265,75316.63,1.3277280196949862e-05,229,0,400,0.5725,SMP.FB.46,4,SMP.FB.46,3.066351,2.718399,0.0,SMP.FB.46,0.000963
720575940637674915,33307.02,3.002370070933995e-05,83,0,400,0.2075,79238.7725,1.2620084441616002e-05,245,0,400,0.6125,FB.1044,4,FB.1044,2.457576,1.847179,1.2e-05,FB.1044,0.002373
720575940637681267,41383.715,2.416409449949093e-05,113,0,400,0.2825,79987.7925,1.250190771298008e-05,244,0,400,0.61,EB.173,4,EB.173,0.381827,2.54426,1e-06,EB.173,0.000194
720575940637703750,31470.5075,3.177578245282508e-05,81,0,400,0.2025,52519.3275,1.9040609383278942e-05,99,0,400,0.2475,FB.503,1,FB.503,3.289166,2.567799,0.001136,FB.503,0.0031
720575940637729370,13892.89,7.197926421356536e-05,21,0,400,0.0525,438.995,0.0022779302725543,0,0,400,0.0,FB.119,2,FB.119,3.142928,4.46097,0.009464,FB.119,0.009327
720575940637745853,40906.5225,2.4445979244508012e-05,121,0,400,0.3025,9699.1425,0.0001031018979255,0,0,400,0.0,FB.878,1,FB.878,2.772597,3.115304,0.0,FB.878,0.001071
720575940637783971,42328.69,2.3624638513499943e-05,137,0,400,0.3425,8952.6275,0.0001116990514795,0,0,400,0.0,FB.1088,0,FB.1088,2.750548,3.265977,0.0,FB.1088,0.000722
720575940637791549,49403.3725,2.024153310586236e-05,143,0,400,0.3575,76507.17,1.3070670369848996e-05,231,0,400,0.5775,SMP.FB.35,4,SMP.FB.35,2.926535,2.248462,0.0,SMP.FB.35,0.0008
720575940637794163,29861.605,3.3487818220085625e-05,89,0,400,0.2225,49051.115,2.038689640388399e-05,82,0,400,0.205,FB.1035,4,FB.1035,3.061842,2.830878,0.0,FB.1035,0.000637
720575940637804915,28575.9325,3.499448355709827e-05,78,0,400,0.195,340.835,0.0029339709830269,0,0,400,0.0,FB.451,3,FB.451,3.086085,4.458474,0.000117,FB.451,0.002249
720575940637824189,32266.5875,3.099181157598398e-05,88,0,400,0.22,94914.0775,1.0535844906673618e-05,361,0,400,0.9025,SLP.FB.3,4,SLP.FB.3,3.495519,2.055957,0.005739,SLP.FB.3,0.004409
720575940637862062,30990.8175,3.226762249818031e-05,77,0,400,0.1925,90360.1725,1.1066822609264054e-05,326,0,400,0.815,EB.77,4,EB.77,0.437056,2.011563,0.0,EB.77,0.000122
720575940637898072,23124.7975,4.324362191712165e-05,67,0,400,0.1675,18337.635,5.45326592006003e-05,2,0,400,0.005,FB.782,1,FB.782,2.903833,2.868747,1.6e-05,FB.782,0.001204
720575940637899197,35478.01,2.8186473818570995e-05,80,0,400,0.2,23704.035,4.21869103720105e-05,9,0,400,0.0225,AOTU.FB.2,4,AOTU.FB.2,2.508702,3.1155,0.007865,AOTU.FB.2,0.010676
720575940637906803,24018.83,4.163400132312856e-05,67,0,400,0.1675,3743.77,0.0002671104261212,0,0,400,0.0,FB.682,0,FB.682,3.012839,4.036056,7e-06,FB.682,0.001736
720575940637912739,42797.45,2.336587810722368e-05,144,0,400,0.36,7835.0625,0.0001276314005153,0,0,400,0.0,FB.819,1,FB.819,2.919523,3.236438,0.000654,FB.819,0.002407
720575940637924324,30313.01,3.298913568794389e-05,73,0,400,0.1825,3297.775,0.0003032347567678,0,0,400,0.0,CRE.FB.11,3,CRE.FB.11,3.109476,3.135682,0.0,CRE.FB.11,0.002099
720575940637969222,33297.8725,3.003194873786606e-05,85,0,400,0.2125,97881.0425,1.0216482931309195e-05,383,0,400,0.9575,SLP.FB.5,4,SLP.FB.5,3.109639,1.879163,0.0,SLP.FB.5,0.000869
720575940637983814,28830.1625,3.4685895370863766e-05,74,0,400,0.185,1239.5825,0.0008067232314105,0,0,400,0.0,FB.567,4,FB.567,2.906482,4.442192,0.003063,FB.567,0.003694
720575940637994328,14644.045,6.828714334051828e-05,16,0,400,0.04,9493.18,0.0001053387800505,0,0,400,0.0,FB.1071,0,FB.1071,2.887348,3.265469,0.000262,FB.1071,0.000668
720575940638006128,32217.93,3.103861731650668e-05,87,0,400,0.2175,1520.5,0.0006576783952647,0,0,400,0.0,FB.312,3,FB.312,2.999857,4.25059,0.00104,FB.312,0.004181
720575940638013759,26192.255,3.817922511826492e-05,71,0,400,0.1775,27922.265,3.58137135364914e-05,9,0,400,0.0225,CRE.FB.30,3,CRE.FB.30,3.004438,3.356367,0.0,CRE.FB.30,0.004079
720575940638017862,19291.01,5.18376176260341e-05,40,0,400,0.1,93514.2,1.0693563116617584e-05,356,0,400,0.89,NO.52,4,NO.52,2.361603,2.239194,0.0,NO.52,0.001038
720575940638027497,23195.1125,4.31125307109418e-05,63,0,400,0.1575,2965.9875,0.0003371558376426,0,0,400,0.0,FB.18,3,FB.18,3.835723,4.129144,0.024048,FB.18,0.016123
720575940638055024,42414.7325,2.3576713586487903e-05,135,0,400,0.3375,20471.0,4.884959210590592e-05,3,0,400,0.0075,FB.SMP.23,1,FB.SMP.23,2.844254,2.124989,0.0,FB.SMP.23,0.002022
720575940638055869,27965.65,3.5758153305930666e-05,80,0,400,0.2,88153.9175,1.1343795356570512e-05,311,0,400,0.7775,EB.142,5,EB.142,0.558214,0.311553,1e-06,EB.142,0.000284
720575940638060632,30060.165,3.3266617132673756e-05,71,0,400,0.1775,51482.545,1.942405916413029e-05,92,0,400,0.23,PB.FB.5,3,PB.FB.5,4.215922,3.738592,0.0,PB.FB.5,0.001752
720575940638070505,35803.305,2.7930382404641137e-05,111,0,400,0.2775,6272.7375,0.0001594200299311,0,0,400,0.0,FB.574,1,FB.574,3.229512,3.332224,0.001844,FB.574,0.003211
720575940638070862,25725.0,3.8872691933916424e-05,59,0,400,0.1475,99458.2975,1.0054465289836678e-05,396,0,400,0.99,NO.170,4,NO.170,2.218925,1.491613,0.0,NO.170,0.00035
720575940638076733,27209.7475,3.6751535456181646e-05,80,0,400,0.2,100000.0,1e-05,400,0,400,1.0,NO.7,1,NO.7,3.067179,1.29804,0.000343,NO.7,0.001889
720575940638113085,42765.3025,2.338344268697737e-05,140,0,400,0.35,91072.075,1.0980314218161823e-05,324,0,400,0.81,FB.1017,4,FB.1017,2.395477,1.679175,1.8e-05,FB.1017,0.002243
720575940638114357,46707.03,2.14100532617895e-05,149,0,400,0.3725,266.45,0.0037530493525989,0,0,400,0.0,FB.50,0,FB.50,3.159529,4.664627,0.016712,FB.50,0.013575
720575940638124656,37114.43,2.6943698178848495e-05,116,0,400,0.29,2212.5175,0.0004519738261957,0,0,400,0.0,FB.381,2,FB.381,3.020717,3.566672,0.0,FB.381,0.003209
720575940638250112,28958.785,3.453183550345776e-05,69,0,400,0.1725,1309.1675,0.0007638441986987,0,0,400,0.0,FB.236,0,FB.236,3.325988,4.433141,0.002182,FB.236,0.006194
720575940638251904,36153.6875,2.765969584706954e-05,93,0,400,0.2325,10173.565,9.829396086819124e-05,0,0,400,0.0,FB.1342,0,FB.1342,2.963698,3.078422,0.0,FB.1342,0.00062
720575940638252672,31905.03,3.134302020715856e-05,93,0,400,0.2325,17181.485,5.820218683076579e-05,3,0,400,0.0075,FB.697,1,FB.697,2.773588,2.864874,9.6e-05,FB.697,0.001922
720575940638278333,36852.0925,2.713550119304623e-05,114,0,400,0.285,13543.215,7.38377113558339e-05,0,0,400,0.0,SMP.FB.10,2,SMP.FB.10,3.321602,3.342337,0.0,SMP.FB.10,0.003052
720575940638302592,36417.0,2.7459702886014772e-05,96,0,400,0.24,67242.49,1.4871549224307429e-05,168,0,400,0.42,FB.1362,1,FB.1362,2.593346,2.233516,0.0,FB.1362,0.00059
720575940638305853,30069.2875,3.32565246183502e-05,69,0,400,0.1725,88543.03,1.1293943746899107e-05,319,0,400,0.7975,FB.965,4,FB.965,3.3749,1.906672,0.0,FB.965,0.001531
720575940638310784,29963.81,3.337359301103564e-05,94,0,400,0.235,16280.1425,6.142452377182817e-05,2,0,400,0.005,FB.636,1,FB.636,3.010978,2.908784,0.000292,FB.636,0.001908
720575940638328765,42013.35,2.3801958187100053e-05,127,0,400,0.3175,223.67,0.0044708722671793,0,0,400,0.0,FB.150,0,FB.150,3.358292,4.74688,0.007369,FB.150,0.007669
720575940638490531,38327.94,2.609062735957111e-05,124,0,400,0.31,96109.7475,1.0404771898916912e-05,370,0,400,0.925,NO.57,4,NO.57,2.528604,2.360216,0.0,NO.57,0.00105
720575940638494416,29024.355,3.4453823349390535e-05,86,0,400,0.215,99845.04,1.001552004986928e-05,398,0,400,0.995,NO.69,0,NO.69,2.399974,0.960924,0.000918,NO.69,0.001143
720575940638498000,32517.935,3.075226025268825e-05,92,0,400,0.23,99819.2625,1.0018106475190596e-05,398,0,400,0.995,NO.FB.145,3,NO.FB.145,2.392752,1.3607,0.0,NO.FB.145,0.000392
720575940638542424,29481.235,3.391988157890943e-05,66,0,400,0.165,75225.86,1.329330100048042e-05,222,0,400,0.555,NO.FB.28,3,NO.FB.28,4.146418,3.14939,0.0,NO.FB.28,0.001432
720575940638542936,30739.8025,3.253111336678236e-05,90,0,400,0.225,99701.575,1.002993182404591e-05,398,0,400,0.995,NO.191,3,NO.191,1.611085,1.008909,0.0,NO.191,0.000152
720575940638576462,39090.85,2.5581434018446773e-05,123,0,400,0.3075,46516.91,2.149755862975421e-05,69,0,400,0.1725,FB.1122,3,FB.1122,2.77525,3.68788,0.0,FB.1122,0.00109
720575940638612190,44006.8,2.2723760873319576e-05,131,0,400,0.3275,91479.13,1.0931455076146877e-05,336,0,400,0.84,AOTU.FB.36,4,AOTU.FB.36,1.946773,2.192826,0.0,AOTU.FB.36,0.000363
720575940638647459,39269.2,2.546525011968668e-05,123,0,400,0.3075,88199.365,1.133795010882448e-05,301,0,400,0.7525,FB.1143,4,FB.1143,2.258883,1.7291,0.0,FB.1143,0.000798
720575940638662232,40343.415,2.478719265585226e-05,116,0,400,0.29,99264.255,1.0074119832965047e-05,395,0,400,0.9875,NO.39,0,NO.39,2.892722,1.825786,0.0,NO.39,0.000992
720575940638663000,46685.0775,2.1420120808410352e-05,143,0,400,0.3575,96982.265,1.0311163592642428e-05,376,0,400,0.94,NO.19,1,NO.19,2.879682,1.770808,0.0,NO.19,0.000661
720575940638678131,34339.06,2.912135626310097e-05,93,0,400,0.2325,7762.95,0.0001288170089978,0,0,400,0.0,FB.732,1,FB.732,2.524459,3.294196,1.5e-05,FB.732,0.001399
720575940638709632,23839.535,4.194712690495012e-05,68,0,400,0.17,5854.6975,0.0001708030175769,0,0,400,0.0,FB.299,4,FB.299,3.324869,3.617718,0.000639,FB.299,0.005122
720575940638845648,30116.4525,3.3204441990636185e-05,74,0,400,0.185,99801.215,1.0019918094183524e-05,399,0,400,0.9975,NO.128,0,NO.128,2.487998,0.689219,0.0,NO.128,0.000811
720575940638846848,39230.33,2.5490481471861185e-05,119,0,400,0.2975,99497.3175,1.0050522216340151e-05,396,0,400,0.99,NO.246,4,NO.246,1.861639,1.688238,0.0,NO.246,6.8e-05
720575940638857424,38733.0375,2.5817753126126503e-05,113,0,400,0.2825,4862.88,0.0002056394564537,0,0,400,0.0,FB.731,0,FB.731,3.136344,3.750069,3e-06,FB.731,0.001581
720575940638888819,20974.4525,4.767704901951553e-05,63,0,400,0.1575,28109.74,3.557485768278184e-05,20,0,400,0.05,FB.585,4,FB.585,3.273203,2.991344,0.0,FB.585,0.002067
720575940638890192,36985.86,2.7037359682862584e-05,109,0,400,0.2725,13488.1425,7.413919299859116e-05,0,0,400,0.0,FB.1218,3,FB.1218,3.064306,3.052405,0.0,FB.1218,0.000932
720575940638901875,27235.755,3.671644131032901e-05,61,0,400,0.1525,308.84,0.0032379225488926,0,0,400,0.0,FB.LAL.29,0,FB.LAL.29,0.77852,4.853157,0.002038,FB.LAL.29,0.00491
720575940639065472,21861.91,4.574165752214697e-05,34,0,400,0.085,14334.97,6.975947630165951e-05,0,0,400,0.0,FB.240,1,FB.240,3.034917,2.77171,4.7e-05,FB.240,0.004185
720575940639184361,37732.665,2.650223619243433e-05,93,0,400,0.2325,4103.0675,0.0002437200947827,0,0,400,0.0,FB.421,4,FB.421,3.29785,3.401574,4e-05,FB.421,0.003988
720575940639278399,32956.255,3.0343253503773417e-05,96,0,400,0.24,1017.5325,0.000982769592126,0,0,400,0.0,EB.3,4,EB.3,2.414236,4.300243,0.017344,EB.3,0.023792
720575940639279679,32904.21,3.039124780689158e-05,97,0,400,0.2425,8036.14,0.0001244378520035,0,0,400,0.0,FB.975,2,FB.975,3.037624,3.834258,7e-05,FB.975,0.001783
720575940639322752,17470.645,5.723887126090651e-05,41,0,400,0.1025,1462.5625,0.0006837314644673,0,0,400,0.0,FB.221,0,FB.221,3.197997,4.146256,1e-06,FB.221,0.002867
720575940639400307,25587.93,3.908092604599122e-05,64,0,400,0.16,21343.225,4.6853275453920395e-05,5,0,400,0.0125,FB.1311,3,FB.1311,2.985834,3.487719,0.0,FB.1311,0.0005
720575940639404416,38044.2825,2.628515861746111e-05,112,0,400,0.28,216.4075,0.0046209119369707,0,0,400,0.0,FB.59,3,FB.59,3.273674,4.729733,0.014585,FB.59,0.012625
720575940639410291,40111.3975,2.493056992093083e-05,117,0,400,0.2925,2494.8275,0.0004008293158545,0,0,400,0.0,FB.15,3,FB.15,3.751429,4.105824,0.061415,FB.15,0.016402
720575940639426805,32623.6125,3.065264461438782e-05,97,0,400,0.2425,73749.1425,1.3559479691577431e-05,212,0,400,0.53,EB.129,4,EB.129,0.687622,2.193749,0.0,EB.129,0.000272
720575940639468789,50025.395,1.998984715662915e-05,163,0,400,0.4075,3173.4825,0.0003151112382059,0,0,400,0.0,FB.584,0,FB.584,3.347371,3.811074,5e-05,FB.584,0.002247
720575940639473909,37626.3125,2.657714597995751e-05,104,0,400,0.26,26392.7775,3.788915357620091e-05,6,0,400,0.015,NO.FB.20,3,NO.FB.20,4.106161,3.650532,0.000129,NO.FB.20,0.001584
720575940639590528,26122.02,3.828187866022612e-05,56,0,400,0.14,70094.1975,1.4266516140654868e-05,189,0,400,0.4725,NO.FB.26,3,NO.FB.26,4.13313,3.513138,0.0,NO.FB.26,0.001736
720575940639596507,49808.26,2.0076991246030277e-05,152,0,400,0.38,8203.9675,0.0001218922429909,0,0,400,0.0,FB.635,0,FB.635,3.405176,3.831316,0.00124,FB.635,0.003043
720575940639598963,43524.22,2.2975713292507023e-05,140,0,400,0.35,11794.39,8.478607202237675e-05,0,0,400,0.0,FB.1234,0,FB.1234,2.972006,3.330353,0.0,FB.1234,0.000613
720575940639693008,28812.78,3.4706821070372245e-05,81,0,400,0.2025,1685.575,0.0005932693591207,0,0,400,0.0,FB.836,2,FB.836,2.599061,4.348797,0.0,FB.836,0.001461
720575940639702435,19755.9525,5.0617655615440463e-05,42,0,400,0.105,1073.4375,0.0009315866084425,0,0,400,0.0,FB.152,0,FB.152,3.129288,4.007974,0.000242,FB.152,0.004442
720575940639710883,28770.125,3.475827790112139e-05,73,0,400,0.1825,441.185,0.0022666228452916,0,0,400,0.0,FB.176,3,FB.176,3.078241,4.556701,0.013443,FB.176,0.008052
720575940639782875,36373.695,2.7492395259816194e-05,97,0,400,0.2425,2688.1625,0.0003720013206046,0,0,400,0.0,FB.SMP.13,2,FB.SMP.13,1.938508,3.816688,0.0,FB.SMP.13,0.000754
720575940639812304,32906.5125,3.0389121302356184e-05,89,0,400,0.2225,14303.09,6.991496243119494e-05,0,0,400,0.0,FB.997,2,FB.997,2.8489,3.361503,9.1e-05,FB.997,0.001238
720575940639861301,33377.42,2.996037440880691e-05,87,0,400,0.2175,76704.3225,1.3037074931468173e-05,225,0,400,0.5625,LAL.FB.4,3,LAL.FB.4,3.515792,2.954659,0.0,LAL.FB.4,0.000766
720575940639924176,23500.49,4.255230422855012e-05,70,0,400,0.175,5258.7225,0.000190160252799,0,0,400,0.0,FB.365,2,FB.365,3.001769,3.007201,3.4e-05,FB.365,0.002982
720575940639935963,37374.9775,2.675586895002144e-05,80,0,400,0.2,99787.0025,1.0021345214773838e-05,399,0,400,0.9975,NO.FB.13,1,NO.FB.13,3.025198,1.113722,0.000125,NO.FB.13,0.000943
720575940639961653,39307.68,2.544032107720425e-05,120,0,400,0.3,13283.6175,7.528069819836352e-05,0,0,400,0.0,AOTU.FB.54,4,AOTU.FB.54,2.465866,2.98657,0.000266,AOTU.FB.54,0.007997
720575940639978704,24495.8275,4.0823278984961826e-05,64,0,400,0.16,5975.6925,0.0001673446215647,0,0,400,0.0,FB.1186,2,FB.1186,2.45554,3.453073,0.0,FB.1186,0.000459
720575940640002256,24083.3625,4.152244106278764e-05,68,0,400,0.17,9444.6625,0.0001058799083609,0,0,400,0.0,FB.536,1,FB.536,2.734445,2.845381,1e-06,FB.536,0.001896
720575940640008400,28586.3325,3.498175220623352e-05,81,0,400,0.2025,3930.52,0.0002544192625912,0,0,400,0.0,FB.428,4,FB.428,3.464742,3.667967,0.003093,FB.428,0.004287
720575940640039040,46913.4125,2.1315865691927657e-05,133,0,400,0.3325,4088.0175,0.00024461734814,0,0,400,0.0,FB.40,3,FB.40,4.012903,3.705085,3.3e-05,FB.40,0.006102
720575940640164029,40219.1225,2.4863794579307396e-05,122,0,400,0.305,3291.255,0.0003038354670179,0,0,400,0.0,FB.775,0,FB.775,3.210696,4.089904,0.0,FB.775,0.001496
720575940640228661,24612.205,4.063024828535273e-05,50,0,400,0.125,255.155,0.0039191863769081,0,0,400,0.0,FB.72,3,FB.72,3.213032,4.481138,0.003316,FB.72,0.008796
720575940640241037,40698.7375,2.4570786747377604e-05,123,0,400,0.3075,51868.7675,1.92794247520919e-05,92,0,400,0.23,FB.1217,3,FB.1217,2.71585,3.426189,0.0,FB.1217,0.00068
720575940640257152,41997.2775,2.381106727692051e-05,115,0,400,0.2875,8194.28,0.0001220363473056,0,0,400,0.0,FB.1058,1,FB.1058,2.666346,3.14784,0.0,FB.1058,0.000763
720575940640356149,37075.2025,2.6972206018294843e-05,114,0,400,0.285,3155.62,0.0003168949366527,0,0,400,0.0,SAD.FB.1,0,SAD.FB.1,3.253536,3.304489,0.0,SAD.FB.1,0.003092
720575940640486973,24978.8575,4.003385663255415e-05,58,0,400,0.145,476.7,0.0020977554017201,0,0,400,0.0,FB.20,2,FB.20,3.452343,4.344181,0.004361,FB.20,0.010671
720575940640589683,40098.485,2.493859805426564e-05,116,0,400,0.29,4014.1,0.0002491218454946,0,0,400,0.0,FB.446,4,FB.446,3.443457,3.558913,0.001135,FB.446,0.004073
720575940640698064,30264.6775,3.304181913056896e-05,68,0,400,0.17,7652.96,0.0001306683949739,0,0,400,0.0,FB.996,3,FB.996,2.862918,3.181273,0.0,FB.996,0.001457
720575940640749939,42500.645,2.3529054676699615e-05,121,0,400,0.3025,815.895,0.0012256479081254,0,0,400,0.0,EB.1,4,EB.1,2.199985,4.492586,0.075648,EB.1,0.033427
720575940640785267,44421.3475,2.251169890782804e-05,121,0,400,0.3025,77759.49,1.2860166649755546e-05,234,0,400,0.585,NO.FB.31,3,NO.FB.31,4.048865,3.278608,0.0,NO.FB.31,0.001434
720575940640850595,25721.49,3.887799657018314e-05,63,0,400,0.1575,74589.5825,1.3406697912540266e-05,221,0,400,0.5525,SMP.1792,4,SMP.1792,2.668356,2.256285,0.0,SMP.1792,0.000108
720575940641173376,24295.6225,4.115967804488236e-05,55,0,400,0.1375,757.245,0.0013205765637277,0,0,400,0.0,FB.403,2,FB.403,3.264132,4.508493,0.001368,FB.403,0.005181
720575940641215104,31354.07,3.189378603798486e-05,76,0,400,0.19,1341.7875,0.000745274493912,0,0,400,0.0,FB.872,2,FB.872,3.351354,4.499557,0.020243,FB.872,0.003077
720575940641239181,37673.425,2.654390993120482e-05,110,0,400,0.275,1334.4075,0.0007493962676318,0,0,400,0.0,FB.681,2,FB.681,3.324169,4.29444,0.002662,FB.681,0.002359
720575940641306765,45101.875,2.217202721616341e-05,150,0,400,0.375,35511.435,2.8159943409777727e-05,31,0,400,0.0775,FB.595,1,FB.595,3.259725,3.425621,0.000162,FB.595,0.003747
720575940641557133,31671.06,3.1574566812730615e-05,97,0,400,0.2425,1367.15,0.0007314486340196,0,0,400,0.0,FB.877,4,FB.877,2.847772,4.419353,0.000244,FB.877,0.002347
720575940641567885,23964.3575,4.172863804089052e-05,62,0,400,0.155,1460.8975,0.0006845107202935,0,0,400,0.0,FB.680,2,FB.680,3.308299,4.137741,0.002592,FB.680,0.002433
720575940641591248,41002.3375,2.438885344036788e-05,106,0,400,0.265,1347.9425,0.0007418714077195,0,0,400,0.0,FB.742,2,FB.742,3.229629,4.254026,0.00023,FB.742,0.002275
720575940641715144,38025.955,2.6297827365545452e-05,134,0,400,0.335,4371.4225,0.0002287584876547,0,0,400,0.0,FB.876,0,FB.876,3.000343,3.689925,0.000191,FB.876,0.001554
720575940641981600,39438.255,2.535609143964407e-05,116,0,400,0.29,16520.5775,6.053057164617884e-05,2,0,400,0.005,FB.713,1,FB.713,2.903236,2.847376,0.000171,FB.713,0.001667
720575940642051232,43019.405,2.3245323825376014e-05,130,0,400,0.325,48935.7025,2.0434977918218295e-05,79,0,400,0.1975,FB.1296,4,FB.1296,2.883603,3.172989,0.0,FB.1296,0.000714
720575940642071968,29859.745,3.3489904217199445e-05,72,0,400,0.18,95095.1525,1.0515783125748708e-05,360,0,400,0.9,NO.135,4,NO.135,2.424831,2.121375,0.0,NO.135,0.001182
720575940642476448,31949.5925,3.12993037391635e-05,78,0,400,0.195,1470.6225,0.0006799841563691,0,0,400,0.0,FB.125,4,FB.125,3.429563,4.183564,0.000164,FB.125,0.006591
720575940642486747,34501.6225,2.8984144151481573e-05,89,0,400,0.2225,92686.4475,1.0789063848843706e-05,345,0,400,0.8625,NO.43,1,NO.43,2.673672,1.995112,0.0,NO.43,0.001005
720575940642492360,42277.0225,2.3653510603780105e-05,134,0,400,0.335,74541.5775,1.3415331866299718e-05,225,0,400,0.5625,FB.1216,4,FB.1216,3.138599,2.654373,0.0,FB.1216,0.001599
720575940642837870,34975.8525,2.8591154425757027e-05,101,0,400,0.2525,97843.205,1.022043380529082e-05,386,0,400,0.965,AOTU.BU.53,4,AOTU.BU.53,1.094421,1.175245,0.0,AOTU.BU.53,3.8e-05
720575940642860192,26886.2775,3.719369481327417e-05,80,0,400,0.2,634.1275,0.0015769699311258,0,0,400,0.0,FB.523,3,FB.523,2.938262,4.042029,0.0,FB.523,0.001212
720575940642870820,27134.67,3.685322135850556e-05,59,0,400,0.1475,80025.455,1.2496023921388511e-05,252,0,400,0.63,FB.964,4,FB.964,2.420769,1.943069,1.4e-05,FB.964,0.001861
720575940642877088,32487.6975,3.0780882517143605e-05,75,0,400,0.1875,6917.9475,0.0001445515450933,0,0,400,0.0,EB.148,5,EB.148,0.771945,1.289848,2e-06,EB.148,0.001583
720575940642936100,34090.6,2.933359929130024e-05,98,0,400,0.245,505.425,0.0019785329178414,0,0,400,0.0,FB.177,0,FB.177,3.00415,4.50823,0.00226,FB.177,0.007119
720575940642984471,44714.59,2.2364065062432643e-05,125,0,400,0.3125,79316.385,1.2607735463485889e-05,243,0,400,0.6075,FB.1121,4,FB.1121,2.824654,2.825325,0.0,FB.1121,0.001776
720575940643177495,36284.155,2.7560239448872385e-05,98,0,400,0.245,724.945,0.0013794149901026,0,0,400,0.0,FB.248,0,FB.248,3.198496,3.866342,0.0,FB.248,0.003704
720575940643182372,41600.1825,2.403835608173113e-05,122,0,400,0.305,86705.5275,1.1533290077728898e-05,292,0,400,0.73,AOTU.FB.23,4,AOTU.FB.23,2.002517,2.13808,0.000398,AOTU.FB.23,0.003261
720575940643221271,44869.6025,2.2286803187079715e-05,144,0,400,0.36,97042.1225,1.030480346305286e-05,376,0,400,0.94,NO.107,4,NO.107,2.705727,2.040535,0.0,NO.107,0.001083
720575940643259336,24935.88,4.010285580456755e-05,57,0,400,0.1425,3739.4275,0.0002674206145192,0,0,400,0.0,FB.634,0,FB.634,2.964246,3.591959,0.0,FB.634,0.001494
720575940643323592,27996.6775,3.571852409986863e-05,62,0,400,0.155,1888.6625,0.0005294752238687,0,0,400,0.0,FB.247,2,FB.247,3.159427,3.736626,1.9e-05,FB.247,0.003945
720575940643338020,38420.735,2.602761243375485e-05,100,0,400,0.25,625.4675,0.0015988040945372,0,0,400,0.0,FB.94,2,FB.94,2.99997,4.139129,0.004876,FB.94,0.008005
720575940643346336,22045.715,4.536028883617519e-05,68,0,400,0.17,12093.325,8.269024441168991e-05,1,0,400,0.0025,FB.1371,3,FB.1371,2.22203,2.708129,0.0,FB.1371,3.6e-05
720575940643408164,33183.805,3.013518190575192e-05,83,0,400,0.2075,270.575,0.0036958329483507,0,0,400,0.0,FB.92,0,FB.92,3.352034,4.821193,0.015395,FB.92,0.010641
720575940643535982,63235.6375,1.58138676153933e-05,202,0,400,0.505,99451.445,1.0055158072363854e-05,395,0,400,0.9875,NO.FB.129,0,NO.FB.129,1.795857,1.844324,0.0,NO.FB.129,0.00014
720575940643567652,34754.18,2.8773517315039513e-05,95,0,400,0.2375,99443.1375,1.0055998082321166e-05,397,0,400,0.9925,NO.103,1,NO.103,2.628451,1.11368,0.0,NO.103,0.000306
720575940643638807,24089.5425,4.151178877722564e-05,43,0,400,0.1075,20692.79,4.832601113721252e-05,1,0,400,0.0025,FB.860,1,FB.860,3.044734,2.662615,8.2e-05,FB.860,0.001437
720575940643702551,40247.775,2.484609397662355e-05,129,0,400,0.3225,71810.9575,1.392545141874762e-05,196,0,400,0.49,NO.55,3,NO.55,3.934715,2.380377,0.0,NO.55,0.000561
720575940643703588,41736.0825,2.396008298095539e-05,125,0,400,0.3125,1775.755,0.0005631407485829,0,0,400,0.0,FB.198,0,FB.198,3.266874,4.519402,0.005212,FB.198,0.006823
720575940643745480,47080.0425,2.1240422627061135e-05,162,0,400,0.405,8959.96,0.0001116076411055,0,0,400,0.0,FB.288,3,FB.288,3.304321,3.229327,7.9e-05,FB.288,0.002961
720575940643829284,35611.82,2.808056426209051e-05,100,0,400,0.25,57475.5725,1.739869576766721e-05,124,0,400,0.31,FB.364,0,FB.364,3.25513,2.692003,7.6e-05,FB.364,0.002945
720575940643915300,38356.1875,2.6071412858746714e-05,108,0,400,0.27,11361.3775,8.801749611787831e-05,0,0,400,0.0,EB.122,5,EB.122,0.489862,0.785303,4e-06,EB.122,0.00104
720575940643921444,45686.48,2.188831356672696e-05,127,0,400,0.3175,690.7825,0.0014476336618255,0,0,400,0.0,FB.274,0,FB.274,3.425297,3.79063,0.0,FB.274,0.002047
720575940643922724,33623.7225,2.9740906885012507e-05,84,0,400,0.21,6752.82,0.0001480862809907,0,0,400,0.0,FB.555,1,FB.555,3.068202,3.529924,0.000459,FB.555,0.003152
720575940643937316,22872.51,4.372060609001811e-05,45,0,400,0.1125,722.4475,0.0013841836257997,0,0,400,0.0,FB.195,3,FB.195,3.337664,4.621879,0.002045,FB.195,0.005818
720575940644038180,55511.525,1.801427721540707e-05,166,0,400,0.415,12559.7725,7.961927654342466e-05,0,0,400,0.0,FB.1057,3,FB.1057,3.110357,3.221635,0.000219,FB.1057,0.000613
720575940644047908,19106.0475,5.23394490671082e-05,38,0,400,0.095,7400.36,0.0001351285613132,0,0,400,0.0,FB.483,3,FB.483,3.092536,3.511809,0.0,FB.483,0.00256
720575940644178468,29445.0075,3.396161471516012e-05,90,0,400,0.225,4951.0475,0.0002019774603253,0,0,400,0.0,FB.175,0,FB.175,3.387007,3.606681,0.0,FB.175,0.003999
720575940644188439,44824.5525,2.230920208294327e-05,127,0,400,0.3175,5960.4275,0.0001677732008316,0,0,400,0.0,FB.427,3,FB.427,3.307073,3.157954,0.0,FB.427,0.003454
720575940644492055,30745.1175,3.252548961635941e-05,81,0,400,0.2025,290.1475,0.0034465228892201,0,0,400,0.0,FB.332,3,FB.332,3.185871,4.559701,0.001581,FB.332,0.002739
720575940644525859,41838.795,2.3901261974681633e-05,131,0,400,0.3275,94017.0,1.063637427273791e-05,351,0,400,0.8775,AOTU.FB.44,4,AOTU.FB.44,2.18035,1.869853,0.0,AOTU.FB.44,0.000247
720575940644614947,32319.11,3.0941446097989705e-05,101,0,400,0.2525,100000.0,1e-05,400,0,400,1.0,FB.1383,4,FB.1383,2.378731,1.326328,0.0,FB.1383,0.000258
720575940644615790,46010.2775,2.1734274478131544e-05,147,0,400,0.3675,6221.605,0.000160730229579,0,0,400,0.0,FB.CRE.22,1,FB.CRE.22,2.060605,3.179587,0.0,FB.CRE.22,0.001053
720575940644658542,29990.6675,3.3343706004542916e-05,83,0,400,0.2075,410.69,0.0024349265869634,0,0,400,0.0,FB.390,3,FB.390,3.350886,4.850685,0.003493,FB.390,0.00507
720575940644674851,27916.28,3.582139167539515e-05,71,0,400,0.1775,68698.29,1.4556403077864091e-05,176,0,400,0.44,CRE.FB.13,3,CRE.FB.13,3.02143,2.332641,0.0,CRE.FB.13,0.001939
720575940644706083,38517.3375,2.5962334494174217e-05,125,0,400,0.3125,212.9375,0.0046962136777223,0,0,400,0.0,FB.LAL.2,0,FB.LAL.2,2.144755,4.962408,0.001745,FB.LAL.2,0.003872
720575940644733975,35483.17,2.8182374911824397e-05,110,0,400,0.275,316.4375,0.0031601817104483,0,0,400,0.0,FB.384,3,FB.384,3.235151,4.897884,0.020431,FB.384,0.005063
720575940644745120,24212.435,4.130109177371049e-05,51,0,400,0.1275,9051.9525,0.00011047340339,0,0,400,0.0,SAD.FB.2,0,SAD.FB.2,2.915836,2.935003,0.0,SAD.FB.2,0.001268
720575940644765463,22974.6075,4.352631486740307e-05,60,0,400,0.15,98108.8275,1.0192762725657892e-05,381,0,400,0.9525,EB.20,1,EB.20,0.766098,2.438743,0.0,EB.20,0.000225
720575940644808227,28364.1925,3.525571898442023e-05,74,0,400,0.185,24985.23,4.00236459700391e-05,10,0,400,0.025,FB.929,1,FB.929,2.910236,2.518751,0.0,FB.929,0.000905
720575940644870167,48142.38,2.077171922119347e-05,159,0,400,0.3975,13496.7825,7.409173260367795e-05,0,0,400,0.0,FB.383,0,FB.383,3.183869,2.718423,0.000633,FB.383,0.004006
720575940645002019,36718.5325,2.7234203872390595e-05,119,0,400,0.2975,90343.12,1.1068911500953256e-05,324,0,400,0.81,FB.1370,4,FB.1370,2.594492,2.207586,0.0,FB.1370,0.000713
720575940645009699,33144.85,3.017059965575346e-05,104,0,400,0.26,58157.385,1.719472084241752e-05,116,0,400,0.29,NO.FB.15,3,NO.FB.15,4.126189,3.711262,0.000186,NO.FB.15,0.001777
720575940645057828,23610.235,4.235451277803884e-05,46,0,400,0.115,18664.7375,5.357696565515588e-05,3,0,400,0.0075,EB.107,4,EB.107,3.3355,1.377249,0.0,EB.107,0.001214
720575940645179592,39253.8975,2.547517733748604e-05,123,0,400,0.3075,40146.9375,2.4908500181365015e-05,45,0,400,0.1125,EB.302,4,EB.302,0.770802,1.804809,0.0,EB.302,0.00017
720575940645203235,38212.6725,2.616932903606781e-05,117,0,400,0.2925,3707.095,0.0002697530006649,0,0,400,0.0,FB.SMP.12,2,FB.SMP.12,2.062727,3.873528,0.0,FB.SMP.12,0.000601
720575940645255476,30560.4475,3.2722033929640594e-05,78,0,400,0.195,3908.365,0.0002558614663676,0,0,400,0.0,FB.323,4,FB.323,3.682687,3.820703,0.001621,FB.323,0.007537
720575940645273652,43988.645,2.2733139427231737e-05,130,0,400,0.325,29495.0675,3.3903973944117945e-05,18,0,400,0.045,FB.1056,2,FB.1056,2.904458,2.799303,0.0,FB.1056,0.00114
720575940645405060,26165.1325,3.821880129978321e-05,75,0,400,0.1875,74554.8625,1.3412941375889468e-05,213,0,400,0.5325,FB.1310,3,FB.1310,2.431256,2.706859,0.0,FB.1310,0.00032
720575940645448756,31633.3275,3.161222922248695e-05,85,0,400,0.2125,30655.84,3.262021200528186e-05,15,0,400,0.0375,FB.1271,0,FB.1271,3.1381,2.951229,0.0,FB.1271,0.000865
720575940645448995,30460.055,3.2829881626937315e-05,79,0,400,0.1975,99942.24,1.0005779338145713e-05,399,0,400,0.9975,NO.121,3,NO.121,2.455393,0.479925,2e-05,NO.121,0.000807
720575940645464099,35940.2425,2.782396362517587e-05,105,0,400,0.2625,10010.7925,9.989219135248283e-05,0,0,400,0.0,SMP.FB.5,2,SMP.FB.5,3.100049,3.668333,0.0,SMP.FB.5,0.003071
720575940645927812,24368.425,4.10367104152197e-05,51,0,400,0.1275,66053.805,1.513917328456703e-05,165,0,400,0.4125,FB.896,4,FB.896,3.006546,2.291828,0.000242,FB.896,0.002163
720575940646126644,24900.3175,4.016013048829598e-05,69,0,400,0.1725,15258.2075,6.553849788712075e-05,1,0,400,0.0025,FB.1270,3,FB.1270,2.889873,3.055368,0.000976,FB.1270,0.001921
720575940646135940,40628.27,2.461340342574272e-05,127,0,400,0.3175,93752.0275,1.066643598721105e-05,349,0,400,0.8725,SLP.FB.2,4,SLP.FB.2,3.430307,2.076326,0.000969,SLP.FB.2,0.005437
720575940646521988,23886.995,4.186378403813456e-05,46,0,400,0.115,68778.1475,1.4539501809059337e-05,180,0,400,0.45,FB.1382,3,FB.1382,2.186191,3.207867,0.0,FB.1382,0.000273
720575940646707076,34928.2275,2.8630138760977777e-05,106,0,400,0.265,55814.9875,1.791633474790261e-05,107,0,400,0.2675,FB.679,3,FB.679,3.537034,3.237006,0.0,FB.679,0.001755
720575940646796932,29095.695,3.43693457056104e-05,69,0,400,0.1725,99246.63,1.0075908874689244e-05,396,0,400,0.99,SLP.142,4,SLP.142,3.022373,1.767209,0.000889,SLP.142,0.002505
720575940647317113,31022.985,3.2234164442912246e-05,84,0,400,0.21,90637.005,1.103302122571239e-05,319,0,400,0.7975,AOTU.FB.50,4,AOTU.FB.50,2.076032,2.135845,0.000986,AOTU.FB.50,0.002695
720575940647872889,31317.4325,3.1931097799923416e-05,89,0,400,0.2225,99247.8,1.007579009308015e-05,395,0,400,0.9875,NO.116,4,NO.116,2.230643,1.844462,0.0,NO.116,0.000495
720575940648482425,25294.4125,3.953442286908226e-05,64,0,400,0.16,7344.33,0.0001361594590657,0,0,400,0.0,FB.594,2,FB.594,3.097651,2.800891,2e-06,FB.594,0.001618
720575940648742777,24704.9225,4.047776308547416e-05,66,0,400,0.165,1602.7125,0.0006239422229501,0,0,400,0.0,FB.439,3,FB.439,3.675164,3.766415,0.0,FB.439,0.001724
720575940649126009,37145.965,2.6920824374868177e-05,91,0,400,0.2275,4428.4775,0.0002258112409964,0,0,400,0.0,FB.835,0,FB.835,3.002857,3.930836,0.000217,FB.835,0.001281
720575940649647225,13928.26,7.179647709046212e-05,18,0,400,0.045,4359.445,0.0002293869976568,0,0,400,0.0,FB.1165,0,FB.1165,2.644645,2.798846,0.0,FB.1165,0.00063
720575940650338038,14790.64,6.761032653083301e-05,38,0,400,0.095,6982.865,0.0001432076948358,0,0,400,0.0,FB.797,2,FB.797,2.852822,3.48584,0.000603,FB.797,0.00151
720575940650362614,51640.1025,1.9364795025339076e-05,172,0,400,0.43,99979.945,1.0002005902283702e-05,399,0,400,0.9975,NO.241,4,NO.241,1.893579,1.46824,0.0,NO.241,0.000108
720575940650420726,31514.155,3.1731772595520964e-05,89,0,400,0.2225,588.2275,0.0017000225252984,0,0,400,0.0,FB.174,3,FB.174,2.970012,4.624188,0.011284,FB.174,0.00679
720575940650510070,39257.6575,2.547273738887757e-05,106,0,400,0.265,472.26,0.0021174776606106,0,0,400,0.0,FB.24,2,FB.24,3.454006,4.295024,0.0061,FB.24,0.00961
720575940650516214,47618.2575,2.1000348448281627e-05,155,0,400,0.3875,8132.7675,0.0001229593739154,0,0,400,0.0,FB.781,1,FB.781,2.64358,2.81675,0.0,FB.781,0.001244
720575940650785401,43305.195,2.3091917724882663e-05,130,0,400,0.325,89899.9075,1.1123481967987564e-05,319,0,400,0.7975,EB.174,4,EB.174,3.281465,0.670552,0.0,EB.174,0.000915
720575940650870774,29625.6075,3.375458207903416e-05,77,0,400,0.1925,4643.5525,0.0002153523622269,0,0,400,0.0,FB.650,0,FB.650,3.418082,4.05524,0.001008,FB.650,0.002196
720575940651284726,32363.7675,3.0898751203796035e-05,91,0,400,0.2275,177.67,0.0056284122249113,0,0,400,0.0,FB.103,0,FB.103,3.306719,4.796591,0.005746,FB.103,0.008447
720575940651290358,36721.5325,2.723197894859099e-05,111,0,400,0.2775,97167.4975,1.029150719869059e-05,378,0,400,0.945,SMP.2115,4,SMP.2115,3.196964,1.909321,1e-06,SMP.2115,0.001456
720575940651558646,41624.58,2.402426643103666e-05,137,0,400,0.3425,1051.7275,0.0009508166326353,0,0,400,0.0,FB.633,0,FB.633,2.59343,4.304359,0.0,FB.633,0.001494
720575940651565558,41030.5,2.4372113427815893e-05,121,0,400,0.3025,13201.6575,7.574806421087656e-05,0,0,400,0.0,FB.573,4,FB.573,3.128564,2.915696,0.0,FB.573,0.002549
720575940652083190,20028.8825,4.992789787448202e-05,52,0,400,0.13,3533.8375,0.0002829784900975,0,0,400,0.0,FB.426,4,FB.426,3.697459,3.789632,0.011967,FB.426,0.007305
720575940652702710,30985.4575,3.227320429269118e-05,87,0,400,0.2175,9493.205,0.0001053385026447,0,0,400,0.0,EB.141,5,EB.141,0.537617,0.708326,1e-06,EB.141,0.000878
720575940652733089,31615.275,3.163027998333084e-05,85,0,400,0.2125,50758.585,1.9701100808858247e-05,86,0,400,0.215,FB.1142,4,FB.1142,3.084106,2.933202,0.0,FB.1142,0.00111
720575940652886177,20589.0325,4.856954788914923e-05,44,0,400,0.11,13162.5875,7.597290426369436e-05,0,0,400,0.0,SMP.FB.36,2,SMP.FB.36,3.313642,3.10161,0.000425,SMP.FB.36,0.001002
720575940653018017,53874.9475,1.8561503006569056e-05,170,0,400,0.425,7192.185,0.0001390398050105,0,0,400,0.0,FB.963,1,FB.963,2.725855,3.047069,0.0,FB.963,0.000959
720575940653053857,39729.2625,2.5170364035828755e-05,114,0,400,0.285,6956.215,0.000143756338756,0,0,400,0.0,FB.1055,3,FB.1055,2.983723,3.275352,0.0,FB.1055,0.000827
720575940653346550,30833.63,3.243212038284172e-05,100,0,400,0.25,828.2575,0.0012073539931724,0,0,400,0.0,FB.450,2,FB.450,3.190897,4.658251,0.006382,FB.450,0.004976
720575940653347830,39443.755,2.535255581016564e-05,133,0,400,0.3325,1151.905,0.0008681271459017,0,0,400,0.0,FB.478,2,FB.478,3.077457,4.235625,3.4e-05,FB.478,0.002603
720575940653612790,18171.425,5.503145735681159e-05,40,0,400,0.1,832.47,0.0012012444892909,0,0,400,0.0,FB.397,4,FB.397,3.16535,3.955444,0.000165,FB.397,0.004154
720575940653654433,40738.6275,2.4546727795382895e-05,128,0,400,0.32,96967.6325,1.0312719556187989e-05,376,0,400,0.94,NO.FB.95,0,NO.FB.95,2.233885,2.420475,0.0,NO.FB.95,0.000138
720575940654008993,32409.08,3.085555035810952e-05,99,0,400,0.2475,90839.41,1.100843785753342e-05,338,0,400,0.845,NO.FB.63,4,NO.FB.63,2.47926,2.499198,2e-05,NO.FB.63,0.001572
720575940654122657,26742.4475,3.739373518448527e-05,80,0,400,0.2,36491.68,2.7403506771954592e-05,33,0,400,0.0825,FB.1215,3,FB.1215,2.521675,3.253093,0.0,FB.1215,0.000453
720575940654697377,36668.335,2.727148642009516e-05,85,0,400,0.2125,2018.545,0.000495406344669,0,0,400,0.0,FB.619,3,FB.619,2.991047,3.765518,0.0,FB.619,0.000813
720575940654856353,22274.79,4.489380146793752e-05,60,0,400,0.15,2041.8475,0.0004897525402852,0,0,400,0.0,FB.566,3,FB.566,3.619036,3.624467,0.0,FB.566,0.001162
720575940658155393,27138.8,3.684761301162911e-05,70,0,400,0.175,6650.325,0.0001503685910087,0,0,400,0.0,FB.492,0,FB.492,3.364061,3.56744,0.000253,FB.492,0.001757
720575940658531713,21343.8725,4.685185408599119e-05,47,0,400,0.1175,3310.53,0.000302066436492,0,0,400,0.0,FB.546,0,FB.546,3.100172,4.054221,4.4e-05,FB.546,0.00237
720575940658852481,26047.955,3.839072971371457e-05,78,0,400,0.195,98551.63,1.0146965605743912e-05,389,0,400,0.9725,NO.189,4,NO.189,2.178795,1.84386,0.0,NO.189,0.000155
720575940658902401,31865.515,3.1381887284733984e-05,83,0,400,0.2075,5353.4125,0.0001867967394629,0,0,400,0.0,FB.618,0,FB.618,2.806215,3.643933,0.0,FB.618,0.000871
720575940659184257,28834.965,3.468011839098816e-05,78,0,400,0.195,18188.76,5.497900901435832e-05,1,0,400,0.0025,FB.522,2,FB.522,3.018274,3.048861,0.000987,FB.522,0.003015
720575940660921985,35523.895,2.8150066314518723e-05,120,0,400,0.3,87445.2625,1.1435725291578832e-05,308,0,400,0.77,EB.41,1,EB.41,0.755791,1.865349,0.0,EB.41,9.4e-05
720575940661139073,31455.535,3.1790907387205465e-05,89,0,400,0.2225,562.6075,0.0017774380896095,0,0,400,0.0,FB.480,0,FB.480,3.250495,4.645366,0.00028,FB.480,0.002302
