Id,avg_out_hitting_time,rw_out_closeness,out_truncated_runs,out_stuck_runs,out_total_runs,out_truncation_rate,avg_in_hitting_time,rw_in_closeness,in_truncated_runs,in_stuck_runs,in_total_runs,in_truncation_rate
720575940602747360,36679.2525,2.7263369121276394e-05,85,0,400,0.2125,941.1875,0.0010624875489740355,0,0,400,0.0
720575940602783968,50127.925,1.9948960584344953e-05,156,0,400,0.39,26192.3775,3.81790465565793e-05,5,0,400,0.0125
720575940602800608,33830.7925,2.9558870073764898e-05,99,0,400,0.2475,14058.215,7.11327860613883e-05,0,0,400,0.0
720575940602831328,27748.92,3.6037438574185955e-05,67,0,400,0.1675,2959.54,0.00033789034782432406,0,0,400,0.0
720575940602920364,23573.025,4.2421369340591625e-05,70,0,400,0.175,4482.1275,0.00022310833415604533,0,0,400,0.0
720575940603048108,34026.6075,2.938876583567727e-05,92,0,400,0.23,1122.4075,0.0008909420152662914,0,0,400,0.0
720575940603197408,28047.9825,3.5653188246249086e-05,70,0,400,0.175,13334.6125,7.499280537773408e-05,0,0,400,0.0
720575940603238828,48486.1775,2.062443466491043e-05,156,0,400,0.39,38994.375,2.564472439935247e-05,44,0,400,0.11
720575940603409632,40688.475,2.4576984023117113e-05,135,0,400,0.3375,99766.945,1.0023359941511689e-05,399,0,400,0.9975
720575940603676774,49228.8075,2.0313309437771776e-05,151,0,400,0.3775,63647.4225,1.571155532653345e-05,153,0,400,0.3825
720575940603676844,26265.96,3.807209026435737e-05,67,0,400,0.1675,8104.335,0.0001233907532203444,0,0,400,0.0
720575940603731168,31765.4825,3.14807118072266e-05,74,0,400,0.185,676.485,0.0014782293768524062,0,0,400,0.0
720575940603807422,30376.645,3.292002787009559e-05,84,0,400,0.21,23188.07,4.312562451294998e-05,11,0,400,0.0275
720575940603844017,40409.2425,2.4746813801322805e-05,131,0,400,0.3275,43394.74,2.3044267577130315e-05,46,0,400,0.115
720575940603925280,35128.8675,2.846661652272166e-05,107,0,400,0.2675,4840.6,0.00020658596041812997,0,0,400,0.0
720575940603932448,34050.3925,2.9368237091540134e-05,105,0,400,0.2625,6376.5975,0.00015682344698720596,0,0,400,0.0
720575940603943456,46947.8675,2.13002219962387e-05,139,0,400,0.3475,93369.245,1.0710164787130924e-05,351,0,400,0.8775
720575940603964774,48092.1125,2.0793430523560384e-05,141,0,400,0.3525,14517.99,6.888005846539362e-05,0,0,400,0.0
720575940604019424,24028.43,4.1617367426835625e-05,64,0,400,0.16,239.96,0.004167361226871145,0,0,400,0.0
720575940604064958,18671.535,5.35574605944289e-05,48,0,400,0.12,2418.3325,0.00041350806805929294,0,0,400,0.0
720575940604065470,29892.04,3.345372212803141e-05,89,0,400,0.2225,30616.99,3.266160390031809e-05,12,0,400,0.03
720575940604067761,39101.185,2.5574672481153706e-05,116,0,400,0.29,8331.295,0.00012002935918125573,0,0,400,0.0
720575940604074174,38904.9775,2.5703651929884806e-05,120,0,400,0.3,5078.9625,0.00019689060511866353,0,0,400,0.0
720575940604110513,29749.33,3.361420240388607e-05,87,0,400,0.2175,6572.62,0.00015214632825266027,0,0,400,0.0
720575940604125105,40815.2675,2.450063569961902e-05,127,0,400,0.3175,28958.875,3.45317281835016e-05,19,0,400,0.0475
720575940604278705,19925.545,5.018683303267239e-05,53,0,400,0.1325,81187.7525,1.2317128744264721e-05,257,0,400,0.6425
720575940604349630,30224.6275,3.308560213024958e-05,79,0,400,0.1975,7253.2,0.0001378701814371588,0,0,400,0.0
720575940604444081,22521.015,4.440297206853244e-05,44,0,400,0.11,7924.0275,0.0001261984514819011,0,0,400,0.0
720575940604451505,19144.625,5.223398212291962e-05,44,0,400,0.11,313.3825,0.0031909886480578848,0,0,400,0.0
720575940604481760,29377.005,3.404022976474286e-05,68,0,400,0.17,480.9175,0.0020793587257689726,0,0,400,0.0
720575940604498208,20867.2775,4.792191985753772e-05,41,0,400,0.1025,99577.9175,1.0042387158779455e-05,397,0,400,0.9925
720575940604518432,26212.8625,3.8149210144447217e-05,76,0,400,0.19,88737.535,1.126918839924954e-05,307,0,400,0.7675
720575940604518944,28006.895,3.570549323657621e-05,52,0,400,0.13,99890.275,1.0010984552800562e-05,399,0,400,0.9975
720575940604561766,44456.4575,2.249392003400181e-05,124,0,400,0.31,97527.275,1.0253541893793301e-05,383,0,400,0.9575
720575940604612832,50236.85,1.9905706667515977e-05,143,0,400,0.3575,292.3375,0.0034207038098088686,0,0,400,0.0
720575940604667825,33950.4325,2.9454705768475847e-05,92,0,400,0.23,99477.6275,1.0052511555927487e-05,397,0,400,0.9925
720575940604709920,41751.2575,2.39513743987232e-05,135,0,400,0.3375,697.6225,0.001433440005160384,0,0,400,0.0
720575940604798910,35621.915,2.8072606427812766e-05,101,0,400,0.2525,25636.6475,3.900666028972782e-05,16,0,400,0.04
720575940604833982,38436.6275,2.601685072396115e-05,128,0,400,0.32,38090.0575,2.6253570239425338e-05,43,0,400,0.1075
720575940604842924,33446.495,2.9898499080396914e-05,89,0,400,0.2225,5907.8325,0.00016926681655243271,0,0,400,0.0
720575940604868286,33316.4125,3.0015236484420404e-05,103,0,400,0.2575,3581.225,0.0002792340609707572,0,0,400,0.0
720575940604967270,28410.6875,3.519802187117084e-05,72,0,400,0.18,85501.1725,1.1695746043716536e-05,283,0,400,0.7075
720575940604969161,32695.945,3.058483246164012e-05,101,0,400,0.2525,94683.6825,1.0561481911099096e-05,360,0,400,0.9
720575940605104049,50556.995,1.9779656603403743e-05,145,0,400,0.3625,53656.8875,1.8636936404483023e-05,94,0,400,0.235
720575940605124482,35543.825,2.8134282115107197e-05,98,0,400,0.245,26641.105,3.7535980583387965e-05,7,0,400,0.0175
720575940605361841,28950.9175,3.454121963492176e-05,77,0,400,0.1925,3811.6425,0.00026235409013305945,0,0,400,0.0
720575940605379506,34375.18,2.9090756761128234e-05,92,0,400,0.23,122.8925,0.008137193075248694,0,0,400,0.0
720575940605380274,30525.8175,3.275915542638621e-05,83,0,400,0.2075,61324.805,1.6306615243211943e-05,142,0,400,0.355
720575940605384882,24902.5525,4.015652612317552e-05,57,0,400,0.1425,22667.0425,4.4116915561436835e-05,3,0,400,0.0075
720575940605480806,33089.51,3.0221057972753298e-05,79,0,400,0.1975,937.245,0.0010669568789377377,0,0,400,0.0
720575940605554354,29938.805,3.340146675860977e-05,95,0,400,0.2375,7609.21,0.0001314196874576993,0,0,400,0.0
720575940605583136,21579.2,4.6340920886779863e-05,59,0,400,0.1475,819.5875,0.0012201259780072293,0,0,400,0.0
720575940605591730,26041.415,3.840037110118632e-05,68,0,400,0.17,98219.575,1.0181269874156959e-05,387,0,400,0.9675
720575940605754033,34221.875,2.922107570084924e-05,84,0,400,0.21,4752.8725,0.0002103990797144253,0,0,400,0.0
720575940605756081,27744.8125,3.6042773761761774e-05,83,0,400,0.2075,2961.175,0.00033770378312663045,0,0,400,0.0
720575940605890434,41793.92,2.392692525611381e-05,125,0,400,0.3125,98653.915,1.013644516793885e-05,387,0,400,0.9675
720575940606102729,25477.8025,3.924985288664515e-05,65,0,400,0.1625,13184.4625,7.584685382509905e-05,0,0,400,0.0
720575940606198473,41362.4375,2.417652489653203e-05,117,0,400,0.2925,4467.825,0.00022382255347960138,0,0,400,0.0
720575940606436384,32470.33,3.0797346377446734e-05,103,0,400,0.2575,400.8275,0.002494838802227891,0,0,400,0.0
720575940606483657,41814.465,2.3915169068885615e-05,124,0,400,0.31,94045.495,1.0633151540113645e-05,357,0,400,0.8925
720575940606591836,25219.9725,3.9651113814656224e-05,44,0,400,0.11,7973.4,0.00012541701156344848,0,0,400,0.0
720575940606597724,39633.245,2.523134303032719e-05,123,0,400,0.3075,83205.2575,1.2018471308739114e-05,278,0,400,0.695
720575940606615561,44404.4925,2.2520243869468837e-05,137,0,400,0.3425,35527.0125,2.8147596142512687e-05,34,0,400,0.085
720575940606646962,38357.15,2.607075864604122e-05,112,0,400,0.28,9773.2075,0.00010232055341094517,0,0,400,0.0
720575940606681099,38006.39,2.6311365009936487e-05,118,0,400,0.295,10070.995,9.929505475874031e-05,0,0,400,0.0
720575940606683228,16079.34,6.219160736696904e-05,34,0,400,0.085,5935.65,0.00016847354544152705,0,0,400,0.0
720575940606697858,31146.01,3.210684129363601e-05,84,0,400,0.21,97847.0225,1.022003505523124e-05,381,0,400,0.9525
720575940606723081,23202.825,4.309820032689985e-05,52,0,400,0.13,5810.5975,0.00017209934090254918,0,0,400,0.0
720575940606731529,27276.9275,3.6661020563991306e-05,62,0,400,0.155,1132.2925,0.0008831640234303415,0,0,400,0.0
720575940606734182,16839.3975,5.938454745782918e-05,42,0,400,0.105,987.02,0.0010131506960345282,0,0,400,0.0
720575940606734258,35028.97,2.8547799150246208e-05,105,0,400,0.2625,99442.515,1.0056061031843372e-05,395,0,400,0.9875
720575940606933634,25341.4075,3.946110728064335e-05,59,0,400,0.1475,11884.6325,8.414227364624022e-05,0,0,400,0.0
720575940606951893,27982.6825,3.573638803213381e-05,82,0,400,0.205,88054.5375,1.1356598176442638e-05,313,0,400,0.7825
720575940606958859,52662.0075,1.898902163955675e-05,186,0,400,0.465,56682.1425,1.7642240675711933e-05,123,0,400,0.3075
720575940607001045,22419.355,4.4604316225868226e-05,39,0,400,0.0975,83982.345,1.1907264556616036e-05,279,0,400,0.6975
720575940607040981,36399.91,2.7472595399274335e-05,96,0,400,0.24,85745.5625,1.1662411101449128e-05,285,0,400,0.7125
720575940607246549,32507.985,3.076167286283662e-05,95,0,400,0.2375,19088.9075,5.2386444850235664e-05,1,0,400,0.0025
720575940607250697,34121.8725,2.9306715216171095e-05,96,0,400,0.24,100000.0,1e-05,400,0,400,1.0
720575940607263068,35299.905,2.832868813669612e-05,94,0,400,0.235,94969.85,1.0529657570270986e-05,349,0,400,0.8725
720575940607285001,30011.82,3.332020517249537e-05,67,0,400,0.1675,94733.6575,1.0555910395415694e-05,355,0,400,0.8875
720575940607287305,30989.23,3.2269275486999836e-05,80,0,400,0.2,73032.5025,1.3692533677043313e-05,203,0,400,0.5075
720575940607290633,38264.0725,2.613417586431763e-05,115,0,400,0.2875,97404.48,1.0266468236368594e-05,377,0,400,0.9425
720575940607309577,41166.9025,2.4291358816709616e-05,121,0,400,0.3025,6627.7275,0.00015088127868866064,0,0,400,0.0
720575940607330825,31660.9475,3.158465172275719e-05,90,0,400,0.225,96365.3425,1.0377174760728942e-05,374,0,400,0.935
720575940607339971,26237.9525,3.8112730023426946e-05,52,0,400,0.13,23880.215,4.187566987985661e-05,5,0,400,0.0125
720575940607343829,27706.33,3.609283510302519e-05,82,0,400,0.205,3256.085,0.0003071172896284956,0,0,400,0.0
720575940607527381,42627.5875,2.3458986507270673e-05,134,0,400,0.335,10158.2525,9.844212870274686e-05,0,0,400,0.0
720575940607613707,34196.2975,2.9242931928522378e-05,103,0,400,0.2575,16992.78,5.8848522725534024e-05,1,0,400,0.0025
720575940607837707,18467.56,5.414900506618091e-05,54,0,400,0.135,1275.1525,0.0007842199266362259,0,0,400,0.0
720575940607848649,39175.8375,2.5525938022384333e-05,120,0,400,0.3,2215.3775,0.00045139033866688634,0,0,400,0.0
720575940607862217,23879.5775,4.187678781167716e-05,54,0,400,0.135,4949.9175,0.0002020235690796867,0,0,400,0.0
720575940607864841,36700.3075,2.7247728101460727e-05,113,0,400,0.2825,8708.84,0.00011482585510814298,0,0,400,0.0
720575940607938517,22414.355,4.46142661700504e-05,51,0,400,0.1275,67142.155,1.4893772772113139e-05,178,0,400,0.445
720575940608014549,35806.87,2.79276016027092e-05,105,0,400,0.2625,3066.905,0.0003260616158635497,0,0,400,0.0
720575940608047299,28196.0425,3.5465970091370095e-05,81,0,400,0.2025,92602.8,1.0798809539236394e-05,349,0,400,0.8725
720575940608064707,48298.9775,2.0704372054253115e-05,146,0,400,0.365,100000.0,1e-05,400,0,400,1.0
720575940608068035,35930.7675,2.7831300848221513e-05,105,0,400,0.2625,99234.57,1.0077133402200462e-05,394,0,400,0.985
720575940608140380,30646.8775,3.262975159541131e-05,75,0,400,0.1875,3854.815,0.00025941582151153814,0,0,400,0.0
720575940608147413,26529.3,3.7694172104051e-05,57,0,400,0.1425,99096.4425,1.0091179610206491e-05,389,0,400,0.9725
720575940608179268,26891.7475,3.718612931346317e-05,65,0,400,0.1625,4483.0475,0.00022306254841154372,0,0,400,0.0
720575940608185986,41880.2,2.38776319119775e-05,120,0,400,0.3,726.9225,0.0013756624674569847,0,0,400,0.0
720575940608207317,29094.9875,3.43701814616693e-05,70,0,400,0.175,15800.78,6.328801489546718e-05,1,0,400,0.0025
720575940608208835,33419.555,2.9922600704886704e-05,74,0,400,0.185,268.625,0.0037226617031177293,0,0,400,0.0
720575940608242756,28281.34,3.535900349841981e-05,64,0,400,0.16,13793.76,7.249654916425978e-05,0,0,400,0.0
720575940608278620,23058.5775,4.336780965781606e-05,69,0,400,0.1725,289.0325,0.0034598185325179693,0,0,400,0.0
720575940608279747,32175.285,3.1079755781495024e-05,92,0,400,0.23,5650.435,0.00017697752473924572,0,0,400,0.0
720575940608312924,28342.895,3.5282210938579136e-05,95,0,400,0.2375,12197.73,8.19824672295583e-05,0,0,400,0.0
720575940608328387,36579.5575,2.733767350794224e-05,88,0,400,0.22,1205.8925,0.0008292613147523515,0,0,400,0.0
720575940608352451,26282.5675,3.8048033168753394e-05,80,0,400,0.2,46394.24,2.1554399856533915e-05,61,0,400,0.1525
720575940608370866,40697.7525,2.4571381429478198e-05,121,0,400,0.3025,884.2075,0.0011309562517847903,0,0,400,0.0
720575940608413705,42432.43,2.3566880331859382e-05,138,0,400,0.345,8840.9275,0.00011311030432044602,0,0,400,0.0
720575940608434883,18253.875,5.47828885647568e-05,31,0,400,0.0775,49281.645,2.0291530447086337e-05,73,0,400,0.1825
720575940608480836,29245.285,3.419354607075978e-05,79,0,400,0.1975,38930.565,2.568675794969839e-05,43,0,400,0.1075
720575940608548619,46194.01,2.164782836562576e-05,162,0,400,0.405,1427.3075,0.0007006198734330199,0,0,400,0.0
720575940608702475,27908.845,3.583093460155732e-05,69,0,400,0.1725,586.16,0.0017060188344479323,0,0,400,0.0
720575940608745006,48706.1525,2.0531287089449328e-05,159,0,400,0.3975,9122.605,0.00010961781201751035,0,0,400,0.0
720575940608783452,31396.8325,3.18503466870424e-05,89,0,400,0.2225,650.8675,0.0015364110206762514,0,0,400,0.0
720575940608839800,28133.985,3.5544200368344547e-05,86,0,400,0.215,1222.32,0.0008181163688723085,0,0,400,0.0
720575940608859694,20260.435,4.9357281815518765e-05,58,0,400,0.145,18218.4525,5.488940402594568e-05,1,0,400,0.0025
720575940608982392,24404.1125,4.0976700136093865e-05,63,0,400,0.1575,30209.1675,3.310253418933176e-05,15,0,400,0.0375
720575940609019512,35505.76,2.8164444304248097e-05,110,0,400,0.275,99571.6025,1.0043024064014638e-05,398,0,400,0.995
720575940609079854,23503.72,4.254645647582595e-05,69,0,400,0.1725,16019.68,6.24232194400887e-05,0,0,400,0.0
720575940609116740,31949.3575,3.1299533957764254e-05,65,0,400,0.1625,74076.8125,1.3499500940324612e-05,213,0,400,0.5325
720575940609175758,26798.375,3.7315695447951604e-05,74,0,400,0.185,100000.0,1e-05,400,0,400,1.0
720575940609214072,36295.1925,2.7551858279853456e-05,119,0,400,0.2975,5193.795,0.00019253744131218116,0,0,400,0.0
720575940609261922,56124.0375,1.781767749691921e-05,176,0,400,0.44,4327.1225,0.0002311004599476904,0,0,400,0.0
720575940609370466,22134.4425,4.517845886563441e-05,56,0,400,0.14,18094.0775,5.526670259923448e-05,0,0,400,0.0
720575940609375580,36205.73,2.7619937507129394e-05,94,0,400,0.235,54.865,0.018226556092226374,0,0,400,0.0
720575940609427246,25690.6025,3.892473911423447e-05,57,0,400,0.1425,1795.6725,0.0005568944225631345,0,0,400,0.0
720575940609439698,28236.0075,3.541577186505564e-05,63,0,400,0.1575,15796.5,6.330516253600481e-05,1,0,400,0.0025
720575940609558136,28013.655,3.5696877112251155e-05,78,0,400,0.195,9685.275,0.00010324952053503902,0,0,400,0.0
720575940609579470,26786.8475,3.733175395126284e-05,76,0,400,0.19,97723.215,1.0232983022509032e-05,383,0,400,0.9575
720575940609604875,33181.1675,3.013757728687515e-05,94,0,400,0.235,950.8025,0.0010517431327746825,0,0,400,0.0
720575940609648226,41265.285,2.423344464966133e-05,131,0,400,0.3275,84994.8275,1.1765421842876262e-05,277,0,400,0.6925
720575940609648942,17884.595,5.591404222460726e-05,45,0,400,0.1125,35928.9725,2.783269129113002e-05,30,0,400,0.075
720575940609663442,18916.815,5.28630216027381e-05,49,0,400,0.1225,1235.9775,0.0008090762170023322,0,0,400,0.0
720575940609716430,40357.67,2.4778437407313158e-05,115,0,400,0.2875,99436.6975,1.0056649357245599e-05,393,0,400,0.9825
720575940609774434,30588.4825,3.269204348401396e-05,78,0,400,0.195,4335.2525,0.00023066707187182294,0,0,400,0.0
720575940609777476,25371.8525,3.9413755854051254e-05,58,0,400,0.145,642.9875,0.0015552401874064426,0,0,400,0.0
720575940609843349,40152.8275,2.490484636480457e-05,108,0,400,0.27,98997.96,1.01012182473255e-05,392,0,400,0.98
720575940609913646,30309.8975,3.2992523316847245e-05,100,0,400,0.25,91637.65,1.091254522567962e-05,332,0,400,0.83
720575940610051733,21518.105,4.647249374422144e-05,62,0,400,0.155,1125.19,0.0008887387907820012,0,0,400,0.0
720575940610069550,25157.405,3.974972776405198e-05,63,0,400,0.1575,2476.7375,0.0004037569584988316,0,0,400,0.0
720575940610070626,38882.72,2.5718365381845714e-05,89,0,400,0.2225,69072.7125,1.44774971737211e-05,189,0,400,0.4725
720575940610095322,31699.4925,3.154624636340787e-05,78,0,400,0.195,52215.9525,1.9151235439016458e-05,89,0,400,0.2225
720575940610137969,21455.6075,4.660786230359593e-05,57,0,400,0.1425,4449.5625,0.00022474119646594468,0,0,400,0.0
720575940610147790,29851.6575,3.3498977401841086e-05,88,0,400,0.22,18228.125,5.486027773015601e-05,2,0,400,0.005
720575940610151130,39473.8375,2.5333234955937586e-05,121,0,400,0.3025,35722.4275,2.7993618294837327e-05,22,0,400,0.055
720575940610160789,37165.1125,2.6906954741493112e-05,119,0,400,0.2975,5515.2025,0.00018131700513263112,0,0,400,0.0
720575940610161813,39156.5225,2.553852937272456e-05,103,0,400,0.2575,12102.4325,8.262801713622447e-05,1,0,400,0.0025
720575940610165205,40974.425,2.4405467556896768e-05,118,0,400,0.295,82663.145,1.2097289547839003e-05,268,0,400,0.67
720575940610177203,26104.6575,3.8307340366369486e-05,51,0,400,0.1275,94508.4825,1.0581060805838249e-05,354,0,400,0.885
720575940610178417,30533.115,3.275132589648976e-05,74,0,400,0.185,74261.885,1.3465858023937854e-05,214,0,400,0.535
720575940610219715,28916.92,3.4581829600109556e-05,75,0,400,0.1875,815.61,0.0012260761883743456,0,0,400,0.0
720575940610237394,35233.8775,2.8381775465956024e-05,111,0,400,0.2775,51370.17,1.9466550334561867e-05,85,0,400,0.2125
720575940610268366,17672.13,5.658627454641857e-05,34,0,400,0.085,6602.1375,0.00015146609715414137,0,0,400,0.0
720575940610306146,48208.2175,2.0743351483593022e-05,148,0,400,0.37,68943.4925,1.45046321812026e-05,175,0,400,0.4375
720575940610355186,26641.9525,3.753478653638468e-05,79,0,400,0.1975,66829.6475,1.4963418743155872e-05,174,0,400,0.435
720575940610363059,29431.16,3.3977593815534285e-05,78,0,400,0.195,100000.0,1e-05,400,0,400,1.0
720575940610409957,30573.5525,3.27080080079016e-05,78,0,400,0.195,15866.66,6.302523656522544e-05,1,0,400,0.0025
720575940610440049,34299.8,2.9154688948623603e-05,101,0,400,0.2525,5025.725,0.00019897626710574094,0,0,400,0.0
720575940610440371,18927.2325,5.283392593185507e-05,40,0,400,0.1,80174.845,1.2472740047080852e-05,246,0,400,0.615
720575940610448307,40829.3075,2.4492210650401062e-05,142,0,400,0.355,65169.2925,1.534465024305734e-05,146,0,400,0.365
720575940610453162,43804.8175,2.2828539349581814e-05,123,0,400,0.3075,100000.0,1e-05,400,0,400,1.0
720575940610477425,34594.39,2.8906420954380177e-05,102,0,400,0.255,3274.4225,0.00030539736396265293,0,0,400,0.0
720575940610505701,37746.6575,2.6492411944024448e-05,121,0,400,0.3025,94665.9525,1.0563459972580956e-05,356,0,400,0.89
720575940610545561,46068.63,2.170674491514074e-05,150,0,400,0.375,79738.56,1.2540983935501218e-05,246,0,400,0.615
720575940610603214,38195.5675,2.6181048363792475e-05,110,0,400,0.275,79820.325,1.2528137413622408e-05,263,0,400,0.6575
720575940610615269,23603.2325,4.23670783228526e-05,47,0,400,0.1175,95412.2225,1.0480837504859505e-05,360,0,400,0.9
720575940610623402,27338.0275,3.657908384209505e-05,76,0,400,0.19,16825.5175,5.9433535996738284e-05,1,0,400,0.0025
720575940610634725,40002.855,2.4998215752350674e-05,102,0,400,0.255,1178.74,0.0008483635067953917,0,0,400,0.0
720575940610636773,21320.1,4.6904095196551614e-05,44,0,400,0.11,44737.98,2.235237263729833e-05,60,0,400,0.15
720575940610642289,32061.5525,3.1190005537005734e-05,95,0,400,0.2375,8166.4475,0.00012245226581080696,0,0,400,0.0
720575940610665445,23253.07,4.300507416870117e-05,48,0,400,0.12,7621.09,0.0001312148262256449,0,0,400,0.0
720575940610670250,45338.4825,2.2056318272231544e-05,143,0,400,0.3575,1008.175,0.000991891288714757,0,0,400,0.0
720575940610682261,27746.8025,3.604018877490478e-05,88,0,400,0.22,94390.3325,1.059430530134005e-05,354,0,400,0.885
720575940610686938,34262.3375,2.9186566736726587e-05,93,0,400,0.2325,84205.995,1.187563902071343e-05,274,0,400,0.685
720575940610694067,30044.2475,3.3284241850290976e-05,71,0,400,0.1775,79377.9475,1.2597957386086356e-05,250,0,400,0.625
720575940610716786,32004.37,3.124573300458656e-05,99,0,400,0.2475,50362.6825,1.9855971730655928e-05,83,0,400,0.2075
720575940610776900,55685.46,1.795800914637322e-05,176,0,400,0.44,53361.8975,1.8739963285600928e-05,88,0,400,0.22
720575940610810482,29265.5175,3.416990661449947e-05,87,0,400,0.2175,15595.73,6.4120114928894e-05,1,0,400,0.0025
720575940610813682,48758.04,2.0509438033194114e-05,147,0,400,0.3675,7070.58,0.00014143111314771913,0,0,400,0.0
720575940610877098,27220.12,3.673753091463227e-05,63,0,400,0.1575,616.465,0.0016221521092032799,0,0,400,0.0
720575940610894450,31863.625,3.138374871032408e-05,93,0,400,0.2325,244.0425,0.0040976469262526,0,0,400,0.0
720575940610908057,44425.68,2.250950351238293e-05,118,0,400,0.295,2406.96,0.00041546182736730146,0,0,400,0.0
720575940610919778,35797.0825,2.7935237459644934e-05,95,0,400,0.2375,488.4625,0.002047240064488062,0,0,400,0.0
720575940610931058,39791.5725,2.5130949524550707e-05,102,0,400,0.255,93140.5425,1.0736463125067154e-05,347,0,400,0.8675
720575940610973413,21040.615,4.7527127890510804e-05,40,0,400,0.1,16647.42,6.006936810628915e-05,3,0,400,0.0075
720575940610974577,29598.2475,3.378578410765705e-05,75,0,400,0.1875,99446.775,1.00556302605087e-05,396,0,400,0.99
720575940610980932,42961.7775,2.3276504329924433e-05,130,0,400,0.325,376.78,0.0026540686872976275,0,0,400,0.0
720575940611006170,23517.4575,4.252160336635029e-05,55,0,400,0.1375,65471.5825,1.5273802187384123e-05,162,0,400,0.405
720575940611091780,44021.0475,2.2716406282699202e-05,124,0,400,0.31,1158.3175,0.0008633211533107286,0,0,400,0.0
720575940611102469,44969.115,2.2237484549117766e-05,133,0,400,0.3325,95356.6525,1.0486945313018408e-05,365,0,400,0.9125
720575940611117380,32838.5275,3.045203534171866e-05,93,0,400,0.2325,6523.315,0.00015329629183934856,0,0,400,0.0
720575940611181518,26316.6325,3.7998782708995915e-05,64,0,400,0.16,645.6925,0.0015487248187024008,0,0,400,0.0
720575940611185123,30643.8575,3.2632967308374935e-05,75,0,400,0.1875,72664.6725,1.3761845551564276e-05,205,0,400,0.5125
720575940611210866,41206.0025,2.426830896785001e-05,108,0,400,0.27,2970.21,0.00033667653128903344,0,0,400,0.0
720575940611211542,33924.9975,2.9476789202416302e-05,90,0,400,0.225,10774.43,9.281233438799083e-05,0,0,400,0.0
720575940611216099,39097.0575,2.557737241479106e-05,114,0,400,0.285,91955.865,1.0874782157723163e-05,333,0,400,0.8325
720575940611243690,26394.905,3.788609960899651e-05,68,0,400,0.17,5109.125,0.00019572823135076945,0,0,400,0.0
720575940611243946,35427.21,2.8226891138195754e-05,107,0,400,0.2675,28226.4475,3.5427766813376005e-05,13,0,400,0.0325
720575940611263602,59309.64,1.6860665483722376e-05,197,0,400,0.4925,15748.395,6.349853429508213e-05,3,0,400,0.0075
720575940611284659,40662.575,2.4592638316683094e-05,119,0,400,0.2975,3815.92,0.000262060001257888,0,0,400,0.0
720575940611308259,15954.27,6.267914483081958e-05,29,0,400,0.0725,10277.4925,9.729999802967503e-05,0,0,400,0.0
720575940611363954,27961.18,3.576386976515297e-05,71,0,400,0.1775,48516.8925,2.0611377779399204e-05,74,0,400,0.185
720575940611376882,30111.6475,3.320974051652272e-05,90,0,400,0.225,6345.7575,0.00015758559951274535,0,0,400,0.0
720575940611396835,36001.5875,2.7776552908951584e-05,108,0,400,0.27,14591.1425,6.853472920300792e-05,0,0,400,0.0
720575940611415449,25984.5425,3.848441818823633e-05,79,0,400,0.1975,649.445,0.001539776270507895,0,0,400,0.0
720575940611419414,38467.15,2.599620715337632e-05,107,0,400,0.2675,18720.2875,5.3417983030442245e-05,1,0,400,0.0025
720575940611425429,40031.9575,2.4980042507289336e-05,125,0,400,0.3125,74042.675,1.3505724907966924e-05,210,0,400,0.525
720575940611453041,36044.5725,2.774342794605207e-05,103,0,400,0.2575,14637.4475,6.831792223336753e-05,0,0,400,0.0
720575940611468185,30961.5975,3.2298075058950044e-05,90,0,400,0.225,56937.5025,1.7563116682190265e-05,109,0,400,0.2725
720575940611475097,25852.6325,3.8680780380876106e-05,70,0,400,0.175,14921.58,6.701703170843838e-05,0,0,400,0.0
720575940611527794,38120.3775,2.623268880272762e-05,124,0,400,0.31,38786.0075,2.578249385425917e-05,39,0,400,0.0975
720575940611550701,17700.1875,5.649657666055797e-05,39,0,400,0.0975,69888.4525,1.4308515416048167e-05,191,0,400,0.4775
720575940611568686,41640.89,2.401485655085662e-05,142,0,400,0.355,43939.89,2.2758363755576084e-05,56,0,400,0.14
720575940611606830,22553.31,4.43393896505657e-05,39,0,400,0.0975,760.42,0.001315062728492149,0,0,400,0.0
720575940611612018,26785.1875,3.733406756999554e-05,62,0,400,0.155,97095.7175,1.0299115406402966e-05,377,0,400,0.9425
720575940611679461,43553.375,2.296033315443407e-05,136,0,400,0.34,20497.5625,4.878628861358515e-05,4,0,400,0.01
720575940611718885,36156.415,2.76576093066749e-05,114,0,400,0.285,3231.32,0.0003094710520777886,0,0,400,0.0
720575940611725738,35572.3625,2.8111711725640936e-05,109,0,400,0.2725,5294.1125,0.00018888907253104272,0,0,400,0.0
720575940611726829,36298.505,2.7549343974359277e-05,114,0,400,0.285,4822.7175,0.00020735197531267382,0,0,400,0.0
720575940611758819,35646.88,2.8052946008177998e-05,94,0,400,0.235,13746.505,7.27457633776731e-05,1,0,400,0.0025
720575940611851506,27628.895,3.619399183354962e-05,71,0,400,0.1775,3509.76,0.0002849197665937272,0,0,400,0.0
720575940611904997,40936.5475,2.4428049287742206e-05,132,0,400,0.33,90737.9475,1.1020747411109338e-05,332,0,400,0.83
720575940611912362,28969.8275,3.4518672919264016e-05,85,0,400,0.2125,100000.0,1e-05,400,0,400,1.0
720575940611939026,37708.4075,2.6519284857097188e-05,88,0,400,0.22,58711.6925,1.70323824338738e-05,120,0,400,0.3
720575940611963346,34322.055,2.9135784556023817e-05,105,0,400,0.2625,1273.3125,0.0007853531635007117,0,0,400,0.0
720575940611964882,38829.9325,2.5753328311863534e-05,122,0,400,0.305,95461.575,1.0475419036402867e-05,362,0,400,0.905
720575940611974354,27967.0575,3.575635370292352e-05,67,0,400,0.1675,6928.3275,0.00014433497839124953,0,0,400,0.0
720575940612012566,24045.46,4.158789226739684e-05,58,0,400,0.145,50878.3875,1.9654710951678648e-05,81,0,400,0.2025
720575940612047853,40465.625,2.4712332998687157e-05,130,0,400,0.325,96661.8225,1.0345346012899768e-05,372,0,400,0.93
720575940612053106,28319.4525,3.531141712573716e-05,72,0,400,0.18,1366.695,0.0007316921478457154,0,0,400,0.0
720575940612107762,49021.6975,2.0399130405469943e-05,153,0,400,0.3825,2283.3125,0.00043796020036679167,0,0,400,0.0
720575940612109363,45903.0925,2.1785024614627e-05,146,0,400,0.365,22338.895,4.476497158879165e-05,2,0,400,0.005
720575940612122152,49838.6975,2.0064729821641106e-05,161,0,400,0.4025,70573.535,1.4169617548561227e-05,189,0,400,0.4725
720575940612131025,27340.215,3.6576157137023246e-05,69,0,400,0.1725,26479.6275,3.776488170009189e-05,8,0,400,0.02
720575940612152930,12655.02,7.902002525480007e-05,24,0,400,0.06,83921.7425,1.191586316263631e-05,277,0,400,0.6925
720575940612154664,37787.56,2.6463735684442182e-05,109,0,400,0.2725,15563.145,6.425436503997103e-05,1,0,400,0.0025
720575940612211496,34438.12,2.9037589740671092e-05,85,0,400,0.2125,995.4775,0.0010045430459251967,0,0,400,0.0
720575940612234467,33336.735,2.9996938812394194e-05,92,0,400,0.23,68265.2125,1.4648749536962185e-05,187,0,400,0.4675
720575940612243918,45426.7225,2.2013474557844228e-05,150,0,400,0.375,1863.28,0.0005366879910695118,0,0,400,0.0
720575940612248743,27756.115,3.60280968716263e-05,66,0,400,0.165,14755.035,6.777347529165468e-05,0,0,400,0.0
720575940612248883,30556.2475,3.272653162008849e-05,85,0,400,0.2125,99959.2575,1.0004075910627887e-05,399,0,400,0.9975
720575940612249651,19469.6475,5.1361998207723075e-05,41,0,400,0.1025,25980.675,3.8490147003493944e-05,7,0,400,0.0175
720575940612272424,22009.2475,4.5435447077415976e-05,59,0,400,0.1475,4447.2375,0.00022485869036677263,0,0,400,0.0
720575940612286259,46377.4725,2.1562192721908247e-05,149,0,400,0.3725,923.495,0.0010828428957384718,0,0,400,0.0
720575940612310824,30625.84,3.265216562223273e-05,82,0,400,0.205,99684.165,1.003168356779635e-05,398,0,400,0.995
720575940612316847,29171.8225,3.427965462219579e-05,82,0,400,0.205,6130.9375,0.0001631071920077476,0,0,400,0.0
720575940612318673,47190.54,2.1190687794630025e-05,150,0,400,0.375,3505.3725,0.000285276386461068,0,0,400,0.0
720575940612327446,28668.695,3.48812528787934e-05,68,0,400,0.17,7840.635,0.00012754069026296976,0,0,400,0.0
720575940612330154,23751.51,4.2102586319775044e-05,63,0,400,0.1575,1763.71,0.0005669866361249866,0,0,400,0.0
720575940612334946,36100.9675,2.7700088647208693e-05,87,0,400,0.2175,10795.8975,9.262777828337108e-05,0,0,400,0.0
720575940612377775,38170.955,2.6197929813388214e-05,122,0,400,0.305,11914.335,8.393250651421167e-05,0,0,400,0.0
720575940612421101,28331.6475,3.529621777201626e-05,92,0,400,0.23,4425.285,0.00022597414629792206,0,0,400,0.0
720575940612488615,20789.485,4.810123964109741e-05,50,0,400,0.125,19975.1175,5.006228373875648e-05,2,0,400,0.005
720575940612498984,27781.465,3.599522199423248e-05,72,0,400,0.18,98333.18,1.0169507382960665e-05,387,0,400,0.9675
720575940612585011,42579.985,2.348521259460284e-05,133,0,400,0.3325,11122.855,8.990497493674062e-05,0,0,400,0.0
720575940612589735,21652.075,4.618494994128738e-05,56,0,400,0.14,98949.875,1.0106126965799603e-05,393,0,400,0.9825
720575940612594855,28334.915,3.5292147514824026e-05,69,0,400,0.1725,23290.96,4.293511302239152e-05,8,0,400,0.02
720575940612599013,38279.1125,2.6123907653292638e-05,115,0,400,0.2875,9609.61,0.0001040624957724611,0,0,400,0.0
720575940612599533,23118.2025,4.325595815678144e-05,63,0,400,0.1575,40914.9775,2.44409275307557e-05,45,0,400,0.1125
720575940612615917,31380.5,3.186692372651806e-05,81,0,400,0.2025,41747.0525,2.395378691705241e-05,52,0,400,0.13
720575940612627058,44867.0725,2.228805991297961e-05,136,0,400,0.34,958.2325,0.0010435880644833065,0,0,400,0.0
720575940612689645,46521.545,2.149541680096824e-05,125,0,400,0.3125,75254.6675,1.3288212322511425e-05,219,0,400,0.5475
720575940612692963,26070.13,3.835807493096505e-05,69,0,400,0.1725,3160.4,0.0003164156435894191,0,0,400,0.0
720575940612694568,44498.9975,2.2472416372975595e-05,145,0,400,0.3625,35790.7625,2.7940170316293207e-05,28,0,400,0.07
720575940612710184,29709.7475,3.36589868358861e-05,87,0,400,0.2175,99501.56,1.0050093686973351e-05,396,0,400,0.99
720575940612712401,38604.5375,2.5903690725474954e-05,109,0,400,0.2725,99071.3625,1.0093734200940257e-05,391,0,400,0.9775
720575940612734066,26056.0825,3.8378754749490835e-05,64,0,400,0.16,1105.605,0.0009044821613505727,0,0,400,0.0
720575940612760994,38530.88,2.595320947769685e-05,109,0,400,0.2725,13161.23,7.598074040192292e-05,0,0,400,0.0
720575940612765330,42288.5375,2.3647069847236975e-05,118,0,400,0.295,99808.3475,1.0019202051211198e-05,395,0,400,0.9875
720575940612772077,19847.4175,5.0384388800205366e-05,31,0,400,0.0775,702.1875,0.0014241210502892747,0,0,400,0.0
720575940612807830,22526.7525,4.439166275742587e-05,46,0,400,0.115,42763.44,2.3384461119124186e-05,47,0,400,0.1175
720575940612821997,41480.5675,2.4107674033148175e-05,130,0,400,0.325,18186.06,5.49871714928907e-05,2,0,400,0.005
720575940612824239,42741.935,2.3396226679957283e-05,125,0,400,0.3125,55802.615,1.792030713972813e-05,110,0,400,0.275
720575940612824978,40651.6725,2.459923389375923e-05,115,0,400,0.2875,14638.3475,6.831372188698212e-05,0,0,400,0.0
720575940612828926,35694.435,2.801557161501506e-05,113,0,400,0.2825,40067.3875,2.495795364746454e-05,37,0,400,0.0925
720575940612831486,22367.4975,4.470772825614488e-05,47,0,400,0.1175,99885.6125,1.0011451849484328e-05,398,0,400,0.995
720575940612851367,26143.36,3.8250630370388505e-05,48,0,400,0.12,1672.085,0.0005980557208515117,0,0,400,0.0
720575940612852898,50165.2175,1.9934130655368932e-05,175,0,400,0.4375,10481.0425,9.54103563648368e-05,0,0,400,0.0
720575940612861842,49801.815,2.007958946877739e-05,147,0,400,0.3675,97384.815,1.0268541353187352e-05,380,0,400,0.95
720575940612862882,27600.1925,3.6231631355469715e-05,58,0,400,0.145,99698.3625,1.0030255010457167e-05,398,0,400,0.995
720575940612869269,34744.5875,2.8781461285157005e-05,97,0,400,0.2425,2979.4375,0.00033563382349856307,0,0,400,0.0
720575940612892306,26553.535,3.765976921716826e-05,69,0,400,0.1725,88499.51,1.1299497590438637e-05,308,0,400,0.77
720575940612892670,30625.94,3.265205900618887e-05,72,0,400,0.18,63152.1425,1.5834775518502797e-05,139,0,400,0.3475
720575940612895650,29487.6525,3.3912499477535554e-05,76,0,400,0.19,1213.48,0.0008240762105679533,0,0,400,0.0
720575940612920466,40600.1425,2.4630455422662618e-05,135,0,400,0.3375,98298.4375,1.0173101683330419e-05,389,0,400,0.9725
720575940612922339,31967.92,3.128135956296187e-05,101,0,400,0.2525,31368.4775,3.187913726447195e-05,17,0,400,0.0425
720575940612925078,26164.14,3.822025107647337e-05,67,0,400,0.1675,2503.7375,0.0003994028926754502,0,0,400,0.0
720575940612937073,35010.1375,2.8563155457472857e-05,107,0,400,0.2675,4655.9275,0.00021477997670711155,0,0,400,0.0
720575940612939154,39477.2275,2.5331059532992785e-05,135,0,400,0.3375,76555.205,1.306246910317855e-05,221,0,400,0.5525
720575940612942998,39792.7325,2.5130216930943357e-05,117,0,400,0.2925,93384.44,1.0708422088305074e-05,349,0,400,0.8725
720575940612972693,48983.7825,2.0414919978872597e-05,137,0,400,0.3425,2974.055,0.00033624125982875235,0,0,400,0.0
720575940612973096,39944.9975,2.5034423897510573e-05,128,0,400,0.32,1210.8625,0.0008258576015030608,0,0,400,0.0
720575940612979090,39530.2175,2.5297103412092283e-05,112,0,400,0.28,76655.4875,1.3045380475859604e-05,227,0,400,0.5675
720575940613005937,20700.7775,4.8307364300688706e-05,44,0,400,0.11,1533.885,0.000651939356601049,0,0,400,0.0
720575940613052200,35522.785,2.8150945935123047e-05,115,0,400,0.2875,1341.805,0.0007452647739425624,0,0,400,0.0
720575940613090710,33268.36,3.0058590204025686e-05,77,0,400,0.1925,96185.16,1.0396614197034137e-05,367,0,400,0.9175
720575940613132178,31307.0325,3.1941705110505124e-05,79,0,400,0.1975,3043.0225,0.00032862063951219554,0,0,400,0.0
720575940613151911,50610.765,1.9758642257235194e-05,158,0,400,0.395,40575.3175,2.4645524954918716e-05,46,0,400,0.115
720575940613152175,24462.9625,4.087812340798871e-05,55,0,400,0.1375,2103.27,0.0004754501324128619,0,0,400,0.0
720575940613184362,37567.2825,2.6618907023684772e-05,92,0,400,0.23,99976.66,1.0002334544882775e-05,399,0,400,0.9975
720575940613200559,33434.4825,2.9909241155444834e-05,93,0,400,0.2325,43483.7925,2.2997074139749885e-05,44,0,400,0.11
720575940613214098,40965.0625,2.4411045387761828e-05,102,0,400,0.255,49340.2025,2.026744823351708e-05,85,0,400,0.2125
720575940613231313,35159.2,2.8442057839768826e-05,82,0,400,0.205,27028.3275,3.699821973816175e-05,13,0,400,0.0325
720575940613250735,24073.08,4.1540176828224716e-05,57,0,400,0.1425,2762.185,0.0003620322317295909,0,0,400,0.0
720575940613268370,24999.7925,4.0000332002755627e-05,53,0,400,0.1325,644.615,0.001551313574769436,0,0,400,0.0
720575940613275311,32255.8325,3.1002145115925934e-05,74,0,400,0.185,1589.9425,0.0006289535627860756,0,0,400,0.0
720575940613300722,27419.33,3.647062127338633e-05,59,0,400,0.1475,91188.835,1.0966254805207237e-05,329,0,400,0.8225
720575940613301471,34335.77,2.9124146626098674e-05,95,0,400,0.2375,100000.0,1e-05,400,0,400,1.0
720575940613326250,47034.935,2.126079264274523e-05,147,0,400,0.3675,1287.9325,0.0007764382061948123,0,0,400,0.0
720575940613338521,30910.89,3.235105815458565e-05,91,0,400,0.2275,30957.5975,3.230224826070563e-05,16,0,400,0.04
720575940613348271,24057.05,4.156785640799682e-05,54,0,400,0.135,1215.1925,0.0008229148879704244,0,0,400,0.0
720575940613388753,32428.29,3.0837272023902586e-05,95,0,400,0.2375,68373.965,1.4625449906261836e-05,174,0,400,0.435
720575940613403042,35459.875,2.8200889033026766e-05,114,0,400,0.285,98939.09,1.0107228598928896e-05,394,0,400,0.985
720575940613429314,26029.05,3.8418613049650294e-05,64,0,400,0.16,45347.3475,2.205200645969425e-05,69,0,400,0.1725
720575940613434786,38649.74,2.587339526734203e-05,97,0,400,0.2425,98253.3925,1.017776561760959e-05,386,0,400,0.965
720575940613440479,28950.425,3.454180724462594e-05,91,0,400,0.2275,72143.825,1.3861200178948094e-05,207,0,400,0.5175
720575940613441442,38687.8,2.5847941728400165e-05,102,0,400,0.255,100000.0,1e-05,400,0,400,1.0
720575940613490841,42068.115,2.3770972386093365e-05,126,0,400,0.315,6137.0425,0.00016294493642499626,0,0,400,0.0
720575940613497490,22581.5125,4.4284013305131795e-05,54,0,400,0.135,100000.0,1e-05,400,0,400,1.0
720575940613505703,34879.78,2.8669905601468818e-05,97,0,400,0.2425,21824.625,4.581980217300412e-05,2,0,400,0.005
720575940613550495,28299.1925,3.533669732802446e-05,84,0,400,0.21,7311.4725,0.00013677135488097643,0,0,400,0.0
720575940613605698,33336.02,2.9997582194875094e-05,95,0,400,0.2375,634.7325,0.0015754668305152171,0,0,400,0.0
720575940613606041,33763.0075,2.9618214550347744e-05,98,0,400,0.245,4039.9825,0.000247525824678696,0,0,400,0.0
720575940613674663,45806.1775,2.1831116556276717e-05,121,0,400,0.3025,73005.07,1.3697678805047375e-05,204,0,400,0.51
720575940613682602,20936.8875,4.776259126386384e-05,37,0,400,0.0925,8974.875,0.00011142216465410382,0,0,400,0.0
720575940613704615,29047.375,3.442651874739112e-05,55,0,400,0.1375,21591.415,4.631470424703522e-05,4,0,400,0.01
720575940613711614,38629.815,2.5886740591431774e-05,132,0,400,0.33,94033.3375,1.0634526292337546e-05,356,0,400,0.89
720575940613714430,32961.165,3.0338733476198428e-05,81,0,400,0.2025,58672.6675,1.7043711196529456e-05,120,0,400,0.3
720575940613729695,28544.6525,3.5032831455909296e-05,82,0,400,0.205,16731.3175,5.976815633317579e-05,2,0,400,0.005
720575940613748895,35266.1675,2.835578887328769e-05,88,0,400,0.22,85169.1875,1.1741335444816824e-05,283,0,400,0.7075
720575940613754527,33833.895,2.9556159584936943e-05,94,0,400,0.235,48325.5825,2.069297354046379e-05,74,0,400,0.185
720575940613760927,20982.3125,4.7659189138470794e-05,56,0,400,0.14,11689.305,8.554828537710326e-05,0,0,400,0.0
720575940613762207,32701.6625,3.057948506440613e-05,88,0,400,0.22,3813.2375,0.0002622443527317666,0,0,400,0.0
720575940613793302,36145.3725,2.7666058774190253e-05,103,0,400,0.2575,71613.98,1.3963754004455555e-05,203,0,400,0.5075
720575940613818690,38942.8425,2.5678659692085908e-05,114,0,400,0.285,97645.4225,1.024113547155782e-05,380,0,400,0.95
720575940613829535,20103.0275,4.974375128323333e-05,25,0,400,0.0625,5567.87,0.00017960189444078255,0,0,400,0.0
720575940613839116,40451.9625,2.472067949731734e-05,127,0,400,0.3175,22453.45,4.453658569173111e-05,7,0,400,0.0175
720575940613842700,26575.61,3.762848717301315e-05,81,0,400,0.2025,16767.465,5.963930743257851e-05,0,0,400,0.0
720575940613958412,30762.51,3.250710036339688e-05,83,0,400,0.2075,96446.9125,1.0368398262619345e-05,373,0,400,0.9325
720575940613959180,23422.325,4.2694309809124415e-05,59,0,400,0.1475,10624.3625,9.412329445649092e-05,0,0,400,0.0
720575940613982514,37100.865,2.6953549465760435e-05,120,0,400,0.3,8638.0375,0.00011576703620469348,0,0,400,0.0
720575940614012134,43221.145,2.313682342288711e-05,146,0,400,0.365,14317.68,6.984371769728057e-05,1,0,400,0.0025
720575940614013382,43812.735,2.282441395178822e-05,127,0,400,0.3175,4007.005,0.00024956295287877105,0,0,400,0.0
720575940614017534,47796.5375,2.09220176252307e-05,151,0,400,0.3775,688.4325,0.0014525752343185424,0,0,400,0.0
720575940614018722,38664.59,2.5863458011581142e-05,105,0,400,0.2625,4727.6125,0.0002115232583042709,0,0,400,0.0
720575940614026449,47846.9225,2.089998578278467e-05,143,0,400,0.3575,1664.5325,0.0006007692850695315,0,0,400,0.0
720575940614038751,44346.7775,2.2549552783175737e-05,145,0,400,0.3625,91797.75,1.0893513185236021e-05,344,0,400,0.86
720575940614073315,39468.375,2.533674112501465e-05,107,0,400,0.2675,6519.9625,0.0001533751152709851,0,0,400,0.0
720575940614123570,30932.79,3.232815403977462e-05,90,0,400,0.225,99120.4625,1.0088734200569333e-05,394,0,400,0.985
720575940614154786,36933.8,2.7075470165539423e-05,117,0,400,0.2925,1707.2975,0.0005857210005871853,0,0,400,0.0
720575940614174018,52138.985,1.9179506467185733e-05,169,0,400,0.4225,8798.65,0.00011365379916237151,0,0,400,0.0
720575940614230499,32299.98,3.095977149211857e-05,91,0,400,0.2275,5415.4125,0.0001846581400770486,0,0,400,0.0
720575940614294175,27756.3425,3.6027801573640335e-05,67,0,400,0.1675,2631.79,0.0003799695264439792,0,0,400,0.0
720575940614297640,21474.47,4.65669234211601e-05,56,0,400,0.14,100000.0,1e-05,400,0,400,1.0
720575940614298474,35714.02,2.8000208321549914e-05,103,0,400,0.2575,9128.245,0.00010955008328545081,0,0,400,0.0
720575940614298730,24483.8325,4.084327892702255e-05,49,0,400,0.1225,11687.2925,8.556301641291171e-05,0,0,400,0.0
720575940614308283,42365.0275,2.3604375094528147e-05,117,0,400,0.2925,8672.965,0.00011530082272902058,0,0,400,0.0
720575940614336106,26555.9825,3.76562983500987e-05,80,0,400,0.2,5822.4525,0.00017174893225835674,0,0,400,0.0
720575940614337130,31433.2125,3.181348390655266e-05,89,0,400,0.2225,83188.5625,1.2020883279477271e-05,274,0,400,0.685
720575940614413106,37943.9025,2.635469559305346e-05,128,0,400,0.32,11879.54,8.417834360589719e-05,0,0,400,0.0
720575940614442090,40892.1125,2.445459378015748e-05,128,0,400,0.32,469.525,0.0021298120440871094,0,0,400,0.0
720575940614515398,35060.045,2.8522496191890228e-05,93,0,400,0.2325,9115.82,0.00010969940169946313,0,0,400,0.0
720575940614530098,31879.7575,3.1367867211662446e-05,87,0,400,0.2175,775.59,0.0012893410178057994,0,0,400,0.0
720575940614546911,23629.1875,4.232054106811756e-05,47,0,400,0.1175,539.485,0.0018536196557828299,0,0,400,0.0
720575940614615557,28597.62,3.496794488492399e-05,69,0,400,0.1725,4739.785,0.00021098003390449145,0,0,400,0.0
720575940614638011,36042.23,2.7745231080318833e-05,91,0,400,0.2275,10111.75,9.889485005068362e-05,0,0,400,0.0
720575940614639035,36829.6725,2.715201988288112e-05,119,0,400,0.2975,88009.125,1.136245815419708e-05,306,0,400,0.765
720575940614735558,21472.5525,4.6571081849724195e-05,49,0,400,0.1225,99002.195,1.0100786149236387e-05,394,0,400,0.985
720575940614736559,31376.39,3.1871097981635236e-05,99,0,400,0.2475,11264.6625,8.877318783407848e-05,0,0,400,0.0
720575940614738956,31344.28,3.190374766943123e-05,87,0,400,0.2175,701.0825,0.0014263656559677356,0,0,400,0.0
720575940614773032,32931.9325,3.0365664086066006e-05,85,0,400,0.2125,5533.1375,0.00018072928785883236,0,0,400,0.0
720575940614799154,36613.625,2.7312236906342927e-05,104,0,400,0.26,19481.875,5.1329761637419396e-05,3,0,400,0.0075
720575940614837222,33807.8425,2.9578935715877168e-05,93,0,400,0.2325,9491.585,0.00010535648155708452,0,0,400,0.0
720575940614900127,44791.4525,2.2325688143290286e-05,128,0,400,0.32,98952.1375,1.0105895893355513e-05,393,0,400,0.9825
720575940614920379,28957.33,3.453357060198575e-05,89,0,400,0.2225,89140.1725,1.121828656995251e-05,322,0,400,0.805
720575940614926475,31966.76,3.128249469136065e-05,96,0,400,0.24,91270.2175,1.095647657462852e-05,335,0,400,0.8375
720575940614939990,29178.14,3.427223256862843e-05,75,0,400,0.1875,22206.2,4.503246840972341e-05,5,0,400,0.0125
720575940614966214,13907.2,7.19052001840773e-05,25,0,400,0.0625,1666.98,0.0005998872212024139,0,0,400,0.0
720575940615018838,30002.715,3.333031693965029e-05,102,0,400,0.255,4954.85,0.00020182245678476642,0,0,400,0.0
720575940615023628,27556.5225,3.6289049171570906e-05,70,0,400,0.175,97075.3125,1.0301280255986814e-05,375,0,400,0.9375
720575940615098683,45496.22,2.19798479961632e-05,130,0,400,0.325,100000.0,1e-05,400,0,400,1.0
720575940615101747,19746.9075,5.064084085064965e-05,38,0,400,0.095,857.86,0.0011656913715524678,0,0,400,0.0
720575940615102127,32122.58,3.113074977165595e-05,79,0,400,0.1975,90831.905,1.1009347431389884e-05,326,0,400,0.815
720575940615133755,39112.8,2.556707778527745e-05,115,0,400,0.2875,17718.5325,5.6438082555651826e-05,1,0,400,0.0025
720575940615134011,24264.5,4.121247089369243e-05,34,0,400,0.085,4584.1075,0.00021814497151299354,0,0,400,0.0
720575940615177099,36167.4225,2.764919175537046e-05,111,0,400,0.2775,99198.035,1.0080844847380292e-05,394,0,400,0.985
720575940615183755,21548.0425,4.640792777348569e-05,40,0,400,0.1,56511.39,1.7695547747100185e-05,101,0,400,0.2525
720575940615193138,46503.3125,2.150384448419669e-05,140,0,400,0.35,2609.91,0.0003831549746926139,0,0,400,0.0
720575940615220802,26976.9725,3.7068651791819856e-05,65,0,400,0.1625,20410.12,4.8995302330412564e-05,3,0,400,0.0075
720575940615250235,29164.96,3.428772060719439e-05,72,0,400,0.18,5890.4475,0.00016976638871664672,0,0,400,0.0
720575940615267933,41657.3975,2.400534022798712e-05,130,0,400,0.325,59441.55,1.682324905726718e-05,131,0,400,0.3275
720575940615283771,35216.15,2.839606260195961e-05,115,0,400,0.2875,41024.785,2.4375508610221843e-05,47,0,400,0.1175
720575940615285919,39292.0825,2.5450419941472945e-05,123,0,400,0.3075,719.7975,0.001389279623783078,0,0,400,0.0
720575940615326779,39005.3525,2.5637507057524988e-05,113,0,400,0.2825,383.3125,0.0026088374368172184,0,0,400,0.0
720575940615442315,40785.23,2.4518679924080357e-05,133,0,400,0.3325,94944.8225,1.0532433192973741e-05,363,0,400,0.9075
720575940615463825,29508.4425,3.3888606625036206e-05,84,0,400,0.21,365.1175,0.0027388443446287837,0,0,400,0.0
720575940615468703,27921.3725,3.581485831328671e-05,71,0,400,0.1775,29383.7675,3.4032395607540794e-05,17,0,400,0.0425
720575940615484633,42670.22,2.3435548258246618e-05,136,0,400,0.34,35803.4225,2.7930290742456256e-05,29,0,400,0.0725
720575940615502130,38943.96,2.5677922840923214e-05,116,0,400,0.29,55196.555,1.8117072704990374e-05,103,0,400,0.2575
720575940615610836,38741.2625,2.581227186388157e-05,110,0,400,0.275,12633.3425,7.915561538840572e-05,0,0,400,0.0
720575940615612066,36945.1325,2.706716507242192e-05,122,0,400,0.305,772.09,0.001295185794402207,0,0,400,0.0
720575940615645841,27622.155,3.620282342199586e-05,73,0,400,0.1825,8783.6675,0.00011384766101403543,0,0,400,0.0
720575940615650009,24252.4025,4.123302835667518e-05,62,0,400,0.155,19955.39,5.0111774312604264e-05,3,0,400,0.0075
720575940615654100,36052.7675,2.773712170639882e-05,95,0,400,0.2375,32808.26,3.0480129089442718e-05,23,0,400,0.0575
720575940615654715,17685.72,5.654279271638361e-05,49,0,400,0.1225,69863.625,1.4313600246193924e-05,185,0,400,0.4625
720575940615661661,20160.4225,4.9602135074302136e-05,36,0,400,0.09,99387.5375,1.0061623671881396e-05,393,0,400,0.9825
720575940615673949,49686.08,2.0126361347081516e-05,175,0,400,0.4375,2338.6175,0.000427603060355103,0,0,400,0.0
720575940615677780,20295.89,4.927105931299391e-05,54,0,400,0.135,14735.215,6.78646358400607e-05,0,0,400,0.0
720575940615687380,50184.025,1.99266599281345e-05,166,0,400,0.415,1242.91,0.0008045634840817115,0,0,400,0.0
720575940615706966,37970.265,2.6336397704888285e-05,105,0,400,0.2625,80852.1525,1.2368254512457167e-05,256,0,400,0.64
720575940615711745,25205.005,3.967465985426307e-05,56,0,400,0.14,19323.705,5.174991027859305e-05,3,0,400,0.0075
720575940615712468,41138.18,2.4308318938757134e-05,134,0,400,0.335,84965.1575,1.1769530351309005e-05,285,0,400,0.7125
720575940615742977,25757.5875,3.8823511712810835e-05,61,0,400,0.1525,100000.0,1e-05,400,0,400,1.0
720575940615748025,30884.0375,3.237918617343992e-05,79,0,400,0.1975,10118.3225,9.883061149711328e-05,0,0,400,0.0
720575940615748753,43127.935,2.3186827748650616e-05,127,0,400,0.3175,95829.1275,1.0435240579645265e-05,370,0,400,0.925
720575940615764061,21719.9225,4.604067993336532e-05,50,0,400,0.125,748.9175,0.0013352605594074112,0,0,400,0.0
720575940615783097,38234.2175,2.6154582606535627e-05,105,0,400,0.2625,1353.1,0.0007390436774813392,0,0,400,0.0
720575940615785755,19333.9475,5.172249485005585e-05,36,0,400,0.09,42262.2025,2.366180513190244e-05,48,0,400,0.12
720575940615833055,32056.7575,3.119467088959325e-05,86,0,400,0.215,4082.33,0.0002449581489002604,0,0,400,0.0
720575940615846356,20478.3775,4.883199364793427e-05,28,0,400,0.07,88471.62,1.130305967043443e-05,319,0,400,0.7975
720575940615877410,25926.9625,3.856988646471795e-05,66,0,400,0.165,11569.22,8.643625067204185e-05,0,0,400,0.0
720575940615889638,34451.3875,2.9026407136722725e-05,95,0,400,0.2375,8872.95,0.00011270208893321837,0,0,400,0.0
720575940615914613,37418.2475,2.672492879309754e-05,110,0,400,0.275,33595.275,2.9766090618397974e-05,28,0,400,0.07
720575940615921803,33815.445,2.957228568188294e-05,86,0,400,0.215,8703.0425,0.00011490234593247133,0,0,400,0.0
720575940615929584,37977.645,2.6331279888471235e-05,109,0,400,0.2725,1342.95,0.0007446293607356938,0,0,400,0.0
720575940615935325,30451.6275,3.283896730971112e-05,87,0,400,0.2175,78934.2,1.26687798191405e-05,235,0,400,0.5875
720575940615957853,41960.85,2.38317383942413e-05,136,0,400,0.34,38958.38,2.5668418450664532e-05,39,0,400,0.0975
720575940615961739,32964.9725,3.0335229310444592e-05,102,0,400,0.255,8084.4075,0.00012369490281136867,0,0,400,0.0
720575940615965323,32720.94,3.0561469199845725e-05,94,0,400,0.235,3525.005,0.0002836875408687363,0,0,400,0.0
720575940615973771,42547.625,2.35030744959325e-05,124,0,400,0.31,91067.545,1.0980860415200608e-05,337,0,400,0.8425
720575940615976861,28951.805,3.454016079481055e-05,60,0,400,0.15,93457.89,1.0700006173903563e-05,349,0,400,0.8725
720575940615985449,36348.9575,2.751110537351725e-05,86,0,400,0.215,18093.1,5.5269688444766244e-05,0,0,400,0.0
720575940616005009,29027.615,3.444995394902406e-05,72,0,400,0.18,4609.7475,0.00021693162152590785,0,0,400,0.0
720575940616027037,29386.485,3.4029248479360496e-05,78,0,400,0.195,33038.7625,3.0267477481942616e-05,23,0,400,0.0575
720575940616040148,31617.6775,3.1627876525718876e-05,80,0,400,0.2,1016.1975,0.000984060677181355,0,0,400,0.0
720575940616072861,44049.3775,2.2701796410176283e-05,147,0,400,0.3675,64583.815,1.5483755488894548e-05,154,0,400,0.385
720575940616097093,35356.75,2.8283142539967615e-05,104,0,400,0.26,195.745,0.005108687322792408,0,0,400,0.0
720575940616103254,41007.47,2.4385800928464983e-05,138,0,400,0.345,1390.0475,0.0007193998766229212,0,0,400,0.0
720575940616199892,38763.8725,2.5797216209500228e-05,109,0,400,0.2725,91403.01,1.0940558740899233e-05,328,0,400,0.82
720575940616200298,30011.055,3.3321054524740966e-05,73,0,400,0.1825,83151.01,1.2026312127778123e-05,272,0,400,0.68
720575940616204091,32324.3225,3.0936456595493995e-05,82,0,400,0.205,4671.76,0.00021405209171704024,0,0,400,0.0
720575940616205083,26563.2875,3.764594273205077e-05,62,0,400,0.155,38628.4975,2.5887623509042775e-05,43,0,400,0.1075
720575940616218452,30317.2125,3.298456281229681e-05,68,0,400,0.17,6727.9,0.00014863478945882074,0,0,400,0.0
720575940616221401,26233.975,3.811850853711647e-05,55,0,400,0.1375,94963.525,1.0530358893059205e-05,360,0,400,0.9
720575940616231252,36088.59,2.770958909727424e-05,103,0,400,0.2575,4780.1575,0.00020919812788595355,0,0,400,0.0
720575940616267348,35113.86,2.8478783021860883e-05,87,0,400,0.2175,62046.4,1.6116970525284304e-05,146,0,400,0.365
720575940616287377,32719.6425,3.0562681117313554e-05,105,0,400,0.2625,99982.8475,1.0001715544258729e-05,399,0,400,0.9975
720575940616323101,40285.3725,2.4822905634048687e-05,115,0,400,0.2875,20391.4625,4.904013137851196e-05,1,0,400,0.0025
720575940616324386,28903.45,3.459794591995073e-05,62,0,400,0.155,22765.44,4.392623204295634e-05,8,0,400,0.02
720575940616330267,30978.415,3.228054114453564e-05,101,0,400,0.2525,3977.2925,0.0002514273214756018,0,0,400,0.0
720575940616377659,18151.9225,5.509058338035544e-05,40,0,400,0.1,3323.085,0.0003009251945105226,0,0,400,0.0
720575940616400704,27011.5925,3.702114194118692e-05,67,0,400,0.1675,52231.9875,1.914535609046085e-05,85,0,400,0.2125
720575940616410171,39034.97,2.561805478523488e-05,103,0,400,0.2575,222.5525,0.004493321800474045,0,0,400,0.0
720575940616440537,14684.155,6.810061593602083e-05,23,0,400,0.0575,86324.665,1.15841746967683e-05,300,0,400,0.75
720575940616445250,39137.685,2.555082141419453e-05,115,0,400,0.2875,11858.5125,8.432760854280838e-05,1,0,400,0.0025
720575940616470417,46428.845,2.153833462796673e-05,124,0,400,0.31,45485.555,2.1985001612050243e-05,56,0,400,0.14
720575940616502175,35712.735,2.800121581279059e-05,99,0,400,0.2475,6214.565,0.0001609123084238398,0,0,400,0.0
720575940616511813,47434.7775,2.1081578805761238e-05,145,0,400,0.3625,15105.1525,6.620257557810158e-05,0,0,400,0.0
720575940616520517,31260.1025,3.198965838323786e-05,85,0,400,0.2125,7568.66,0.00013212378413087654,0,0,400,0.0
720575940616543745,36873.2225,2.71199513413833e-05,110,0,400,0.275,68478.56,1.4603110813077846e-05,189,0,400,0.4725
720575940616545793,28221.155,3.5434410816991726e-05,70,0,400,0.175,2022.0025,0.000494559230268014,0,0,400,0.0
720575940616571682,29608.625,3.377394255896719e-05,71,0,400,0.1775,97222.2775,1.0285708437554346e-05,379,0,400,0.9475
720575940616586077,23500.685,4.2551951145253846e-05,55,0,400,0.1375,9952.1675,0.00010048062394448245,0,0,400,0.0
720575940616617245,27891.725,3.5852927705260256e-05,59,0,400,0.1475,1029.87,0.0009709963393438008,0,0,400,0.0
720575940616617940,38085.01,2.6257049689628544e-05,111,0,400,0.2775,767.3375,0.0013032075195073876,0,0,400,0.0
720575940616657989,27897.8425,3.5845065796754716e-05,80,0,400,0.2,983.7375,0.001016531340931905,0,0,400,0.0
720575940616728038,28405.88,3.520397889451057e-05,89,0,400,0.2225,3804.475,0.00026284835621209236,0,0,400,0.0
720575940616764731,38116.695,2.6235223174517097e-05,123,0,400,0.3075,5291.3475,0.0001889877767430697,0,0,400,0.0
720575940616811584,34675.215,2.8839042526484697e-05,105,0,400,0.2625,22982.145,4.3512039454976896e-05,7,0,400,0.0175
720575940616813858,28352.72,3.526998467871865e-05,66,0,400,0.165,587.5075,0.0017021059305625883,0,0,400,0.0
720575940616819345,40923.43,2.4435879397205953e-05,119,0,400,0.2975,384.9775,0.0025975544025300177,0,0,400,0.0
720575940616824118,29796.57,3.356090986311512e-05,83,0,400,0.2075,1585.0925,0.0006308780086966534,0,0,400,0.0
720575940616826409,37699.3275,2.6525672109137755e-05,107,0,400,0.2675,9295.6625,0.00010757705542773309,0,0,400,0.0
720575940616828201,45507.3325,2.1974480705938983e-05,145,0,400,0.3625,26579.2,3.762340476763785e-05,15,0,400,0.0375
720575940616828969,19970.51,5.007383386803843e-05,56,0,400,0.14,3822.2125,0.00026162857245639795,0,0,400,0.0
720575940616829481,21831.26,4.580587652751147e-05,45,0,400,0.1125,16292.89,6.137646543983296e-05,0,0,400,0.0
720575940616839654,28967.4375,3.452152093190846e-05,77,0,400,0.1925,58886.865,1.69817157017953e-05,109,0,400,0.2725
720575940616842141,40538.7075,2.466778202043072e-05,124,0,400,0.31,93832.1,1.0657333684314856e-05,355,0,400,0.8875
720575940616855074,40297.1275,2.4815664590484765e-05,121,0,400,0.3025,100000.0,1e-05,400,0,400,1.0
720575940616856645,26291.0925,3.8035695930094955e-05,59,0,400,0.1475,6119.6075,0.00016340917289221573,0,0,400,0.0
720575940616884765,34631.0775,2.8875798045844805e-05,111,0,400,0.2775,98603.3175,1.014164660332042e-05,387,0,400,0.9675
720575940616885824,32085.765,3.116646899333708e-05,85,0,400,0.2125,4065.0525,0.00024599928291209035,0,0,400,0.0
720575940616891698,26212.2,3.8150174346296764e-05,62,0,400,0.155,30734.8925,3.253631031896402e-05,16,0,400,0.04
720575940616896581,32089.93,3.1162423850722014e-05,88,0,400,0.22,29713.9775,3.365419523522221e-05,18,0,400,0.045
720575940616913339,29953.1175,3.338550653366882e-05,85,0,400,0.2125,84301.7275,1.1862153121358042e-05,277,0,400,0.6925
720575940616956673,33480.98,2.9867703991938106e-05,82,0,400,0.205,687.9675,0.001453557035761137,0,0,400,0.0
720575940616966557,25992.7975,3.847219599968029e-05,79,0,400,0.1975,70384.5,1.4207673564492183e-05,194,0,400,0.485
720575940616967508,33872.445,2.9522521920103493e-05,89,0,400,0.2225,736.7075,0.0013573908233593388,0,0,400,0.0
720575940616968733,39551.4575,2.528351831282071e-05,106,0,400,0.265,413.235,0.0024199305479932725,0,0,400,0.0
720575940616973313,46888.6575,2.1327119463806358e-05,145,0,400,0.3625,750.4025,0.0013326181615866152,0,0,400,0.0
720575940616983862,29321.7925,3.41043270120679e-05,75,0,400,0.1875,7421.8725,0.00013473688749032,0,0,400,0.0
720575940617047297,29572.8625,3.3814785430392476e-05,75,0,400,0.1875,9591.8625,0.0001042550391021556,0,0,400,0.0
720575940617068066,32880.2175,3.0413424120445678e-05,73,0,400,0.1825,74798.635,1.3369227927755634e-05,214,0,400,0.535
720575940617073876,33210.025,3.011138955782177e-05,96,0,400,0.24,15138.6625,6.605603368197158e-05,0,0,400,0.0
720575940617077533,42496.49,2.3531355177804098e-05,141,0,400,0.3525,4959.805,0.00020162082985117357,0,0,400,0.0
720575940617155742,34577.0475,2.8920919289016794e-05,109,0,400,0.2725,10640.865,9.397732233234799e-05,1,0,400,0.0025
720575940617172436,46499.97,2.1505390218531324e-05,133,0,400,0.3325,79214.2225,1.262399564674134e-05,252,0,400,0.63
720575940617178369,33658.58,2.9710106605804522e-05,89,0,400,0.2225,69673.0225,1.435275755404468e-05,176,0,400,0.44
720575940617180955,25502.2525,3.921222252818648e-05,74,0,400,0.185,88050.425,1.1357128599890346e-05,307,0,400,0.7675
720575940617187329,32559.105,3.0713374953027735e-05,68,0,400,0.17,61658.22,1.621843770384549e-05,136,0,400,0.34
720575940617193886,36797.765,2.717556351588201e-05,103,0,400,0.2575,97352.2825,1.0271972822003428e-05,379,0,400,0.9475
720575940617211968,43688.5025,2.288931738962671e-05,134,0,400,0.335,39654.0525,2.5218103496483747e-05,49,0,400,0.1225
720575940617225565,36763.4725,2.7200912536213762e-05,95,0,400,0.2375,1393.9725,0.0007173742667089917,0,0,400,0.0
720575940617232017,25052.7375,3.991579762491025e-05,43,0,400,0.1075,989.7025,0.0010104046417989245,0,0,400,0.0
720575940617236667,28323.36,3.530654555109281e-05,79,0,400,0.1975,996.81,0.0010032002086656435,0,0,400,0.0
720575940617241019,39932.145,2.504248143945185e-05,122,0,400,0.305,2814.605,0.0003552896409975823,0,0,400,0.0
720575940617244347,26256.1525,3.808631138930199e-05,75,0,400,0.1875,1002.605,0.0009974017683933353,0,0,400,0.0
720575940617296155,28483.7725,3.5107709135087356e-05,62,0,400,0.155,4157.4175,0.00024053393723387178,0,0,400,0.0
720575940617337413,28946.2475,3.4546792291470594e-05,60,0,400,0.15,8476.8425,0.00011796845346601637,0,0,400,0.0
720575940617387732,46546.6725,2.1483812833237436e-05,153,0,400,0.3825,1421.86,0.0007033041227687677,0,0,400,0.0
720575940617425781,40261.5675,2.4837582391694017e-05,128,0,400,0.32,33884.645,2.951189248109284e-05,30,0,400,0.075
720575940617433627,21554.3625,4.639432040729574e-05,38,0,400,0.095,10000.6325,9.999367540003095e-05,0,0,400,0.0
720575940617494232,40787.4625,2.451733789519267e-05,133,0,400,0.3325,2460.635,0.00040639916119213125,0,0,400,0.0
720575940617497211,43405.0425,2.3038797853959016e-05,138,0,400,0.345,89480.1775,1.1175659547613212e-05,314,0,400,0.785
720575940617501533,27470.7975,3.640229228874771e-05,75,0,400,0.1875,778.405,0.001284678284440619,0,0,400,0.0
720575940617559125,27692.24,3.611119938293182e-05,80,0,400,0.2,98950.58,1.0106054961982032e-05,389,0,400,0.9725
720575940617585624,39369.03,2.540067662322389e-05,122,0,400,0.305,71601.1825,1.3966249789240563e-05,201,0,400,0.5025
720575940617600064,22596.31,4.425501331854625e-05,68,0,400,0.17,1111.435,0.0008997377264527391,0,0,400,0.0
720575940617644372,38517.7825,2.5962034548588043e-05,121,0,400,0.3025,97338.895,1.0273385577265901e-05,378,0,400,0.945
720575940617716770,38097.2525,2.624861202261239e-05,109,0,400,0.2725,46563.465,2.1476064979270766e-05,69,0,400,0.1725
720575940617736827,40833.29,2.4489821907566104e-05,104,0,400,0.26,28816.1225,3.470279528413304e-05,22,0,400,0.055
720575940617773865,28033.8025,3.567122226818855e-05,76,0,400,0.19,9141.145,0.0001093954860140606,0,0,400,0.0
720575940617784118,35263.9675,2.8357557895321903e-05,96,0,400,0.24,7043.9375,0.00014196605236772757,0,0,400,0.0
720575940617787550,15931.695,6.276796034571337e-05,23,0,400,0.0575,1442.105,0.0006934307834727707,0,0,400,0.0
720575940617797169,29369.04,3.4049461609913026e-05,92,0,400,0.23,1346.125,0.000742873061565605,0,0,400,0.0
720575940617801675,52661.5275,1.89891947209469e-05,165,0,400,0.4125,6191.1375,0.00016152120672493546,0,0,400,0.0
720575940617812273,52406.0125,1.9081779977058932e-05,170,0,400,0.425,19455.2625,5.139997468551246e-05,2,0,400,0.005
720575940617819185,33963.285,2.9443559420120873e-05,109,0,400,0.2725,100000.0,1e-05,400,0,400,1.0
720575940617828731,22841.4725,4.3780014620335884e-05,54,0,400,0.135,99811.5025,1.0018885348409619e-05,398,0,400,0.995
720575940617921877,41058.215,2.4355661832839058e-05,116,0,400,0.29,16951.9675,5.899020275965018e-05,0,0,400,0.0
720575940617934576,37254.4725,2.6842414692625157e-05,119,0,400,0.2975,6546.2925,0.00015275822154295734,0,0,400,0.0
720575940617949861,28191.485,3.547170360128244e-05,77,0,400,0.1925,8192.5775,0.00012206170768601214,0,0,400,0.0
720575940617978526,32534.39,3.073670660491867e-05,85,0,400,0.2125,2095.715,0.0004771641182126386,0,0,400,0.0
720575940618014343,24823.5975,4.028424969426772e-05,66,0,400,0.165,94652.5875,1.05649515392276e-05,357,0,400,0.8925
720575940618050776,19234.0225,5.199120464790971e-05,37,0,400,0.0925,25502.5975,3.921169206391623e-05,9,0,400,0.0225
720575940618129355,29604.0375,3.377917623567394e-05,77,0,400,0.1925,7787.865,0.00012840489659232665,0,0,400,0.0
720575940618133371,28468.67,3.512633361516362e-05,64,0,400,0.16,374.045,0.002673475116630352,0,0,400,0.0
720575940618146901,57340.825,1.743958165931516e-05,209,0,400,0.5225,92392.81,1.0823353029310398e-05,342,0,400,0.855
720575940618153153,12640.53,7.911060691284305e-05,29,0,400,0.0725,96253.9225,1.0389186996509155e-05,373,0,400,0.9325
720575940618174447,29658.065,3.3717641390293e-05,79,0,400,0.1975,59223.5425,1.6885177039181673e-05,134,0,400,0.335
720575940618177739,20006.59,4.998353042672439e-05,47,0,400,0.1175,1358.28,0.0007362252260211444,0,0,400,0.0
720575940618195510,22081.625,4.5286522164922195e-05,51,0,400,0.1275,75179.0025,1.3301586436984182e-05,222,0,400,0.555
720575940618198977,33078.8275,3.0230817582636507e-05,94,0,400,0.235,40151.7025,2.4905544167149576e-05,41,0,400,0.1025
720575940618225067,41725.17,2.3966349328235213e-05,121,0,400,0.3025,5789.2625,0.00017273357357694525,0,0,400,0.0
720575940618236752,34750.77,2.8776340783240203e-05,77,0,400,0.1925,70408.6825,1.4202793810266228e-05,173,0,400,0.4325
720575940618292901,31627.8625,3.161769152120223e-05,77,0,400,0.1925,66335.1175,1.5074971413143274e-05,168,0,400,0.42
720575940618295376,26198.9325,3.816949411965545e-05,67,0,400,0.1675,1439.3725,0.0006947471901818327,0,0,400,0.0
720575940618306469,32507.455,3.07621743996877e-05,87,0,400,0.2175,78849.6275,1.2682368093622255e-05,245,0,400,0.6125
720575940618308987,42310.93,2.3634554948331318e-05,130,0,400,0.325,367.675,0.002719793295709526,0,0,400,0.0
720575940618317726,30978.93,3.228000450628863e-05,84,0,400,0.21,60722.855,1.6468263885154937e-05,134,0,400,0.335
720575940618374558,53290.335,1.8765128798683664e-05,167,0,400,0.4175,625.93,0.0015976227373667984,0,0,400,0.0
720575940618386321,35433.99,2.8221490156767557e-05,89,0,400,0.2225,46645.715,2.1438196413111046e-05,70,0,400,0.175
720575940618388615,48873.7875,2.046086565318884e-05,147,0,400,0.3675,1564.7825,0.0006390664517273168,0,0,400,0.0
720575940618403719,33489.6975,2.9859929311096344e-05,102,0,400,0.255,90079.5975,1.1101292942611116e-05,322,0,400,0.805
720575940618407333,29624.9,3.3755388203842036e-05,73,0,400,0.1825,8733.81,0.00011449756749917848,0,0,400,0.0
720575940618424149,49275.1975,2.0294185528124977e-05,139,0,400,0.3475,28235.22,3.541675963566071e-05,17,0,400,0.0425
720575940618437979,27151.75,3.683003857946541e-05,67,0,400,0.1675,9186.56,0.0001088546746551484,0,0,400,0.0
720575940618463960,30935.245,3.232558849946073e-05,87,0,400,0.2175,1038.1075,0.0009632913739665689,0,0,400,0.0
720575940618468957,53008.5575,1.8864878562296286e-05,170,0,400,0.425,958.64,0.001043144454644079,0,0,400,0.0
720575940618523585,21890.4775,4.568196376712203e-05,47,0,400,0.1175,1973.4525,0.0005067261563174183,0,0,400,0.0
720575940618590923,45471.615,2.1991741441336536e-05,154,0,400,0.385,80505.7175,1.2421478014899998e-05,259,0,400,0.6475
720575940618606715,25460.385,3.927670378904325e-05,83,0,400,0.2075,97691.065,1.0236350683657712e-05,378,0,400,0.945
720575940618622191,32260.7775,3.099739304175171e-05,102,0,400,0.255,71564.945,1.3973321714982103e-05,200,0,400,0.5
720575940618624239,22222.3275,4.499978681350997e-05,47,0,400,0.1175,7517.73,0.00013301887670879374,0,0,400,0.0
720575940618648235,38786.505,2.578216315184882e-05,123,0,400,0.3075,99790.895,1.0020954316523566e-05,397,0,400,0.9925
720575940618651608,44715.9075,2.236340613237023e-05,130,0,400,0.325,3076.675,0.00032502620523779726,0,0,400,0.0
720575940618679280,25301.72,3.952300476015069e-05,78,0,400,0.195,48165.875,2.076158691189561e-05,76,0,400,0.19
720575940618688276,32929.845,3.036758903663227e-05,77,0,400,0.1925,10946.69,9.135181502353679e-05,0,0,400,0.0
720575940618694638,29923.7175,3.341830773532734e-05,93,0,400,0.2325,1928.5275,0.0005185303294871346,0,0,400,0.0
720575940618704043,41058.3025,2.4355609928101633e-05,117,0,400,0.2925,1018.22,0.0009821060281668009,0,0,400,0.0
720575940618710918,46490.9625,2.1509556830534536e-05,130,0,400,0.325,99241.0425,1.0076476171640378e-05,394,0,400,0.985
720575940618733377,25909.3475,3.859610899116622e-05,67,0,400,0.1675,91587.7,1.0918496697700674e-05,332,0,400,0.83
720575940618734575,27945.2575,3.5784247112412545e-05,67,0,400,0.1675,14404.5775,6.942237632447047e-05,0,0,400,0.0
720575940618742864,16325.7775,6.125282547799025e-05,26,0,400,0.065,99413.8625,1.005895933275905e-05,396,0,400,0.99
720575940618744047,31276.495,3.197289210315926e-05,95,0,400,0.2375,6430.4525,0.00015551005158657185,0,0,400,0.0
720575940618745424,35337.06,2.829890205919791e-05,91,0,400,0.2275,390.51,0.002560753885944022,0,0,400,0.0
720575940618746491,33669.4,2.970055896451971e-05,100,0,400,0.25,858.91,0.001164266337567382,0,0,400,0.0
720575940618772870,38270.08,2.6130073415054267e-05,96,0,400,0.24,5300.8075,0.00018865050277717122,0,0,400,0.0
720575940618774352,54560.59,1.8328247550108973e-05,182,0,400,0.455,99363.15,1.0064093177400275e-05,394,0,400,0.985
720575940618781861,51843.28,1.9288903016938744e-05,136,0,400,0.34,18482.6475,5.410480289687936e-05,3,0,400,0.0075
720575940618787841,27767.74,3.601301366261712e-05,62,0,400,0.155,902.2275,0.001108367900557232,0,0,400,0.0
720575940618792942,37840.95,2.6426397857347664e-05,117,0,400,0.2925,767.88,0.0013022868156482785,0,0,400,0.0
720575940618798470,22943.0675,4.358615080568455e-05,61,0,400,0.1525,100000.0,1e-05,400,0,400,1.0
720575940618814424,41685.5375,2.3989135320613297e-05,128,0,400,0.32,8325.7025,0.0001201099847130017,0,0,400,0.0
720575940618844757,37544.625,2.663497105111584e-05,110,0,400,0.275,6922.7925,0.00014445037894751287,0,0,400,0.0
720575940618858837,25761.47,3.881766063815458e-05,66,0,400,0.165,99970.905,1.0002910346765391e-05,399,0,400,0.9975
720575940618867627,29509.41,3.388749554803027e-05,79,0,400,0.1975,4376.3175,0.0002285026166405888,0,0,400,0.0
720575940618867888,32239.2875,3.1018055222219165e-05,91,0,400,0.2275,54783.76,1.8253584638951396e-05,101,0,400,0.2525
720575940618875886,36516.78,2.7384670828041246e-05,107,0,400,0.2675,45101.2675,2.2172325866451536e-05,65,0,400,0.1625
720575940618884299,31041.6925,3.221473829109028e-05,99,0,400,0.2475,6277.6475,0.00015929534112898183,0,0,400,0.0
720575940618901553,31634.575,3.1610982603685996e-05,83,0,400,0.2075,18956.5125,5.2752319288687726e-05,3,0,400,0.0075
720575940618928981,38643.46,2.587759998716471e-05,117,0,400,0.2925,1471.495,0.0006795809703736676,0,0,400,0.0
720575940618945985,17716.08,5.644589548026425e-05,24,0,400,0.06,11677.8325,8.563232945839906e-05,0,0,400,0.0
720575940618956198,36260.4475,2.7578258652213267e-05,94,0,400,0.235,10594.35,9.438993425741078e-05,0,0,400,0.0
720575940618963694,26620.7825,3.756463582541197e-05,71,0,400,0.1775,8855.34,0.00011292621175471523,0,0,400,0.0
720575940618970606,38649.155,2.5873786891330485e-05,103,0,400,0.2575,20385.77,4.905382529087692e-05,4,0,400,0.01
720575940618994603,39447.425,2.5350197129470428e-05,131,0,400,0.3275,92552.91,1.0804630562129272e-05,348,0,400,0.87
720575940618995541,30369.645,3.2927615716285125e-05,71,0,400,0.1775,355.21,0.0028152360575434254,0,0,400,0.0
720575940618997440,20140.6725,4.965077506721784e-05,30,0,400,0.075,57293.56,1.7453968648483354e-05,111,0,400,0.2775
720575940619006272,43403.2975,2.303972411312758e-05,140,0,400,0.35,99911.43,1.0008864851599061e-05,399,0,400,0.9975
720575940619025232,41030.765,2.4371956018855607e-05,129,0,400,0.3225,7029.47,0.0001422582356849094,0,0,400,0.0
720575940619051088,31583.915,3.1661686019608396e-05,92,0,400,0.23,94925.2675,1.0534602918027067e-05,365,0,400,0.9125
720575940619060289,26926.7125,3.713784220780758e-05,69,0,400,0.1725,8508.54,0.00011752897676922243,0,0,400,0.0
720575940619067374,40274.175,2.4829807190339714e-05,125,0,400,0.3125,5409.505,0.00018485979770792337,0,0,400,0.0
720575940619082405,40950.2125,2.4419897698943563e-05,128,0,400,0.32,84194.5425,1.1877254395675349e-05,286,0,400,0.715
720575940619084891,43315.6825,2.3086326759367118e-05,135,0,400,0.3375,80994.725,1.2346483058001616e-05,258,0,400,0.645
720575940619085478,21389.285,4.6752380923439e-05,42,0,400,0.105,87067.25,1.1485374810850233e-05,300,0,400,0.75
720575940619087013,32240.6525,3.1016741984362754e-05,89,0,400,0.2225,98514.4425,1.0150795909949954e-05,388,0,400,0.97
720575940619100180,14663.59,6.819612386871155e-05,31,0,400,0.0775,22070.185,4.5309996268721806e-05,7,0,400,0.0175
720575940619104027,37045.8025,2.699361148945282e-05,97,0,400,0.2425,17702.87,5.6488015785011134e-05,0,0,400,0.0
720575940619111846,39796.32,2.512795152918662e-05,130,0,400,0.325,1808.415,0.0005529704188474438,0,0,400,0.0
720575940619114689,29432.07,3.397654327405446e-05,76,0,400,0.19,99345.6575,1.0065865234220228e-05,392,0,400,0.98
720575940619126950,35636.2875,2.806128444215745e-05,88,0,400,0.22,3252.8425,0.00030742343043046197,0,0,400,0.0
720575940619140262,31801.6175,3.144494144047862e-05,85,0,400,0.2125,3849.7425,0.00025975763314039835,0,0,400,0.0
720575940619141254,38062.6575,2.627246928304993e-05,107,0,400,0.2675,5191.3975,0.0001926263592799434,0,0,400,0.0
720575940619141405,25408.7125,3.9356578968729717e-05,67,0,400,0.1675,16905.9225,5.9150868578748064e-05,0,0,400,0.0
720575940619157595,42238.615,2.3675018700305396e-05,133,0,400,0.3325,16277.165,6.143575985130088e-05,0,0,400,0.0
720575940619160769,34256.92,2.9191182394681134e-05,97,0,400,0.2425,99866.195,1.0013398427766273e-05,398,0,400,0.995
720575940619172079,23981.3125,4.1699135524796655e-05,52,0,400,0.13,71577.83,1.397080632368989e-05,195,0,400,0.4875
720575940619196398,33592.1975,2.9768817595216864e-05,104,0,400,0.26,1447.4175,0.0006908856636043159,0,0,400,0.0
720575940619200960,30500.4425,3.278640957422175e-05,83,0,400,0.2075,1415.3525,0.0007065377706260454,0,0,400,0.0
720575940619215451,41450.3725,2.412523554522942e-05,137,0,400,0.3425,96182.185,1.0396935773501092e-05,371,0,400,0.9275
720575940619226689,30788.5825,3.2479572581816655e-05,83,0,400,0.2075,5808.26,0.00017216860126784958,0,0,400,0.0
720575940619234241,36918.1525,2.7086945913666728e-05,102,0,400,0.255,88192.075,1.1338887309318894e-05,311,0,400,0.7775
720575940619237985,25854.275,3.8678323023948645e-05,54,0,400,0.135,131.7325,0.007591141138291614,0,0,400,0.0
720575940619253869,30022.4775,3.330837703184222e-05,69,0,400,0.1725,100000.0,1e-05,400,0,400,1.0
720575940619259271,26366.925,3.792630350334747e-05,81,0,400,0.2025,1074.5575,0.0009306156255016601,0,0,400,0.0
720575940619271344,19499.14,5.1284313051755104e-05,41,0,400,0.1025,32039.815,3.1211166481454405e-05,25,0,400,0.0625
720575940619293622,33502.0425,2.9848926375160558e-05,87,0,400,0.2175,5944.9775,0.0001682092152577533,0,0,400,0.0
720575940619296365,13431.4025,7.445238872113317e-05,8,0,400,0.02,98157.815,1.0187675836101281e-05,389,0,400,0.9725
720575940619322221,35063.405,2.851976298365775e-05,116,0,400,0.29,408.795,0.002446213872478871,0,0,400,0.0
720575940619327041,22533.7825,4.437781362272401e-05,49,0,400,0.1225,15221.805,6.56952312817041e-05,0,0,400,0.0
720575940619370416,40666.3125,2.4590378092432156e-05,133,0,400,0.3325,2864.07,0.0003491534773940581,0,0,400,0.0
720575940619376577,51527.4825,1.9407119297939697e-05,169,0,400,0.4225,2095.6,0.00047719030349303306,0,0,400,0.0
720575940619428272,35779.9125,2.794864297110844e-05,103,0,400,0.2575,43466.885,2.3006019409948515e-05,56,0,400,0.14
720575940619469147,38342.1775,2.6080939195485182e-05,109,0,400,0.2725,67117.255,1.489929825050205e-05,173,0,400,0.4325
720575940619469488,35906.25,2.78503046127067e-05,117,0,400,0.2925,96301.625,1.0384040767744053e-05,378,0,400,0.945
720575940619476126,21967.63,4.552152416988086e-05,63,0,400,0.1575,99740.2225,1.0026045410115262e-05,396,0,400,0.99
720575940619489088,55385.3375,1.8055320146780724e-05,192,0,400,0.48,1077.86,0.0009277642736533503,0,0,400,0.0
720575940619489857,34800.07,2.8735574382465322e-05,108,0,400,0.27,1167.15,0.0008567879021548215,0,0,400,0.0
720575940619503445,33746.3775,2.963281021792635e-05,93,0,400,0.2325,100000.0,1e-05,400,0,400,1.0
720575940619544779,37470.925,2.668735826510821e-05,106,0,400,0.265,61.655,0.016219284729543426,0,0,400,0.0
720575940619550708,41746.405,2.3954158447895095e-05,132,0,400,0.33,88514.1825,1.1297624536045396e-05,318,0,400,0.795
720575940619574181,35113.1025,2.847939739873456e-05,92,0,400,0.23,805.27,0.0012418195139518424,0,0,400,0.0
720575940619578352,45954.0,2.1760891326108717e-05,150,0,400,0.375,23220.6425,4.3065130519106e-05,6,0,400,0.015
720575940619578608,23626.6,4.2325175861105706e-05,53,0,400,0.1325,776.835,0.0012872746464822002,0,0,400,0.0
720575940619584421,23123.2325,4.3246548682153334e-05,52,0,400,0.13,659.1425,0.0015171226252289906,0,0,400,0.0
720575940619586676,46264.545,2.1614824051549626e-05,140,0,400,0.35,49461.5825,2.021771139247314e-05,75,0,400,0.1875
720575940619615936,38120.545,2.623257353744549e-05,119,0,400,0.2975,5380.8225,0.0001858451937412914,0,0,400,0.0
720575940619658111,23645.4525,4.229143003289956e-05,39,0,400,0.0975,12636.87,7.91335196136385e-05,1,0,400,0.0025
720575940619668206,35456.135,2.8203863731904224e-05,99,0,400,0.2475,90142.695,1.1093522331454589e-05,322,0,400,0.805
720575940619673222,36524.04,2.7379227489620535e-05,98,0,400,0.245,13063.9475,7.654654154113832e-05,0,0,400,0.0
720575940619673664,54597.32,1.8315917338067145e-05,182,0,400,0.455,51137.055,1.9555291168018964e-05,89,0,400,0.2225
720575940619683311,37725.55,2.6507234486972356e-05,98,0,400,0.245,225.9925,0.00442492560593825,0,0,400,0.0
720575940619707728,23709.675,4.217687505206208e-05,54,0,400,0.135,3063.1325,0.0003264631876028869,0,0,400,0.0
720575940619715568,19867.525,5.033339583063315e-05,37,0,400,0.0925,664.0075,0.0015060070857633385,0,0,400,0.0
720575940619718209,33133.9775,3.0180499760404557e-05,102,0,400,0.255,16445.475,6.080700010185173e-05,2,0,400,0.005
720575940619737510,34691.275,2.882569176255413e-05,94,0,400,0.235,100000.0,1e-05,400,0,400,1.0
720575940619766655,21778.795,4.591622263766201e-05,50,0,400,0.125,66916.84,1.4943921440402745e-05,169,0,400,0.4225
720575940619781229,33229.63,3.0093624274480337e-05,106,0,400,0.265,100000.0,1e-05,400,0,400,1.0
720575940619784374,50397.56,1.98422304571888e-05,171,0,400,0.4275,79917.6775,1.2512876140576032e-05,239,0,400,0.5975
720575940619818593,35883.3825,2.7868052851483554e-05,83,0,400,0.2075,99435.695,1.0056750747304577e-05,396,0,400,0.99
720575940619829765,37109.345,2.6947390205890187e-05,119,0,400,0.2975,6708.5775,0.00014906289746224142,0,0,400,0.0
720575940619832188,21834.79,4.5798471155435885e-05,59,0,400,0.1475,18107.96,5.5224332282598374e-05,1,0,400,0.0025
720575940619835892,48787.1375,2.049720584652051e-05,159,0,400,0.3975,97602.46,1.0245643398742203e-05,384,0,400,0.96
720575940619845547,23676.6875,4.2235637903317345e-05,64,0,400,0.16,72395.1575,1.381307858885451e-05,205,0,400,0.5125
720575940619866759,47824.735,2.09096819877831e-05,142,0,400,0.355,497.87,0.0020085564504790407,0,0,400,0.0
720575940619891060,31828.61,3.1418274313581395e-05,83,0,400,0.2075,45460.405,2.1997164345544216e-05,60,0,400,0.15
720575940619893419,25056.7525,3.990940166727512e-05,61,0,400,0.1525,74461.7025,1.3429722480492573e-05,224,0,400,0.56
720575940619906219,28272.28,3.537033447603094e-05,59,0,400,0.1475,59122.96,1.691390282218617e-05,123,0,400,0.3075
720575940619913221,30375.6425,3.29211143435073e-05,73,0,400,0.1825,157.7275,0.006340048501371036,0,0,400,0.0
720575940619927322,29799.7225,3.355735946869975e-05,79,0,400,0.1975,95863.3125,1.0431519357314093e-05,374,0,400,0.935
720575940619935152,27860.215,3.589347749111053e-05,77,0,400,0.1925,434.3075,0.0023025160744403446,0,0,400,0.0
720575940619967727,56800.4775,1.760548579895301e-05,189,0,400,0.4725,9380.9,0.00010659957999765482,0,0,400,0.0
720575940619968892,35418.705,2.8233669186945144e-05,98,0,400,0.245,99555.67,1.004463131030106e-05,397,0,400,0.9925
720575940619972446,23294.875,4.292789723061403e-05,48,0,400,0.12,75106.3775,1.3314448563306092e-05,227,0,400,0.5675
720575940619989765,48074.38,2.0801100295001206e-05,144,0,400,0.36,19479.9525,5.133482743348579e-05,1,0,400,0.0025
720575940619994294,33669.32,2.9700629534543615e-05,79,0,400,0.1975,6453.345,0.00015495839754421932,0,0,400,0.0
720575940620004590,14373.18,6.957402606799609e-05,30,0,400,0.075,48805.575,2.0489462525541396e-05,75,0,400,0.1875
720575940620007589,16957.8275,5.896981792036745e-05,39,0,400,0.0975,37274.6175,2.6827907757873036e-05,33,0,400,0.0825
720575940620012020,24885.745,4.0183647304912916e-05,51,0,400,0.1275,641.205,0.0015595636340951801,0,0,400,0.0
720575940620014203,40125.405,2.492186683224755e-05,126,0,400,0.315,740.89,0.001349728029801995,0,0,400,0.0
720575940620014356,24805.925,4.031294942639712e-05,60,0,400,0.15,393.3675,0.0025421520588253988,0,0,400,0.0
720575940620020694,9411.1475,0.00010625696813273835,5,0,400,0.0125,2214.0875,0.00045165333348388444,0,0,400,0.0
720575940620027515,52423.4075,1.9075448309993965e-05,149,0,400,0.3725,70960.72,1.409230346028056e-05,208,0,400,0.52
720575940620028513,37791.35,2.646108170255892e-05,103,0,400,0.2575,228.2975,0.004380249455206473,0,0,400,0.0
720575940620028795,49642.76,2.014392431041304e-05,158,0,400,0.395,605.9075,0.0016504169365786031,0,0,400,0.0
720575940620032123,31308.62,3.1940085509996926e-05,74,0,400,0.185,1474.7925,0.0006780614900062212,0,0,400,0.0
720575940620040780,46632.875,2.1444099254013398e-05,148,0,400,0.37,87196.9275,1.146829399464792e-05,295,0,400,0.7375
720575940620058537,39554.42,2.5281624657876417e-05,119,0,400,0.2975,1655.845,0.0006039212607460239,0,0,400,0.0
720575940620059425,45858.11,2.1806393678239246e-05,132,0,400,0.33,56888.3325,1.757829692055045e-05,108,0,400,0.27
720575940620080798,32071.31,3.118051616850075e-05,93,0,400,0.2325,97883.3825,1.0216238696083065e-05,388,0,400,0.97
720575940620095100,37136.655,2.692757330998174e-05,95,0,400,0.2375,67528.575,1.4808545863732502e-05,166,0,400,0.415
720575940620129694,45023.5725,2.221058757609694e-05,122,0,400,0.305,363.3975,0.0027518075936130548,0,0,400,0.0
720575940620130032,47872.385,2.0888869439030456e-05,135,0,400,0.3375,402.265,0.0024859234584167153,0,0,400,0.0
720575940620139643,39377.71,2.5395077570534194e-05,116,0,400,0.29,76605.5975,1.3053876382858314e-05,230,0,400,0.575
720575940620142196,18578.53,5.3825571775592585e-05,33,0,400,0.0825,97809.7375,1.0223930925077883e-05,386,0,400,0.965
720575940620147067,39105.295,2.5571984561170042e-05,99,0,400,0.2475,27596.555,3.6236407044285054e-05,16,0,400,0.04
720575940620156326,33124.3525,3.0189269360057678e-05,84,0,400,0.21,700.1175,0.0014283316728977637,0,0,400,0.0
720575940620156795,34341.2225,2.911952246312722e-05,92,0,400,0.23,388.8175,0.002571900698914015,0,0,400,0.0
720575940620159398,24842.2175,4.025405541997207e-05,54,0,400,0.135,1880.3725,0.0005318095217835828,0,0,400,0.0
720575940620191777,25642.37,3.8997955337201674e-05,69,0,400,0.1725,4650.6475,0.00021502382195167448,0,0,400,0.0
720575940620197441,21612.625,4.626925234671864e-05,54,0,400,0.135,821.805,0.0012168336770888473,0,0,400,0.0
720575940620202266,31701.185,3.154456213545329e-05,89,0,400,0.2225,320.705,0.0031181303690307294,0,0,400,0.0
720575940620203340,33961.3275,2.9445256520081554e-05,79,0,400,0.1975,2054.455,0.0004867470935114179,0,0,400,0.0
720575940620223659,24637.2975,4.058886734634755e-05,74,0,400,0.185,1976.9925,0.0005058188131720277,0,0,400,0.0
720575940620224801,51994.32,1.9232870051959523e-05,163,0,400,0.4075,16870.11,5.927643625323131e-05,2,0,400,0.005
720575940620228641,30665.99,3.260941518600899e-05,92,0,400,0.23,60420.1975,1.655075688886982e-05,121,0,400,0.3025
720575940620245926,41135.185,2.4310088796245845e-05,115,0,400,0.2875,98693.32,1.0132398018427184e-05,389,0,400,0.9725
720575940620267073,30993.0875,3.226525914851174e-05,79,0,400,0.1975,100000.0,1e-05,400,0,400,1.0
720575940620276400,43403.79,2.3039462682867094e-05,146,0,400,0.365,11375.585,8.790756695150184e-05,0,0,400,0.0
720575940620282906,53313.5225,1.8756967334131787e-05,169,0,400,0.4225,95238.84,1.0499917890642095e-05,361,0,400,0.9025
720575940620314304,16880.2425,5.924085510027477e-05,27,0,400,0.0675,4472.69,0.0002235790989315155,0,0,400,0.0
720575940620317564,40334.35,2.4792763488193066e-05,122,0,400,0.305,5746.96,0.00017400503918593482,0,0,400,0.0
720575940620327412,17338.5375,5.767499133072787e-05,31,0,400,0.0775,4426.8425,0.00022589464160968005,0,0,400,0.0
720575940620339438,19059.1975,5.246810627782204e-05,50,0,400,0.125,16648.71,6.006471372256469e-05,1,0,400,0.0025
720575940620346795,24522.7325,4.0778489917467395e-05,64,0,400,0.16,9400.51,0.00010637720719407776,0,0,400,0.0
720575940620350332,21393.055,4.674414196569868e-05,46,0,400,0.115,20544.78,4.8674164434956233e-05,3,0,400,0.0075
720575940620356822,40158.1775,2.4901528462042383e-05,124,0,400,0.31,8867.43,0.0001127722462990968,0,0,400,0.0
720575940620358012,49945.01,2.0022020217835573e-05,153,0,400,0.3825,88485.03,1.1301346679771708e-05,309,0,400,0.7725
720575940620365812,21516.3325,4.647632211483997e-05,46,0,400,0.115,65685.6875,1.5224016647462204e-05,166,0,400,0.415
720575940620391337,34312.64,2.9143779085491526e-05,106,0,400,0.265,96129.485,1.0402635570137508e-05,367,0,400,0.9175
720575940620417797,43308.0575,2.3090391435819997e-05,118,0,400,0.295,1904.9125,0.0005249584954689521,0,0,400,0.0
720575940620423518,33661.235,2.970776324754573e-05,106,0,400,0.265,95258.82,1.049771559211e-05,364,0,400,0.91
720575940620428225,46811.23,2.1362395305570907e-05,146,0,400,0.365,2321.3075,0.00043079169821318375,0,0,400,0.0
720575940620443764,33155.6475,3.0160774269300576e-05,102,0,400,0.255,100000.0,1e-05,400,0,400,1.0
720575940620474072,34007.88,2.9404949676369125e-05,107,0,400,0.2675,83817.8875,1.19306275763631e-05,279,0,400,0.6975
720575940620476843,31496.325,3.1749735881884634e-05,80,0,400,0.2,6546.7825,0.0001527467882123776,0,0,400,0.0
720575940620478847,30555.84,3.2726968068951795e-05,81,0,400,0.2025,95640.5875,1.045581197417885e-05,368,0,400,0.92
720575940620492373,30401.165,3.289347628618837e-05,88,0,400,0.22,1681.3125,0.0005947734284970819,0,0,400,0.0
720575940620494708,36385.8925,2.7483179092006607e-05,86,0,400,0.215,54145.665,1.846869920241999e-05,106,0,400,0.265
720575940620571953,48095.8875,2.079179846717664e-05,143,0,400,0.3575,97311.7825,1.027624789423624e-05,380,0,400,0.95
720575940620584497,48670.3975,2.0546370101045506e-05,159,0,400,0.3975,32632.7575,3.064405452098248e-05,21,0,400,0.0525
720575940620614310,27891.595,3.585309481225437e-05,75,0,400,0.1875,92491.42,1.0811813679582388e-05,338,0,400,0.845
720575940620629364,49280.45,2.029202249573614e-05,162,0,400,0.405,44503.6075,2.2470088520351974e-05,57,0,400,0.1425
720575940620632652,21843.97,4.5779224197799204e-05,50,0,400,0.125,3498.01,0.00028587682711027124,0,0,400,0.0
720575940620639152,34011.7825,2.9401575762752215e-05,109,0,400,0.2725,32980.6675,3.032079323440012e-05,19,0,400,0.0475
720575940620649292,30921.8225,3.233962034417603e-05,80,0,400,0.2,98650.825,1.0136762667722242e-05,391,0,400,0.9775
720575940620657243,31004.675,3.2253200525404635e-05,97,0,400,0.2425,8533.7475,0.00011718181256241764,0,0,400,0.0
720575940620664741,25661.795,3.8968435372506097e-05,70,0,400,0.175,91663.12,1.090951300806693e-05,325,0,400,0.8125
720575940620669110,36984.9275,2.7038041375098007e-05,99,0,400,0.2475,70815.545,1.4121193305791829e-05,191,0,400,0.4775
720575940620700886,34978.6175,2.8588894343808756e-05,115,0,400,0.2875,5227.8925,0.00019128166847348142,0,0,400,0.0
720575940620719273,39072.8925,2.5593190982725427e-05,112,0,400,0.28,5916.04,0.00016903198761333594,0,0,400,0.0
720575940620760429,41773.125,2.3938836273321662e-05,129,0,400,0.3225,589.555,0.0016961945874430717,0,0,400,0.0
720575940620776662,44294.2125,2.2576312876089625e-05,147,0,400,0.3675,44233.3225,2.2607390615977354e-05,62,0,400,0.155
720575940620789697,52889.275,1.890742499306334e-05,171,0,400,0.4275,82957.0525,1.2054430212548835e-05,273,0,400,0.6825
720575940620818977,55072.305,1.8157947084292185e-05,171,0,400,0.4275,22284.27,4.487470309774563e-05,2,0,400,0.005
720575940620831308,29085.865,3.4380961336374214e-05,71,0,400,0.1775,20207.9375,4.9485505386187975e-05,3,0,400,0.0075
720575940620841310,46818.77,2.135895496613858e-05,145,0,400,0.3625,261.85,0.0038189803322512886,0,0,400,0.0
720575940620872669,37346.9475,2.6775950029115496e-05,111,0,400,0.2775,75898.155,1.317555084178265e-05,216,0,400,0.54
720575940620899964,30400.0175,3.28947179060012e-05,81,0,400,0.2025,99395.6425,1.0060803218813139e-05,395,0,400,0.9875
720575940620919646,43524.36,2.297563938906856e-05,129,0,400,0.3225,2821.1725,0.0003544625505884521,0,0,400,0.0
720575940620925899,33095.6725,3.021543073342897e-05,96,0,400,0.24,84588.82,1.1821893247831095e-05,284,0,400,0.71
720575940620932317,39689.0075,2.519589334653934e-05,123,0,400,0.3075,6463.875,0.00015470596198100984,0,0,400,0.0
720575940620932813,32594.3075,3.068020389756708e-05,93,0,400,0.2325,1252.19,0.0007986008513085074,0,0,400,0.0
720575940620941003,29236.16,3.420421833783917e-05,76,0,400,0.19,48305.635,2.0701518570245478e-05,73,0,400,0.1825
720575940620957353,39426.09,2.536391511306346e-05,108,0,400,0.27,89265.865,1.1202490448056488e-05,324,0,400,0.81
720575940620958814,26378.0125,3.7910361897053464e-05,87,0,400,0.2175,13481.8875,7.417359030773695e-05,0,0,400,0.0
720575940621019674,43297.635,2.3095949697945395e-05,127,0,400,0.3175,746.7175,0.0013391945414430492,0,0,400,0.0
720575940621022685,47601.0775,2.100792781423908e-05,156,0,400,0.39,58882.4975,1.6982975289049178e-05,123,0,400,0.3075
720575940621025037,20497.515,4.8786401668690086e-05,50,0,400,0.125,892.725,0.0011201657845361112,0,0,400,0.0
720575940621050228,18994.04,5.2648093823115036e-05,29,0,400,0.0725,1381.625,0.0007237853976296029,0,0,400,0.0
720575940621066776,32640.81,3.063649462130382e-05,110,0,400,0.275,74538.265,1.3415928047158061e-05,214,0,400,0.535
720575940621073246,36616.05,2.7310428077304894e-05,96,0,400,0.24,99330.595,1.0067391622893228e-05,396,0,400,0.99
720575940621074835,38785.975,2.5782515458229426e-05,120,0,400,0.3,100000.0,1e-05,400,0,400,1.0
720575940621076144,42567.2375,2.3492245650190478e-05,145,0,400,0.3625,1474.275,0.0006782995031456139,0,0,400,0.0
720575940621088536,23551.175,4.246072648179974e-05,56,0,400,0.14,47850.105,2.0898595729309265e-05,62,0,400,0.155
720575940621117684,40944.26,2.4423447877675647e-05,138,0,400,0.345,21983.825,4.5487989464981635e-05,7,0,400,0.0175
720575940621132065,38624.1575,2.5890532369541006e-05,114,0,400,0.285,99637.3,1.0036402030163402e-05,398,0,400,0.995
720575940621132253,39921.315,2.5049275055192944e-05,112,0,400,0.28,23677.98,4.223333240420002e-05,2,0,400,0.005
720575940621139482,32104.065,3.114870344300636e-05,77,0,400,0.1925,1035.03,0.000966155570369941,0,0,400,0.0
720575940621172941,29218.3225,3.4225099678463744e-05,84,0,400,0.21,94926.1575,1.0534504148658919e-05,366,0,400,0.915
720575940621176564,40744.16,2.454339468527514e-05,115,0,400,0.2875,705.2925,0.0014178514587919195,0,0,400,0.0
720575940621193864,41483.855,2.4105763555484414e-05,127,0,400,0.3175,1012.74,0.0009874202658135356,0,0,400,0.0
720575940621202200,36165.305,2.765081063190259e-05,108,0,400,0.27,89122.0875,1.1220563028216771e-05,317,0,400,0.7925
720575940621216169,46190.105,2.1649658514523834e-05,147,0,400,0.3675,5820.4225,0.0001718088334652682,0,0,400,0.0
720575940621231459,35608.555,2.8083139009712695e-05,98,0,400,0.245,19207.405,5.2063253729486104e-05,1,0,400,0.0025
720575940621255011,37245.2675,2.6849048674438974e-05,111,0,400,0.2775,3994.58,0.0002503392096290474,0,0,400,0.0
720575940621268830,33577.4575,2.9781885659448756e-05,81,0,400,0.2025,8547.1875,0.00011699755036378926,0,0,400,0.0
720575940621276952,39673.9425,2.52054607378634e-05,116,0,400,0.29,60506.0575,1.652727084391509e-05,126,0,400,0.315
720575940621289571,26617.84,3.756878845165498e-05,80,0,400,0.2,97899.76,1.0214529637253452e-05,388,0,400,0.97
720575940621343764,31688.0025,3.1557684962944575e-05,91,0,400,0.2275,87482.2375,1.1430891899627052e-05,308,0,400,0.77
720575940621347583,26566.27,3.764171635686907e-05,56,0,400,0.14,1964.9575,0.0005089168595249515,0,0,400,0.0
720575940621355034,35072.5475,2.8512328623975773e-05,95,0,400,0.2375,663.8025,0.0015064721811080856,0,0,400,0.0
720575940621360264,42119.96,2.3741712955093026e-05,137,0,400,0.3425,2265.2525,0.00044145189112472006,0,0,400,0.0
720575940621372713,52672.09,1.8985386757958533e-05,187,0,400,0.4675,100000.0,1e-05,400,0,400,1.0
720575940621393573,26843.645,3.725276503991913e-05,96,0,400,0.24,15393.6875,6.496169290171702e-05,1,0,400,0.0025
720575940621424854,35596.2425,2.809285277793014e-05,98,0,400,0.245,46102.1725,2.1690951765884784e-05,52,0,400,0.13
720575940621434150,36316.285,2.7535856159296026e-05,109,0,400,0.2725,13673.53,7.313400416717555e-05,2,0,400,0.005
720575940621485552,36881.7175,2.7113704777983836e-05,110,0,400,0.275,21847.1775,4.577250310709472e-05,10,0,400,0.025
720575940621490968,35618.22,2.8075518653093836e-05,102,0,400,0.255,20385.065,4.9055521775378204e-05,2,0,400,0.005
720575940621496956,33319.965,3.0012036327169015e-05,105,0,400,0.2625,92403.11,1.0822146570607851e-05,341,0,400,0.8525
720575940621501720,35784.5675,2.794500729958522e-05,88,0,400,0.22,173.2425,0.00577225565320288,0,0,400,0.0
720575940621512291,12312.6825,8.121707028504958e-05,24,0,400,0.06,16493.7075,6.0629182371519563e-05,1,0,400,0.0025
720575940621515391,24784.2875,4.034814396016025e-05,70,0,400,0.175,675.6075,0.0014801493470691194,0,0,400,0.0
720575940621537023,9095.885,0.00010993982443709435,11,0,400,0.0275,99560.77,1.004411677410691e-05,397,0,400,0.9925
720575940621581526,43571.5825,2.2950738592062844e-05,127,0,400,0.3175,63104.3925,1.584675741866939e-05,155,0,400,0.3875
720575940621585446,30043.2075,3.328539404456066e-05,84,0,400,0.21,49284.46,2.0290371447713944e-05,76,0,400,0.19
720575940621586628,45923.9325,2.17751387035507e-05,132,0,400,0.33,4513.625,0.00022155141377495915,0,0,400,0.0
720575940621587396,42371.95,2.3600518739401895e-05,131,0,400,0.3275,11033.5475,9.063268182785273e-05,0,0,400,0.0
720575940621595888,16761.145,5.9661795181653756e-05,32,0,400,0.08,941.4625,0.0010621771977110082,0,0,400,0.0
720575940621613508,31091.69,3.216293485494034e-05,61,0,400,0.1525,80915.16,1.235862352617235e-05,256,0,400,0.64
720575940621616518,18544.4025,5.392462766055687e-05,39,0,400,0.0975,47454.5075,2.1072813789079995e-05,71,0,400,0.1775
720575940621656815,28562.13,3.501139445832646e-05,75,0,400,0.1875,95861.5525,1.0431710878039452e-05,364,0,400,0.91
720575940621656966,38989.9025,2.564766608482799e-05,110,0,400,0.275,96600.6125,1.035190123665106e-05,380,0,400,0.95
720575940621709388,32227.24,3.1029650693016217e-05,88,0,400,0.22,163.535,0.00611489895129483,0,0,400,0.0
720575940621712166,46657.335,2.1432857234559153e-05,144,0,400,0.36,77752.4125,1.286133726075702e-05,231,0,400,0.5775
720575940621731475,30095.0175,3.3228091660023126e-05,80,0,400,0.2,8263.665,0.0001210116818627086,0,0,400,0.0
720575940621746154,36173.3725,2.764464386061875e-05,116,0,400,0.29,81522.9575,1.2266483339984323e-05,259,0,400,0.6475
720575940621749261,53794.4175,1.858928949272478e-05,172,0,400,0.43,86243.49,1.1595078074878463e-05,297,0,400,0.7425
720575940621750285,20777.47,4.812905517370498e-05,45,0,400,0.1125,99768.675,1.0023186135327546e-05,399,0,400,0.9975
720575940621764490,49403.345,2.0241544373159348e-05,140,0,400,0.35,67044.115,1.4915552244965869e-05,178,0,400,0.445
720575940621765313,34023.6,2.9391363641707522e-05,109,0,400,0.2725,2863.9525,0.00034916780218945673,0,0,400,0.0
720575940621765467,32882.6675,3.0411158097195123e-05,89,0,400,0.2225,18567.9675,5.3856190775861716e-05,3,0,400,0.0075
720575940621768385,32955.57,3.0343884205310363e-05,88,0,400,0.22,43679.43,2.289407164882875e-05,59,0,400,0.1475
720575940621782125,51366.4475,1.9467961065440624e-05,171,0,400,0.4275,1713.355,0.0005836502067580857,0,0,400,0.0
720575940621782381,16602.64,6.023138488818646e-05,29,0,400,0.0725,5111.13,0.0001956514508533338,0,0,400,0.0
720575940621800586,19833.2,5.042050702861868e-05,56,0,400,0.14,58339.575,1.7141023053390432e-05,123,0,400,0.3075
720575940621811182,29535.1,3.3858019779855156e-05,83,0,400,0.2075,1027.5125,0.0009732241700222625,0,0,400,0.0
720575940621825518,30534.16,3.27502050162834e-05,86,0,400,0.215,1129.96,0.0008849870791886438,0,0,400,0.0
720575940621832942,40819.695,2.4497978243100544e-05,129,0,400,0.3225,5877.16,0.00017015020860415575,0,0,400,0.0
720575940621838826,31934.965,3.131364008070777e-05,103,0,400,0.2575,5883.195,0.00016997566798312823,0,0,400,0.0
720575940621846783,18876.1025,5.297703802996408e-05,42,0,400,0.105,91494.84,1.0929578105169646e-05,336,0,400,0.84
720575940621861637,37794.7975,2.645866802170325e-05,117,0,400,0.2925,99338.4575,1.0066594802924133e-05,395,0,400,0.9875
720575940621975081,30707.005,3.2565859158195336e-05,73,0,400,0.1825,956.255,0.0010457461660331189,0,0,400,0.0
720575940621978904,25841.7875,3.869701350961113e-05,61,0,400,0.1525,20981.07,4.766201151800171e-05,1,0,400,0.0025
720575940622014471,35353.2675,2.828592859203184e-05,106,0,400,0.265,69908.28,1.4304457211649321e-05,173,0,400,0.4325
720575940622016169,41048.5175,2.4361415732005424e-05,128,0,400,0.32,2109.5075,0.00047404429706933963,0,0,400,0.0
720575940622030861,25756.655,3.882491728836683e-05,74,0,400,0.185,55127.06,1.813991168765394e-05,112,0,400,0.28
720575940622051818,41535.215,2.407595578835935e-05,107,0,400,0.2675,3143.1775,0.00031814938863618106,0,0,400,0.0
720575940622069347,33796.0375,2.958926767672098e-05,106,0,400,0.265,648.485,0.001542055714472964,0,0,400,0.0
720575940622073235,21341.955,4.685606356118734e-05,37,0,400,0.0925,90629.5,1.1033934866682483e-05,323,0,400,0.8075
720575940622085389,30129.5125,3.319004912542146e-05,82,0,400,0.205,90180.58,1.1088861925705069e-05,330,0,400,0.825
720575940622087816,41111.99,2.4323804320831954e-05,133,0,400,0.3325,2099.1775,0.000476377057204548,0,0,400,0.0
720575940622089195,31648.505,3.1597069119062656e-05,64,0,400,0.16,46208.055,2.164124847929652e-05,76,0,400,0.19
720575940622092522,20228.425,4.943538609654484e-05,46,0,400,0.115,9944.42,0.0001005589064017811,0,0,400,0.0
720575940622125153,34201.8875,2.9238152426529095e-05,98,0,400,0.245,609.36,0.0016410660364973087,0,0,400,0.0
720575940622132872,35978.4775,2.7794394579370403e-05,93,0,400,0.2325,1958.0775,0.000510705015506281,0,0,400,0.0
720575940622136129,27448.1525,3.643232454351891e-05,82,0,400,0.205,1343.465,0.0007443439166632551,0,0,400,0.0
720575940622156148,33043.0,3.026359592046727e-05,90,0,400,0.225,596.9025,0.0016753154828468635,0,0,400,0.0
720575940622184189,24445.4475,4.09074123106153e-05,78,0,400,0.195,31095.73,3.215875620221812e-05,22,0,400,0.055
720575940622184701,32315.635,3.094477332721452e-05,105,0,400,0.2625,4074.94,0.0002454023862928043,0,0,400,0.0
720575940622200042,24868.8275,4.021098300673806e-05,52,0,400,0.13,44681.7325,2.2380510872088498e-05,65,0,400,0.1625
720575940622217654,36072.315,2.7722091027426434e-05,100,0,400,0.25,876.31,0.0011411486802615513,0,0,400,0.0
720575940622226870,32878.6575,3.041486715204232e-05,95,0,400,0.2375,33316.425,3.001522522299436e-05,22,0,400,0.055
720575940622228918,22984.985,4.350666315422873e-05,57,0,400,0.1425,47948.91,2.0855531439609366e-05,79,0,400,0.1975
720575940622234326,32459.9,3.0807242166488493e-05,94,0,400,0.235,284.99,0.003508895048949086,0,0,400,0.0
720575940622252865,31217.695,3.203311455249979e-05,71,0,400,0.1775,2579.23,0.0003877126119035526,0,0,400,0.0
720575940622265525,29822.935,3.353124030213659e-05,78,0,400,0.195,13236.92,7.554627511535916e-05,0,0,400,0.0
720575940622296573,33941.1,2.946280468222892e-05,92,0,400,0.23,69314.55,1.442698538762785e-05,181,0,400,0.4525
720575940622331786,43407.9825,2.3037237448204372e-05,129,0,400,0.3225,100000.0,1e-05,400,0,400,1.0
720575940622334699,29136.2925,3.432145665067029e-05,79,0,400,0.1975,2175.85,0.00045959050486016963,0,0,400,0.0
720575940622342576,42126.5375,2.3738006001561368e-05,125,0,400,0.3125,9313.615,0.00010736969479627406,0,0,400,0.0
720575940622345933,31051.0525,3.2205027510742186e-05,83,0,400,0.2075,13947.1,7.169949308458388e-05,1,0,400,0.0025
720575940622351999,47686.06,2.0970489069551985e-05,155,0,400,0.3875,3027.9675,0.0003302545354268168,0,0,400,0.0
720575940622366540,41767.1,2.394228950537624e-05,128,0,400,0.32,10655.7,9.384648591833478e-05,0,0,400,0.0
720575940622392299,35431.1225,2.8223774169164414e-05,111,0,400,0.2775,6969.415,0.00014348406573578987,0,0,400,0.0
720575940622406260,20213.905,4.947089639532787e-05,38,0,400,0.095,409.825,0.002440065881778808,0,0,400,0.0
720575940622422507,24910.055,4.0144431636140506e-05,55,0,400,0.1375,3234.92,0.0003091266553732395,0,0,400,0.0
720575940622422711,29923.4875,3.341856459745877e-05,93,0,400,0.2325,16260.085,6.150029351015079e-05,2,0,400,0.005
720575940622438634,27676.68,3.613150132169032e-05,71,0,400,0.1775,4772.6575,0.00020952687260713762,0,0,400,0.0
720575940622451699,40896.1675,2.4452169020483396e-05,110,0,400,0.275,80310.555,1.2451663420829306e-05,253,0,400,0.6325
720575940622455369,32290.2075,3.0969141341070664e-05,106,0,400,0.265,100000.0,1e-05,400,0,400,1.0
720575940622461320,21225.7525,4.71125817565243e-05,42,0,400,0.105,917.395,0.0010900430021964366,0,0,400,0.0
720575940622462173,25984.96,3.84837998596111e-05,56,0,400,0.14,350.25,0.0028551034975017845,0,0,400,0.0
720575940622471721,28771.6775,3.47564023682665e-05,65,0,400,0.1625,273.3175,0.003658748525067001,0,0,400,0.0
720575940622514695,21727.49,4.6024644356066895e-05,57,0,400,0.1425,29012.8275,3.4467512688999375e-05,14,0,400,0.035
720575940622523101,29778.64,3.358111720347202e-05,71,0,400,0.1775,46147.5875,2.166960515541576e-05,61,0,400,0.1525
720575940622559882,25160.6475,3.9744605141819186e-05,49,0,400,0.1225,24831.185,4.0271940304097445e-05,12,0,400,0.03
720575940622569827,43984.1025,2.2735487213817764e-05,139,0,400,0.3475,99463.635,1.0053925738788856e-05,397,0,400,0.9925
720575940622599679,33681.3825,2.9689992683643555e-05,111,0,400,0.2775,3953.8225,0.0002529198010279925,0,0,400,0.0
720575940622605320,34957.2825,2.8606342612587234e-05,90,0,400,0.225,80609.9925,1.240540991242494e-05,265,0,400,0.6625
720575940622609299,27616.9675,3.620962366704455e-05,73,0,400,0.1825,15690.32,6.373356311407288e-05,2,0,400,0.005
720575940622610726,20993.135,4.763461960302737e-05,51,0,400,0.1275,525.51,0.0019029133603547031,0,0,400,0.0
720575940622651656,32705.64,3.057576613697209e-05,97,0,400,0.2425,3338.615,0.00029952540200053017,0,0,400,0.0
720575940622681889,27193.9425,3.677289528725009e-05,62,0,400,0.155,26971.1025,3.707671942591149e-05,9,0,400,0.0225
720575940622683491,35837.37,2.790383334491342e-05,108,0,400,0.27,3983.28,0.00025104938643529955,0,0,400,0.0
720575940622709065,23949.765,4.175406314007674e-05,57,0,400,0.1425,41054.3675,2.435794437705075e-05,49,0,400,0.1225
720575940622713638,35189.2225,2.8417791839532684e-05,105,0,400,0.2625,1046.525,0.0009555433458350253,0,0,400,0.0
720575940622713897,40771.63,2.452685850430802e-05,100,0,400,0.25,33293.8925,3.0035538800397097e-05,20,0,400,0.05
720575940622733607,31849.9825,3.139719150552124e-05,95,0,400,0.2375,38455.975,2.600376144409289e-05,40,0,400,0.1
720575940622746365,36146.105,2.766549812213515e-05,106,0,400,0.265,41166.6725,2.429149453359389e-05,44,0,400,0.11
720575940622760682,28454.1625,3.5144242955665976e-05,87,0,400,0.2175,67587.02,1.4795740365531724e-05,173,0,400,0.4325
720575940622781624,31735.9725,3.1509984450610426e-05,97,0,400,0.2425,28234.0575,3.541821787392762e-05,16,0,400,0.04
720575940622805798,39390.985,2.538651927592062e-05,124,0,400,0.31,80120.9,1.2481137880378279e-05,251,0,400,0.6275
720575940622810697,39346.8175,2.5415016093741255e-05,118,0,400,0.295,75245.8225,1.3289774326009927e-05,223,0,400,0.5575
720575940622811116,40628.44,2.4613300436836853e-05,122,0,400,0.305,1700.9425,0.0005879093502572837,0,0,400,0.0
720575940622815123,41864.91,2.3886352556353277e-05,132,0,400,0.33,920.63,0.0010862127021713391,0,0,400,0.0
720575940622841037,27276.2425,3.666194124795598e-05,69,0,400,0.1725,701.645,0.001425222156503645,0,0,400,0.0
720575940622846099,38525.6025,2.5956764725483526e-05,110,0,400,0.275,4905.3675,0.00020385832458016652,0,0,400,0.0
720575940622856781,29638.36,3.37400584917654e-05,84,0,400,0.21,31641.6,3.16039644012945e-05,20,0,400,0.05
720575940622870666,36622.8425,2.7305362766420985e-05,108,0,400,0.27,806.5175,0.0012398987002761874,0,0,400,0.0
720575940622873095,44340.7325,2.255262697791472e-05,135,0,400,0.3375,86775.02,1.1524053811799755e-05,301,0,400,0.7525
720575940622897917,29532.48,3.386102352393026e-05,76,0,400,0.19,71343.665,1.401666146531721e-05,190,0,400,0.475
720575940622899453,41537.8925,2.4074403871115994e-05,134,0,400,0.335,1369.9225,0.0007299683011265237,0,0,400,0.0
720575940622905869,28428.2675,3.517625546474121e-05,59,0,400,0.1475,23647.655,4.2287491085268286e-05,2,0,400,0.005
720575940622908660,23776.0675,4.2059099975216675e-05,39,0,400,0.0975,22413.5525,4.461586354951987e-05,3,0,400,0.0075
720575940622940967,34140.4,2.929081088680859e-05,102,0,400,0.255,73988.095,1.3515687895464803e-05,209,0,400,0.5225
720575940622941447,33190.5075,3.0129096399023125e-05,93,0,400,0.2325,936.665,0.0010676175580383595,0,0,400,0.0
720575940622942868,26086.95,3.833334291666906e-05,55,0,400,0.1375,371.105,0.0026946551515069856,0,0,400,0.0
720575940622943731,36227.7125,2.760317809190961e-05,96,0,400,0.24,990.595,0.001009494293833504,0,0,400,0.0
720575940622986219,38033.485,2.6292620831354267e-05,109,0,400,0.2725,52729.2125,1.8964819548556694e-05,99,0,400,0.2475
720575940622994151,40113.755,2.4929104742251132e-05,113,0,400,0.2825,11249.6775,8.889143711008604e-05,0,0,400,0.0
720575940623004711,23806.735,4.200492003628385e-05,60,0,400,0.15,691.19,0.0014467801906856291,0,0,400,0.0
720575940623018983,20897.6175,4.785234489051204e-05,38,0,400,0.095,1720.0925,0.0005813640836175961,0,0,400,0.0
720575940623022315,27095.8875,3.690596958671311e-05,76,0,400,0.19,99682.15,1.003188635076591e-05,397,0,400,0.9925
720575940623023287,28058.3675,3.563999224117369e-05,60,0,400,0.15,5660.37,0.0001766668963336319,0,0,400,0.0
720575940623043732,35763.35,2.7961586372641268e-05,91,0,400,0.2275,32105.105,3.114769442429794e-05,18,0,400,0.045
720575940623044327,34894.51,2.8657803190243966e-05,94,0,400,0.235,22137.6525,4.5171907906676196e-05,7,0,400,0.0175
720575940623059214,28720.0275,3.4818908164346294e-05,75,0,400,0.1875,99191.15,1.0081544573280984e-05,396,0,400,0.99
720575940623062453,46809.77,2.1363061600174494e-05,132,0,400,0.33,5495.2325,0.00018197592185589963,0,0,400,0.0
720575940623066126,43585.52,2.294339955104356e-05,135,0,400,0.3375,98716.28,1.0130041367036927e-05,389,0,400,0.9725
720575940623084471,39190.1025,2.551664670945936e-05,122,0,400,0.305,1139.5325,0.0008775528561054643,0,0,400,0.0
720575940623088565,51243.185,1.9514790113065767e-05,163,0,400,0.4075,15578.4575,6.419120763400356e-05,1,0,400,0.0025
720575940623131319,24269.8075,4.120345824745417e-05,71,0,400,0.1775,4240.025,0.00023584766599253545,0,0,400,0.0
720575940623154407,49223.88,2.0315342878294033e-05,163,0,400,0.4075,1436.11,0.0006963254903872266,0,0,400,0.0
720575940623164856,28364.5025,3.525533366925791e-05,59,0,400,0.1475,88043.8225,1.1357980283057339e-05,307,0,400,0.7675
720575940623175969,24801.87,4.031954042175046e-05,56,0,400,0.14,40554.995,2.4657875065697825e-05,34,0,400,0.085
720575940623199070,32792.6825,3.0494608057758004e-05,91,0,400,0.2275,48542.7,2.060041983655627e-05,70,0,400,0.175
720575940623217132,23764.435,4.207968756673575e-05,58,0,400,0.145,8974.1875,0.00011143070055088553,0,0,400,0.0
720575940623219463,35833.4125,2.790691508937364e-05,106,0,400,0.265,42726.69,2.3404574517707783e-05,45,0,400,0.1125
720575940623220372,58790.45,1.7009565329062798e-05,207,0,400,0.5175,84563.0675,1.1825493440147496e-05,292,0,400,0.73
720575940623222542,25114.53,3.981758766737821e-05,50,0,400,0.125,7059.18,0.00014165951286126716,0,0,400,0.0
720575940623233259,30240.485,3.306825270824856e-05,84,0,400,0.21,88340.1875,1.1319876358650473e-05,310,0,400,0.775
720575940623242168,38127.325,2.622790872425485e-05,114,0,400,0.285,1151.8925,0.0008681365665632861,0,0,400,0.0
720575940623256757,33835.455,2.9554796883919544e-05,96,0,400,0.24,1910.5925,0.0005233978464795607,0,0,400,0.0
720575940623260201,18448.9975,5.420348720845129e-05,35,0,400,0.0875,837.345,0.0011942508762815805,0,0,400,0.0
720575940623261703,35289.3675,2.8337147159126613e-05,107,0,400,0.2675,68622.8825,1.4572398645597551e-05,174,0,400,0.435
720575940623277547,35079.0575,2.850703728285744e-05,113,0,400,0.2825,2614.6325,0.0003824629273903694,0,0,400,0.0
720575940623279357,44390.925,2.2527126884605355e-05,134,0,400,0.335,13263.5375,7.539466752365272e-05,0,0,400,0.0
720575940623280457,22120.885,4.5206147945708324e-05,67,0,400,0.1675,1021.7475,0.0009787153871186375,0,0,400,0.0
720575940623290603,20285.825,4.929550560551518e-05,60,0,400,0.15,16406.0925,6.0952966100855526e-05,1,0,400,0.0025
720575940623298535,27490.5675,3.6376113370522455e-05,58,0,400,0.145,99057.7825,1.0095117968141473e-05,390,0,400,0.975
720575940623299772,39381.1075,2.5392886677958463e-05,107,0,400,0.2675,8321.4775,0.00012017096723508534,0,0,400,0.0
720575940623310780,43075.94,2.3214815509539664e-05,130,0,400,0.325,3590.1575,0.00027853931199397244,0,0,400,0.0
720575940623317321,38364.505,2.6065760525256356e-05,121,0,400,0.3025,25872.225,3.865148822723983e-05,9,0,400,0.0225
720575940623325932,41105.725,2.432751155708846e-05,124,0,400,0.31,88513.4875,1.1297713243984426e-05,314,0,400,0.785
720575940623358099,24225.2,4.127932896322837e-05,78,0,400,0.195,3631.2,0.0002753910552985239,0,0,400,0.0
720575940623392949,29891.9425,3.3453831245660933e-05,71,0,400,0.1775,992.385,0.0010076734331937705,0,0,400,0.0
720575940623430621,20464.34,4.886548992051539e-05,49,0,400,0.1225,371.5425,0.0026914821319229966,0,0,400,0.0
720575940623436531,19571.81,5.1093894739423685e-05,33,0,400,0.0825,99853.4775,1.0014673750345851e-05,398,0,400,0.995
720575940623440381,28279.36,3.536147918481889e-05,76,0,400,0.19,99350.49,1.0065375621197238e-05,394,0,400,0.985
720575940623450382,27754.985,3.6029563698196916e-05,67,0,400,0.1675,22935.135,4.360122580486228e-05,9,0,400,0.0225
720575940623466632,22766.2175,4.392473189716298e-05,52,0,400,0.13,5076.9,0.00019697059229057103,0,0,400,0.0
720575940623474412,46782.8075,2.1375373848608806e-05,155,0,400,0.3875,73695.06,1.3569430569701687e-05,207,0,400,0.5175
720575940623488551,23945.585,4.1761351831663333e-05,51,0,400,0.1275,5658.4675,0.00017672629559151837,0,0,400,0.0
720575940623490748,29647.9175,3.372918182196102e-05,69,0,400,0.1725,248.7325,0.004020383343551808,0,0,400,0.0
720575940623498476,33767.645,2.9614146914894422e-05,111,0,400,0.2775,96805.965,1.0329941961737586e-05,377,0,400,0.9425
720575940623536398,33006.835,3.029675520236945e-05,113,0,400,0.2825,1525.205,0.0006556495684186716,0,0,400,0.0
720575940623539976,33873.2975,2.952177891744965e-05,104,0,400,0.26,768.5325,0.0013011811471863584,0,0,400,0.0
720575940623540007,46349.87,2.15750335437834e-05,148,0,400,0.37,99795.0775,1.0020534329461291e-05,399,0,400,0.9975
720575940623540557,42161.8175,2.3718142606162555e-05,121,0,400,0.3025,3947.0625,0.00025335296818836795,0,0,400,0.0
720575940623540813,46694.0625,2.1415999089820038e-05,151,0,400,0.3775,53463.785,1.8704249989034633e-05,87,0,400,0.2175
720575940623590221,37632.1675,2.6573010975251423e-05,99,0,400,0.2475,5836.635,0.00017133159774424819,0,0,400,0.0
720575940623649097,25059.525,3.990498622779163e-05,51,0,400,0.1275,641.48,0.001558895055184885,0,0,400,0.0
720575940623693320,27370.9725,3.653505552278057e-05,60,0,400,0.15,10262.37,9.744337808907689e-05,0,0,400,0.0
720575940623698324,26477.045,3.776856518542761e-05,41,0,400,0.1025,8044.7675,0.0001243044003446961,0,0,400,0.0
720575940623712656,42143.0975,2.372867822541995e-05,134,0,400,0.335,763.46,0.0013098263170303616,0,0,400,0.0
720575940623738516,22122.845,4.520214285278408e-05,53,0,400,0.1325,75228.1425,1.3292897667917295e-05,211,0,400,0.5275
720575940623759591,24811.365,4.030411063639586e-05,68,0,400,0.17,2480.5975,0.00040312868169866333,0,0,400,0.0
720575940623781268,47277.3225,2.1151790057484747e-05,144,0,400,0.36,1870.55,0.0005346021223704259,0,0,400,0.0
720575940623784231,42646.815,2.3448409922288452e-05,128,0,400,0.32,593.075,0.001686127386924082,0,0,400,0.0
720575940623801125,30771.8775,3.249720463107914e-05,86,0,400,0.215,1245.7275,0.0008027437782340039,0,0,400,0.0
720575940623807672,36948.325,2.7064826348691047e-05,127,0,400,0.3175,5197.555,0.00019239815644086497,0,0,400,0.0
720575940623807932,16272.84,6.145208826486342e-05,25,0,400,0.0625,21514.375,4.648055079452691e-05,4,0,400,0.01
720575940623808526,34090.7375,2.9333480978520923e-05,97,0,400,0.2425,53218.5,1.8790458205323335e-05,90,0,400,0.225
720575940623815155,40414.1675,2.4743798075266548e-05,115,0,400,0.2875,1261.025,0.0007930056898158244,0,0,400,0.0
720575940623816848,27279.7,3.665729461834258e-05,65,0,400,0.1625,16676.085,5.9966113149459245e-05,0,0,400,0.0
720575940623855117,32438.9975,3.0827093223210735e-05,94,0,400,0.235,547.7925,0.0018255087464687815,0,0,400,0.0
720575940623861479,28587.7325,3.498003907795066e-05,86,0,400,0.215,2894.33,0.00034550310434539256,0,0,400,0.0
720575940623880013,32383.9775,3.087946809498617e-05,89,0,400,0.2225,1274.7975,0.0007844383127516331,0,0,400,0.0
720575940623889552,26314.0975,3.8002443367096285e-05,76,0,400,0.19,10718.105,9.330007496661024e-05,0,0,400,0.0
720575940623897955,40023.0125,2.4985625457354066e-05,112,0,400,0.28,725.54,0.0013782837610607274,0,0,400,0.0
720575940623902307,29681.0425,3.3691538968013e-05,84,0,400,0.21,64960.395,1.5393995064223364e-05,167,0,400,0.4175
720575940623904551,32345.87,3.09158479892487e-05,91,0,400,0.2275,791.1375,0.0012640027808061176,0,0,400,0.0
720575940623956813,30179.8,3.3134745757095805e-05,84,0,400,0.21,32160.52,3.109402459910474e-05,21,0,400,0.0525
720575940623973837,36157.8725,2.765649444667963e-05,103,0,400,0.2575,2869.9625,0.00034843660849227126,0,0,400,0.0
720575940624012350,25730.755,3.886399757799567e-05,71,0,400,0.1775,54206.8,1.844787000892877e-05,94,0,400,0.235
720575940624023480,27181.9975,3.678905496183641e-05,66,0,400,0.165,13595.3775,7.355441215221865e-05,1,0,400,0.0025
720575940624039370,29567.01,3.3821478735929e-05,72,0,400,0.18,99425.36,1.0057796119621794e-05,395,0,400,0.9875
720575940624065038,23162.8725,4.317253829377164e-05,64,0,400,0.16,1593.135,0.0006276931961196006,0,0,400,0.0
720575940624073452,39272.08,2.5463382637232354e-05,113,0,400,0.2825,6654.1325,0.0001502825499792798,0,0,400,0.0
720575940624077517,42723.78,2.340616864893509e-05,144,0,400,0.36,1439.805,0.0006945384965325166,0,0,400,0.0
720575940624082725,42739.4675,2.3397577426532045e-05,145,0,400,0.3625,100000.0,1e-05,400,0,400,1.0
720575940624093884,37104.4925,2.6950914367040594e-05,102,0,400,0.255,24048.55,4.158254863598845e-05,12,0,400,0.03
720575940624102670,35411.4575,2.8239447642052012e-05,100,0,400,0.25,6847.1,0.0001460472316747236,0,0,400,0.0
720575940624103399,36003.755,2.7774880703415522e-05,122,0,400,0.305,6402.2925,0.000156194050802896,0,0,400,0.0
720575940624126183,28885.63,3.461928993759181e-05,74,0,400,0.185,4276.595,0.00023383088648796529,0,0,400,0.0
720575940624135060,26268.1175,3.806896325935804e-05,69,0,400,0.1725,90833.6875,1.1009131386414319e-05,329,0,400,0.8225
720575940624135205,24446.6725,4.090536247826775e-05,55,0,400,0.1375,16262.7275,6.149030044314523e-05,0,0,400,0.0
720575940624136489,30665.0675,3.261039617799635e-05,77,0,400,0.1925,2664.355,0.00037532536017159874,0,0,400,0.0
720575940624163109,39771.9775,2.5143331130568e-05,111,0,400,0.2775,99142.95,1.0086445884452702e-05,396,0,400,0.99
720575940624166949,33044.425,3.026229084028546e-05,88,0,400,0.22,3261.9675,0.0003065634467541445,0,0,400,0.0
720575940624167973,52138.6925,1.9179614064928843e-05,167,0,400,0.4175,13453.955,7.4327586200489e-05,0,0,400,0.0
720575940624175653,30314.75,3.298724218408531e-05,76,0,400,0.19,58205.9775,1.7180366054328354e-05,118,0,400,0.295
720575940624180263,45850.235,2.181013903200278e-05,145,0,400,0.3625,8257.135,0.00012110738167657426,0,0,400,0.0
720575940624215245,28436.0875,3.516658190055154e-05,79,0,400,0.1975,1422.9175,0.0007027814332173158,0,0,400,0.0
720575940624222014,35641.7425,2.8056989637922443e-05,105,0,400,0.2625,1348.5675,0.0007415275838992115,0,0,400,0.0
720575940624276410,27224.67,3.6731391050837346e-05,74,0,400,0.185,6312.7375,0.00015840988160841472,0,0,400,0.0
720575940624280676,47226.995,2.1174330486197566e-05,156,0,400,0.39,97710.2875,1.0234336891087337e-05,381,0,400,0.9525
720575940624282430,54838.8075,1.823526158915837e-05,183,0,400,0.4575,19391.39,5.156927894287104e-05,1,0,400,0.0025
720575940624290232,39221.9075,2.5495955289782885e-05,125,0,400,0.3125,388.3825,0.002574781304512948,0,0,400,0.0
720575940624295096,41197.465,2.4273338177482524e-05,126,0,400,0.315,1234.435,0.0008100872058877138,0,0,400,0.0
720575940624306494,38012.84,2.63069005104591e-05,113,0,400,0.2825,92000.6925,1.08694834008994e-05,340,0,400,0.85
720575940624307658,33357.94,2.9977870336117877e-05,94,0,400,0.235,11044.165,9.05455505237381e-05,0,0,400,0.0
720575940624323475,39717.815,2.5177618658025372e-05,127,0,400,0.3175,22962.9925,4.354833108097736e-05,5,0,400,0.0125
720575940624323592,39292.4,2.5450214290804328e-05,122,0,400,0.305,9373.485,0.00010668390678600328,0,0,400,0.0
720575940624331722,33288.12,3.004074726959648e-05,95,0,400,0.2375,3827.36,0.00026127670247899333,0,0,400,0.0
720575940624341436,34196.115,2.9243087994060146e-05,80,0,400,0.2,100000.0,1e-05,400,0,400,1.0
720575940624346917,37996.7175,2.6318062869509716e-05,119,0,400,0.2975,87336.52,1.14499638868139e-05,303,0,400,0.7575
720575940624356234,44197.8525,2.2625533672705024e-05,138,0,400,0.345,42032.2275,2.3791268259575347e-05,52,0,400,0.13
720575940624364474,21140.5075,4.730255411323498e-05,63,0,400,0.1575,41926.8,2.385109285707471e-05,44,0,400,0.11
720575940624373837,30669.5225,3.2605659250156246e-05,90,0,400,0.225,10414.8075,9.601713713863649e-05,0,0,400,0.0
720575940624381966,28480.4325,3.511182633901364e-05,86,0,400,0.215,664.1575,0.0015056669539981102,0,0,400,0.0
720575940624383892,34487.62,2.8995912156304204e-05,102,0,400,0.255,491.87,0.002033057515197105,0,0,400,0.0
720575940624403044,37839.425,2.642746289088695e-05,106,0,400,0.265,51433.5675,1.9442555681170668e-05,80,0,400,0.2
720575940624417052,39650.395,2.5220429708203413e-05,125,0,400,0.3125,19017.22,5.258392130921344e-05,1,0,400,0.0025
720575940624437735,30285.2725,3.3019349586502816e-05,85,0,400,0.2125,1536.9975,0.0006506191454442834,0,0,400,0.0
720575940624449428,28569.8575,3.50019246683327e-05,83,0,400,0.2075,37908.54,2.6379280236062904e-05,32,0,400,0.08
720575940624469444,22532.7025,4.4379940666238326e-05,51,0,400,0.1275,18221.625,5.487984743402413e-05,4,0,400,0.01
720575940624483216,31015.12,3.224233857550769e-05,78,0,400,0.195,20558.2925,4.864217200917829e-05,1,0,400,0.0025
720575940624560392,41631.225,2.402043177927145e-05,131,0,400,0.3275,16976.9775,5.890330007211236e-05,1,0,400,0.0025
720575940624562952,25273.4,3.956729209366369e-05,68,0,400,0.17,54395.8775,1.838374608443443e-05,99,0,400,0.2475
720575940624576258,33641.69,2.9725022732211134e-05,92,0,400,0.23,24282.2,4.118242992809548e-05,5,0,400,0.0125
720575940624583708,18813.295,5.315389994150414e-05,33,0,400,0.0825,3609.1275,0.0002770752765038087,0,0,400,0.0
720575940624602957,23171.82,4.315586777387361e-05,47,0,400,0.1175,26147.7675,3.8244182796867834e-05,8,0,400,0.02
720575940624608714,29740.0725,3.362466584437547e-05,83,0,400,0.2075,100000.0,1e-05,400,0,400,1.0
720575940624611018,41598.335,2.4039423693280033e-05,133,0,400,0.3325,609.005,0.0016420226434922538,0,0,400,0.0
720575940624617397,16265.4225,6.14801121827607e-05,24,0,400,0.06,95229.23,1.0500977483489051e-05,363,0,400,0.9075
720575940624634040,25047.0975,3.9924785696226876e-05,48,0,400,0.12,92652.0,1.0793075162975434e-05,343,0,400,0.8575
720575940624689130,32312.025,3.094823057360224e-05,81,0,400,0.2025,17748.2575,5.634355936068654e-05,3,0,400,0.0075
720575940624700674,37100.06,2.6954134305982256e-05,87,0,400,0.2175,4058.4625,0.0002463987285825605,0,0,400,0.0
720575940624730638,25523.1525,3.918011303658512e-05,64,0,400,0.16,610.335,0.001638444460828889,0,0,400,0.0
720575940624737869,31346.1725,3.1901821506278e-05,96,0,400,0.24,34190.3625,2.924800811924705e-05,21,0,400,0.0525
720575940624754981,44260.525,2.2593496123238485e-05,144,0,400,0.36,219.785,0.004549901039652388,0,0,400,0.0
720575940624773916,29850.6775,3.350007717580279e-05,74,0,400,0.185,98524.105,1.0149800396562853e-05,390,0,400,0.975
720575940624783287,19140.005,5.224659032220733e-05,36,0,400,0.09,14119.9525,7.082176799107505e-05,2,0,400,0.005
720575940624824963,26984.9775,3.7057655504808183e-05,73,0,400,0.1825,21763.85,4.594775281027943e-05,7,0,400,0.0175
720575940624827523,37413.9675,2.67279860121758e-05,118,0,400,0.295,100000.0,1e-05,400,0,400,1.0
720575940624836810,40137.915,2.491409929987644e-05,133,0,400,0.3325,99885.905,1.00114225325385e-05,399,0,400,0.9975
720575940624861017,31787.0975,3.145930514731646e-05,96,0,400,0.24,34942.8325,2.861817226751724e-05,32,0,400,0.08
720575940624863516,34174.0225,2.9261992789991286e-05,77,0,400,0.1925,3179.5525,0.000314509667634046,0,0,400,0.0
720575940624888880,39169.7,2.552993768142212e-05,106,0,400,0.265,526.8,0.001898253606681853,0,0,400,0.0
720575940624892858,34200.6075,2.923924670051548e-05,93,0,400,0.2325,4025.97,0.0002483873451615387,0,0,400,0.0
720575940624895821,38116.5025,2.6235355670421228e-05,104,0,400,0.26,7393.6125,0.00013525188126913603,0,0,400,0.0
720575940624905404,36355.245,2.750634743349962e-05,99,0,400,0.2475,502.96,0.0019882296802926675,0,0,400,0.0
720575940624940336,28786.0425,3.4739058000070696e-05,73,0,400,0.1825,5746.345,0.00017402366199732177,0,0,400,0.0
720575940625021796,33631.98,2.9733604741677414e-05,114,0,400,0.285,99467.6625,1.0053518649842605e-05,396,0,400,0.99
720575940625029925,22935.22,4.3601064214775354e-05,52,0,400,0.13,48273.6275,2.0715244571168802e-05,76,0,400,0.19
720575940625061918,32231.245,3.1025795001092886e-05,102,0,400,0.255,66786.755,1.497302870906065e-05,163,0,400,0.4075
720575940625131913,44228.6175,2.2609795569576644e-05,138,0,400,0.345,98983.4275,1.0102701283000127e-05,391,0,400,0.9775
720575940625142936,47332.1925,2.1127269775216942e-05,159,0,400,0.3975,2094.9075,0.00047734804520008646,0,0,400,0.0
720575940625144604,30591.63,3.268867987746975e-05,100,0,400,0.25,888.415,0.0011256000855456064,0,0,400,0.0
720575940625146109,42523.445,2.351643899030288e-05,130,0,400,0.325,1094.15,0.0009139514691769866,0,0,400,0.0
720575940625156745,22059.135,4.533269323570485e-05,45,0,400,0.1125,89833.0,1.1131766722696558e-05,319,0,400,0.7975
720575940625175960,25127.965,3.979629866565e-05,54,0,400,0.135,89858.32,1.1128630047835302e-05,317,0,400,0.7925
720575940625176092,26319.875,3.7994101415755204e-05,64,0,400,0.16,98768.6225,1.0124672944588247e-05,387,0,400,0.9675
720575940625218685,40165.32,2.489710028452406e-05,120,0,400,0.3,12557.2475,7.963528631573122e-05,0,0,400,0.0
720575940625294217,26152.62,3.823708676224409e-05,64,0,400,0.16,39627.8225,2.5234795578283414e-05,37,0,400,0.0925
720575940625301604,27322.46,3.659992548255172e-05,79,0,400,0.1975,32681.2325,3.059860120024543e-05,25,0,400,0.0625
720575940625308162,29084.8375,3.438217593617293e-05,76,0,400,0.19,226.26,0.004419694157164324,0,0,400,0.0
720575940625328842,24365.0925,4.10423231514512e-05,76,0,400,0.19,83527.9275,1.1972043721544509e-05,283,0,400,0.7075
720575940625346362,25606.97,3.905186751888255e-05,61,0,400,0.1525,42921.7375,2.3298218064914077e-05,57,0,400,0.1425
720575940625349961,24169.5525,4.13743696744075e-05,48,0,400,0.12,44847.9975,2.2297539594716575e-05,62,0,400,0.155
720575940625378121,38686.4175,2.5848865431905136e-05,126,0,400,0.315,34888.1575,2.8663021255851645e-05,27,0,400,0.0675
720575940625390266,42455.4975,2.355407565298228e-05,120,0,400,0.3,73126.2375,1.3674982252437095e-05,221,0,400,0.5525
720575940625392650,38236.7525,2.615284862384691e-05,111,0,400,0.2775,706.665,0.001415097677117163,0,0,400,0.0
720575940625395096,41145.8975,2.4303759566795207e-05,127,0,400,0.3175,18159.6625,5.50671027063416e-05,0,0,400,0.0
720575940625415196,20525.675,4.87194696398535e-05,45,0,400,0.1125,1568.9725,0.0006373598007613263,0,0,400,0.0
720575940625424642,43928.2975,2.276436959570309e-05,132,0,400,0.33,100000.0,1e-05,400,0,400,1.0
720575940625437706,30030.3675,3.3299625787130314e-05,84,0,400,0.21,8892.9275,0.00011244890954075584,0,0,400,0.0
720575940625439690,42317.0275,2.36311494232434e-05,130,0,400,0.325,74374.05,1.3445549892738124e-05,224,0,400,0.56
720575940625453145,27660.1525,3.615309062377729e-05,90,0,400,0.225,95923.4,1.0424984935896768e-05,368,0,400,0.92
720575940625455247,36664.89,2.7274048824365764e-05,125,0,400,0.3125,53.4525,0.018708198868153968,0,0,400,0.0
720575940625493604,39503.8525,2.5313986781415812e-05,130,0,400,0.325,5914.8725,0.00016906535178907067,0,0,400,0.0
720575940625506027,38215.985,2.616706072079524e-05,116,0,400,0.29,22170.7675,4.5104437633924936e-05,0,0,400,0.0
720575940625511762,36210.82,2.761605509071598e-05,105,0,400,0.2625,17826.9075,5.609497889636775e-05,1,0,400,0.0025
720575940625516830,29802.6575,3.35540547013299e-05,67,0,400,0.1675,14187.0475,7.048682962399329e-05,0,0,400,0.0
720575940625535621,30251.775,3.305591159527003e-05,94,0,400,0.235,6640.135,0.00015059934775422487,0,0,400,0.0
720575940625537301,30872.2725,3.2391525437591286e-05,73,0,400,0.1825,100000.0,1e-05,400,0,400,1.0
720575940625541434,40104.505,2.4934854575564517e-05,120,0,400,0.3,56051.2975,1.7840800206275332e-05,119,0,400,0.2975
720575940625556611,31064.89,3.219068214952636e-05,84,0,400,0.21,2397.56,0.00041709070888736884,0,0,400,0.0
720575940625579141,25814.9675,3.873721708152451e-05,64,0,400,0.16,487.7875,0.002050073033851831,0,0,400,0.0
720575940625604098,32296.415,3.0963188948370894e-05,79,0,400,0.1975,64687.845,1.5458854750842296e-05,151,0,400,0.3775
720575940625609810,30113.29,3.320792912365271e-05,80,0,400,0.2,26258.7725,3.8082511282658015e-05,17,0,400,0.0425
720575940625630993,39604.135,2.5249888679553284e-05,113,0,400,0.2825,65705.6525,1.5219390751807846e-05,162,0,400,0.405
720575940625636964,32677.7125,3.0601897241124206e-05,88,0,400,0.22,3622.5325,0.0002760499733266713,0,0,400,0.0
720575940625637562,40859.74,2.4473968752615657e-05,116,0,400,0.29,405.59,0.0024655440222885183,0,0,400,0.0
720575940625649214,30911.0175,3.235092471478818e-05,79,0,400,0.1975,7211.855,0.00013866058039159134,0,0,400,0.0
720575940625649726,32109.01,3.114390633657033e-05,80,0,400,0.2,90549.415,1.1043693656110313e-05,325,0,400,0.8125
720575940625653223,27612.1525,3.6215937891839473e-05,65,0,400,0.1625,26609.9175,3.75799737071714e-05,11,0,400,0.0275
720575940625667721,26520.275,3.770699964461153e-05,79,0,400,0.1975,9299.0925,0.00010753737528688955,0,0,400,0.0
720575940625678650,36435.0625,2.744608987565206e-05,107,0,400,0.2675,716.0025,0.0013966431681453626,0,0,400,0.0
720575940625680784,36413.765,2.74621424068618e-05,107,0,400,0.2675,5780.3425,0.00017300012931759667,0,0,400,0.0
720575940625683077,25478.2775,3.92491211385856e-05,67,0,400,0.1675,9347.12,0.00010698482527238335,0,0,400,0.0
720575940625698279,36808.385,2.716772278925033e-05,110,0,400,0.275,455.51,0.002195341485368049,0,0,400,0.0
720575940625703824,24774.075,4.036477648509581e-05,63,0,400,0.1575,1914.845,0.0005222354812008282,0,0,400,0.0
720575940625721331,23787.3925,4.2039075951683224e-05,60,0,400,0.15,1274.34,0.0007847199334557497,0,0,400,0.0
720575940625733909,48087.4175,2.0795460683660127e-05,175,0,400,0.4375,19294.9175,5.182711975835087e-05,0,0,400,0.0
720575940625750415,35135.4975,2.8461244927583566e-05,106,0,400,0.265,1252.6775,0.0007982900626857272,0,0,400,0.0
720575940625760017,22162.1125,4.5122052331428246e-05,54,0,400,0.135,6608.285,0.00015132519254239187,0,0,400,0.0
720575940625781180,41891.6425,2.3871109852042683e-05,118,0,400,0.295,11946.34,8.37076460238031e-05,0,0,400,0.0
720575940625787536,26586.64,3.7612876241601045e-05,72,0,400,0.18,404.9075,0.0024696998697233317,0,0,400,0.0
720575940625796133,39923.405,2.504796371952743e-05,118,0,400,0.295,762.985,0.001310641755735696,0,0,400,0.0
720575940625805906,30325.235,3.297583679071242e-05,88,0,400,0.22,93227.855,1.0726407896009192e-05,340,0,400,0.85
720575940625816212,36792.4075,2.717952066605046e-05,113,0,400,0.2825,1687.33,0.0005926522968239764,0,0,400,0.0
720575940625817256,24754.2875,4.039704233054577e-05,53,0,400,0.1325,19144.28,5.223492343404923e-05,1,0,400,0.0025
720575940625819535,24508.7975,4.080167539839521e-05,65,0,400,0.1625,95101.5875,1.0515071580692594e-05,356,0,400,0.89
720575940625821017,26282.9175,3.804752649701084e-05,64,0,400,0.16,95581.9425,1.0462227214099566e-05,368,0,400,0.92
720575940625824999,29751.3075,3.361196814627391e-05,72,0,400,0.18,98608.455,1.0141118223584376e-05,390,0,400,0.975
720575940625848330,33156.5575,3.0159946490222935e-05,96,0,400,0.24,96018.35,1.0414675944754309e-05,364,0,400,0.91
720575940625850938,31103.1075,3.215112830767794e-05,72,0,400,0.18,567.855,0.0017610129346400049,0,0,400,0.0
720575940625863336,43854.6725,2.2802587341177843e-05,137,0,400,0.3425,99981.7725,1.0001823082302327e-05,399,0,400,0.9975
720575940625863690,36354.8375,2.7506655751108776e-05,119,0,400,0.2975,46497.0975,2.150671877959694e-05,70,0,400,0.175
720575940625864581,20014.9,4.9962777730590704e-05,40,0,400,0.1,4290.3825,0.0002330794515407426,0,0,400,0.0
720575940625875402,41170.01,2.4289525312235775e-05,120,0,400,0.3,3976.6625,0.00025146715367472096,0,0,400,0.0
720575940625880472,43388.29,2.3047693283141603e-05,122,0,400,0.305,1150.685,0.0008690475673185972,0,0,400,0.0
720575940625899751,19894.2125,5.026587506291088e-05,28,0,400,0.07,79930.0075,1.251094590476549e-05,256,0,400,0.64
720575940625902823,29275.345,3.41584360491738e-05,85,0,400,0.2125,780.4425,0.001281324376875939,0,0,400,0.0
720575940625905295,33590.58,2.9770251064435326e-05,98,0,400,0.245,66851.92,1.4958433504976372e-05,158,0,400,0.395
720575940625925892,44797.9725,2.2322438811265398e-05,137,0,400,0.3425,37756.515,2.648549528472106e-05,40,0,400,0.1
720575940625925898,43885.2275,2.27867110863217e-05,139,0,400,0.3475,5055.6775,0.00019779742675437665,0,0,400,0.0
720575940625932275,39363.185,2.540444834430954e-05,114,0,400,0.285,1298.355,0.000770205375263314,0,0,400,0.0
720575940625938856,34456.195,2.9022357227778633e-05,98,0,400,0.245,10603.6925,9.430677096681181e-05,0,0,400,0.0
720575940625951321,27932.83,3.580016775958612e-05,57,0,400,0.1425,93907.9475,1.0648725977106464e-05,350,0,400,0.875
720575940625952584,34152.0175,2.9280847024630388e-05,94,0,400,0.235,84811.77,1.1790816298256716e-05,272,0,400,0.68
720575940625962152,32701.0575,3.058005081334144e-05,97,0,400,0.2425,2620.33,0.0003816313212457973,0,0,400,0.0
720575940625968515,30537.3625,3.274677045209782e-05,72,0,400,0.18,685.6625,0.0014584434762000254,0,0,400,0.0
720575940625968792,40139.555,2.4913081373223992e-05,117,0,400,0.2925,1125.9,0.0008881783462119193,0,0,400,0.0
720575940625969064,49993.8975,2.0002441297960416e-05,154,0,400,0.385,14474.6825,6.90861440311385e-05,0,0,400,0.0
720575940626012072,27891.4575,3.585327156173176e-05,81,0,400,0.2025,4036.66,0.00024772955859547253,0,0,400,0.0
720575940626038403,36004.4075,2.777437734532918e-05,113,0,400,0.2825,93649.76,1.0678083958784305e-05,352,0,400,0.88
720575940626048540,38596.7925,2.5908888672549665e-05,113,0,400,0.2825,96244.0525,1.0390252426247325e-05,371,0,400,0.9275
720575940626048711,37358.3975,2.67677434504518e-05,98,0,400,0.245,67608.145,1.479111725369776e-05,172,0,400,0.43
720575940626063944,46774.5775,2.1379134851618915e-05,141,0,400,0.3525,14567.3125,6.86468420307452e-05,0,0,400,0.0
720575940626090782,30748.255,3.252217077034127e-05,90,0,400,0.225,21839.0675,4.578950085666432e-05,2,0,400,0.005
720575940626102790,30470.835,3.281826704125437e-05,71,0,400,0.1775,11846.215,8.441514863608334e-05,0,0,400,0.0
720575940626111527,40626.7775,2.4614307644754745e-05,118,0,400,0.295,59343.4625,1.685105583449904e-05,132,0,400,0.33
720575940626137895,34335.5975,2.912429294407939e-05,98,0,400,0.245,93845.88,1.0655768798800756e-05,351,0,400,0.8775
720575940626138008,37194.5,2.6885695465727458e-05,104,0,400,0.26,2294.175,0.0004358865387339675,0,0,400,0.0
720575940626140420,31123.86,3.212969085454054e-05,88,0,400,0.22,10203.75,9.800318510351587e-05,0,0,400,0.0
720575940626158223,40799.3275,2.4510207919481027e-05,117,0,400,0.2925,4999.0075,0.0002000397078820146,0,0,400,0.0
720575940626166012,31424.7925,3.182200805303647e-05,85,0,400,0.2125,16918.1075,5.9108266098912074e-05,0,0,400,0.0
720575940626180358,32212.89,3.1043473590851364e-05,97,0,400,0.2425,4448.5475,0.00022479247439754214,0,0,400,0.0
720575940626196732,23629.4625,4.232004854109567e-05,59,0,400,0.1475,1099.2625,0.000909700822142118,0,0,400,0.0
720575940626205702,33693.84,2.967901551144067e-05,97,0,400,0.2425,33721.01,2.96551022641374e-05,27,0,400,0.0675
720575940626216177,34615.37,2.8888901086424903e-05,102,0,400,0.255,15129.7925,6.609475972654615e-05,1,0,400,0.0025
720575940626302982,25096.2525,3.984658665671299e-05,66,0,400,0.165,30828.0625,3.2437977573193254e-05,19,0,400,0.0475
720575940626304936,32980.165,3.032125521506639e-05,69,0,400,0.1725,9945.695,0.00010054601513519167,0,0,400,0.0
720575940626314061,33047.6275,3.025935825499122e-05,97,0,400,0.2425,4674.24,0.00021393852262613816,0,0,400,0.0
720575940626315207,28901.2975,3.4600522692796056e-05,86,0,400,0.215,3552.965,0.0002814550664022865,0,0,400,0.0
720575940626316606,31119.5925,3.2134096871609104e-05,69,0,400,0.1725,1076.8375,0.0009286452227007324,0,0,400,0.0
720575940626327046,23970.8175,4.1717392408498376e-05,57,0,400,0.1425,95547.2875,1.0466021863781323e-05,368,0,400,0.92
720575940626343305,28699.625,3.4843660849227126e-05,83,0,400,0.2075,931.325,0.0010737390277293104,0,0,400,0.0
720575940626347848,47697.9925,2.0965242929249067e-05,126,0,400,0.315,14787.1,6.762651229788126e-05,0,0,400,0.0
720575940626351256,19549.0725,5.115332197985352e-05,49,0,400,0.1225,9722.535,0.00010285383390237218,0,0,400,0.0
720575940626355081,20685.7075,4.834255729469248e-05,41,0,400,0.1025,20122.525,4.969555262075708e-05,2,0,400,0.005
720575940626356648,25660.5225,3.89703678091512e-05,54,0,400,0.135,1649.3075,0.0006063150746601226,0,0,400,0.0
720575940626363654,32541.48,3.073000982131114e-05,110,0,400,0.275,72662.8825,1.3762184565138878e-05,207,0,400,0.5175
720575940626371898,33601.18,2.9760859588859676e-05,71,0,400,0.1775,1455.5625,0.0006870196229979818,0,0,400,0.0
720575940626375305,48481.0775,2.0626604266375888e-05,148,0,400,0.37,537.48,0.0018605343454640173,0,0,400,0.0
720575940626382973,27130.265,3.6859205024351955e-05,73,0,400,0.1825,38028.1125,2.6296335375572478e-05,34,0,400,0.085
720575940626397127,27724.1925,3.6069580746129934e-05,75,0,400,0.1875,97241.425,1.0283683111390028e-05,377,0,400,0.9425
720575940626408177,39330.7725,2.5425384156896487e-05,124,0,400,0.31,17071.9375,5.857565961684197e-05,1,0,400,0.0025
720575940626429383,33644.9875,2.972210942268889e-05,82,0,400,0.205,4190.58,0.00023863045210925456,0,0,400,0.0
720575940626449082,33880.105,2.9515847132114847e-05,90,0,400,0.225,100000.0,1e-05,400,0,400,1.0
720575940626456083,24444.445,4.0909089979338864e-05,53,0,400,0.1325,13388.6775,7.468997591435001e-05,0,0,400,0.0
720575940626469898,44230.4525,2.2608857551253855e-05,133,0,400,0.3325,653.23,0.0015308543698237987,0,0,400,0.0
720575940626471957,32632.6675,3.064413903644255e-05,83,0,400,0.2075,3828.9175,0.00026117042218851675,0,0,400,0.0
720575940626479674,45092.2375,2.2176766012110177e-05,139,0,400,0.3475,88339.12,1.1320013149327274e-05,302,0,400,0.755
720575940626485514,37584.19,2.6606932329790796e-05,100,0,400,0.25,17681.8625,5.655512817159392e-05,4,0,400,0.01
720575940626500233,26513.765,3.7716257951294354e-05,59,0,400,0.1475,3944.9625,0.0002534878341682589,0,0,400,0.0
720575940626510666,33720.2475,2.965577284093185e-05,103,0,400,0.2575,15218.285,6.57104266348015e-05,0,0,400,0.0
720575940626526986,37043.59,2.6995223735064558e-05,109,0,400,0.2725,97604.5375,1.0245425321543068e-05,375,0,400,0.9375
720575940626533714,46295.925,2.160017323338933e-05,145,0,400,0.3625,1338.3825,0.0007471705584913132,0,0,400,0.0
720575940626534986,33979.2175,2.9429753642796514e-05,98,0,400,0.245,94547.9575,1.0576643075552424e-05,360,0,400,0.9
720575940626541075,41388.245,2.4161449706311538e-05,127,0,400,0.3175,61726.1775,1.620058199780798e-05,143,0,400,0.3575
720575940626561448,22083.705,4.528225675899945e-05,45,0,400,0.1125,98545.735,1.0147572596622269e-05,387,0,400,0.9675
720575940626579185,43285.26,2.310255269345731e-05,122,0,400,0.305,94700.8525,1.0559567032408712e-05,361,0,400,0.9025
720575940626605211,23918.94,4.180787275690311e-05,56,0,400,0.14,28326.99,3.5302021146616706e-05,20,0,400,0.05
720575940626609128,32258.0575,3.100000674250147e-05,93,0,400,0.2325,5638.8825,0.00017734010240504213,0,0,400,0.0
720575940626612254,35285.5625,2.834020288042737e-05,72,0,400,0.18,1281.6175,0.0007802640023251867,0,0,400,0.0
720575940626646790,44452.77,2.249578597689188e-05,120,0,400,0.3,38611.48,2.5899033137294917e-05,36,0,400,0.09
720575940626658577,26048.46,3.8389985434839524e-05,68,0,400,0.17,1063.29,0.0009404771981303314,0,0,400,0.0
720575940626660358,41443.655,2.4129145945259898e-05,114,0,400,0.285,7408.215,0.0001349852832294959,0,0,400,0.0
720575940626666345,31762.2025,3.148396273841526e-05,97,0,400,0.2425,1138.15,0.0008786188112287483,0,0,400,0.0
720575940626666857,33302.3175,3.0027940247701982e-05,106,0,400,0.265,53166.2525,1.8808923950395034e-05,82,0,400,0.205
720575940626682384,23907.0625,4.182864373236988e-05,50,0,400,0.125,13138.36,7.611300040492115e-05,0,0,400,0.0
720575940626692039,45105.8125,2.2170091714898164e-05,144,0,400,0.36,69089.2075,1.4474040681390071e-05,196,0,400,0.49
720575940626721835,26861.5625,3.7227916283723254e-05,73,0,400,0.1825,96025.395,1.0413911861544541e-05,364,0,400,0.91
720575940626753935,40913.9775,2.4441524904294626e-05,128,0,400,0.32,12188.1825,8.204668743678559e-05,0,0,400,0.0
720575940626778217,47528.4125,2.1040046309141927e-05,161,0,400,0.4025,1679.25,0.000595503945213637,0,0,400,0.0
720575940626780422,32784.95,3.0501800368766768e-05,84,0,400,0.21,80572.3225,1.2411209817118031e-05,253,0,400,0.6325
720575940626781522,32685.935,3.059419900333278e-05,86,0,400,0.215,99089.76,1.009186014780942e-05,392,0,400,0.98
720575940626793871,46755.725,2.138775518933778e-05,142,0,400,0.355,709.925,0.0014085994999471776,0,0,400,0.0
720575940626798480,38115.02,2.6236376105797664e-05,105,0,400,0.2625,724.245,0.001380748227464463,0,0,400,0.0
720575940626800400,29409.69,3.400239852919225e-05,86,0,400,0.215,68182.6725,1.4666482895635984e-05,193,0,400,0.4825
720575940626812777,27391.6325,3.650749914230194e-05,78,0,400,0.195,5731.5925,0.00017447158010622704,0,0,400,0.0
720575940626814666,37965.6425,2.6339604288271955e-05,102,0,400,0.255,823.1175,0.0012148933779199203,0,0,400,0.0
720575940626819088,18547.93,5.3914372115918055e-05,30,0,400,0.075,18031.2075,5.5459402815923445e-05,3,0,400,0.0075
720575940626827024,20557.8525,4.864321309825528e-05,47,0,400,0.1175,9191.475,0.00010879646629077487,0,0,400,0.0
720575940626849301,30059.24,3.326764083190393e-05,71,0,400,0.1775,3303.4225,0.0003027163494829983,0,0,400,0.0
720575940626858831,24227.395,4.127558905940981e-05,51,0,400,0.1275,9980.0475,0.00010019992389815779,0,0,400,0.0
720575940626859599,36487.42,2.740670620175392e-05,100,0,400,0.25,9887.0775,0.00010114212212860676,0,0,400,0.0
720575940626894588,47949.125,2.085543792509248e-05,140,0,400,0.35,97477.065,1.0258823447341176e-05,375,0,400,0.9375
720575940626898504,36890.6975,2.7107104711153807e-05,112,0,400,0.28,6339.3775,0.00015774419491503702,0,0,400,0.0
720575940626923029,52618.5475,1.9004705517574388e-05,176,0,400,0.44,74641.9175,1.339729783871107e-05,217,0,400,0.5425
720575940626972090,40324.9075,2.47985689737788e-05,123,0,400,0.3075,5839.47,0.00017124841809273785,0,0,400,0.0
720575940626973821,20633.9275,4.8463870971728476e-05,58,0,400,0.145,515.44,0.001940090020176936,0,0,400,0.0
720575940627033875,25924.5025,3.8573546396888426e-05,65,0,400,0.1625,626.0175,0.0015973994337219006,0,0,400,0.0
720575940627038792,38526.39,2.5956234155341313e-05,99,0,400,0.2475,1699.1125,0.0005885425479478257,0,0,400,0.0
720575940627046479,32460.585,3.080659205618137e-05,79,0,400,0.1975,74165.8225,1.348329953463403e-05,205,0,400,0.5125
720575940627048976,24165.9575,4.138052464918884e-05,74,0,400,0.185,20322.8725,4.9205642558649125e-05,3,0,400,0.0075
720575940627054988,24197.585,4.132643815488199e-05,61,0,400,0.1525,10139.835,9.862093416707472e-05,0,0,400,0.0
720575940627082500,37441.4025,2.6708401214404296e-05,103,0,400,0.2575,586.095,0.0017062080379460667,0,0,400,0.0
720575940627097862,32804.0275,3.0484061751259052e-05,81,0,400,0.2025,54149.88,1.846726160796663e-05,96,0,400,0.24
720575940627104259,46661.4575,2.1430963659889966e-05,135,0,400,0.3375,5604.5125,0.0001784276509330651,0,0,400,0.0
720575940627109116,37756.355,2.6485607522230363e-05,119,0,400,0.2975,561.405,0.0017812452685672556,0,0,400,0.0
720575940627126787,28667.84,3.4882293189860135e-05,60,0,400,0.15,2508.98,0.00039856834251369083,0,0,400,0.0
720575940627145627,22782.055,4.389419655075014e-05,60,0,400,0.15,13447.3175,7.436427376686838e-05,0,0,400,0.0
720575940627159498,39022.2125,2.562643007492207e-05,122,0,400,0.305,59348.9075,1.6849509824591128e-05,123,0,400,0.3075
720575940627161700,38392.0825,2.6047037172312808e-05,106,0,400,0.265,11065.265,9.037289210877462e-05,0,0,400,0.0
720575940627162344,29315.405,3.4111757964797005e-05,89,0,400,0.2225,387.4025,0.0025812946483308704,0,0,400,0.0
720575940627174928,35226.3,2.838788064599461e-05,110,0,400,0.275,65440.6975,1.528101071966722e-05,158,0,400,0.395
720575940627194267,33269.5825,3.0057485692824674e-05,93,0,400,0.2325,2373.66,0.00042129032801664943,0,0,400,0.0
720575940627212806,27157.965,3.682161016114425e-05,76,0,400,0.19,87081.6625,1.1483473917370376e-05,305,0,400,0.7625
720575940627227654,32181.705,3.107355561179869e-05,82,0,400,0.205,17295.145,5.78196944865163e-05,1,0,400,0.0025
720575940627228328,21733.3625,4.601220818913778e-05,49,0,400,0.1225,1555.51,0.0006428759699391197,0,0,400,0.0
720575940627241402,50393.21,1.984394326140367e-05,165,0,400,0.4125,9974.21,0.0001002585668438904,0,0,400,0.0
720575940627243267,46162.6175,2.1662549789339828e-05,149,0,400,0.3725,85221.93,1.1734068918645706e-05,274,0,400,0.685
720575940627264062,40329.985,2.4795446861683682e-05,130,0,400,0.325,350.145,0.0028559596738494055,0,0,400,0.0
720575940627269562,32379.5825,3.0883659478932444e-05,79,0,400,0.1975,1316.1725,0.0007597788283830578,0,0,400,0.0
720575940627296396,30258.3225,3.304875873406399e-05,76,0,400,0.19,14042.72,7.121127530848725e-05,1,0,400,0.0025
720575940627299227,17464.21,5.7259961945029296e-05,39,0,400,0.0975,8905.6725,0.0001122879827435828,0,0,400,0.0
720575940627299483,36002.6925,2.7775700386853014e-05,100,0,400,0.25,6073.9775,0.0001646367639656222,0,0,400,0.0
720575940627306124,25824.745,3.8722550793821976e-05,67,0,400,0.1675,64255.6525,1.5562833168646137e-05,155,0,400,0.3875
720575940627342211,28317.4875,3.531386744675e-05,75,0,400,0.1875,39818.2575,2.5114107517135827e-05,47,0,400,0.1175
720575940627357969,31089.71,3.216498320505402e-05,79,0,400,0.1975,1203.61,0.0008308339079934531,0,0,400,0.0
720575940627377346,32356.295,3.090588709244986e-05,89,0,400,0.2225,38288.8625,2.611725537680833e-05,37,0,400,0.0925
720575940627385031,42375.875,2.359833277778925e-05,135,0,400,0.3375,68939.525,1.4505466929167268e-05,195,0,400,0.4875
720575940627399783,25364.7125,3.942485056749608e-05,77,0,400,0.1925,11891.1825,8.409592569956771e-05,0,0,400,0.0
720575940627400776,34325.565,2.9132805242972692e-05,86,0,400,0.215,230.585,0.004336795541774183,0,0,400,0.0
720575940627418750,26028.2425,3.841980494841325e-05,65,0,400,0.1625,100000.0,1e-05,400,0,400,1.0
720575940627424199,37526.7175,2.664768108215167e-05,115,0,400,0.2875,80886.935,1.2362935992073381e-05,259,0,400,0.6475
720575940627425276,30530.69,3.2753927277765426e-05,95,0,400,0.2375,43960.055,2.27479242234797e-05,56,0,400,0.14
720575940627426069,40517.8875,2.4680457489300252e-05,119,0,400,0.2975,15263.465,6.551592315375309e-05,1,0,400,0.0025
720575940627426919,36114.615,2.768962094708749e-05,112,0,400,0.28,1617.61,0.0006181959804897349,0,0,400,0.0
720575940627433288,30060.215,3.326656179937502e-05,85,0,400,0.2125,98704.31,1.013126985032366e-05,389,0,400,0.9725
720575940627446090,16968.2575,5.893357052131016e-05,38,0,400,0.095,12966.1875,7.71236726292906e-05,0,0,400,0.0
720575940627460337,39816.195,2.511540844121343e-05,107,0,400,0.2675,4066.7,0.00024589962377357565,0,0,400,0.0
720575940627526376,29130.76,3.4327974965294416e-05,63,0,400,0.1575,89713.4275,1.1146603444618142e-05,316,0,400,0.79
720575940627543171,19346.465,5.1689029494535563e-05,26,0,400,0.065,24223.4,4.128239636054394e-05,7,0,400,0.0175
720575940627557909,34036.16,2.9380517661216772e-05,104,0,400,0.26,815.635,0.0012260386079557645,0,0,400,0.0
720575940627569658,26360.85,3.793504382445938e-05,54,0,400,0.135,1609.3725,0.0006213601885206812,0,0,400,0.0
720575940627602814,31185.6475,3.2066032940313327e-05,76,0,400,0.19,46899.9275,2.1321994580908467e-05,67,0,400,0.1675
720575940627617866,29953.1075,3.338551767959301e-05,82,0,400,0.205,1486.4425,0.0006727471799279151,0,0,400,0.0
720575940627618801,30456.9575,3.283322045545751e-05,87,0,400,0.2175,23499.36,4.2554350416351764e-05,3,0,400,0.0075
720575940627640475,42083.975,2.376201392572826e-05,132,0,400,0.33,96566.425,1.0355566129739193e-05,375,0,400,0.9375
720575940627653114,40351.555,2.478219240869404e-05,113,0,400,0.2825,18462.5475,5.416370628159521e-05,1,0,400,0.0025
720575940627653502,23476.3725,4.259601861403417e-05,56,0,400,0.14,17309.1,5.777307890069386e-05,0,0,400,0.0
720575940627666793,31954.4025,3.1294592349207596e-05,90,0,400,0.225,35205.2175,2.8404880611801362e-05,30,0,400,0.075
720575940627669886,30527.7675,3.2757062893642644e-05,75,0,400,0.1875,26162.9375,3.8222007754289826e-05,8,0,400,0.02
720575940627675121,40219.725,2.486342211439785e-05,122,0,400,0.305,862.3925,0.0011595648153248086,0,0,400,0.0
720575940627712335,38558.76,2.5934443949961045e-05,110,0,400,0.275,76278.94,1.310977840017179e-05,231,0,400,0.5775
720575940627723338,34807.8425,2.8729157804020748e-05,99,0,400,0.2475,2393.4175,0.0004178126047795673,0,0,400,0.0
720575940627730206,37036.11,2.7000675826915947e-05,113,0,400,0.2825,1040.5425,0.0009610371512936761,0,0,400,0.0
720575940627740922,38239.6875,2.6150841321598145e-05,126,0,400,0.315,434.5825,0.0023010590624334853,0,0,400,0.0
720575940627768698,30574.8075,3.270666544670805e-05,98,0,400,0.245,2495.4,0.00040073735673639495,0,0,400,0.0
720575940627777527,39747.1725,2.5159022317876826e-05,121,0,400,0.3025,49600.9225,2.0160915353943264e-05,83,0,400,0.2075
720575940627778137,33858.91,2.953432346168261e-05,107,0,400,0.2675,89383.3175,1.118777002207375e-05,305,0,400,0.7625
720575940627779560,29151.4875,3.4303566842000774e-05,87,0,400,0.2175,1647.3,0.000607053967097675,0,0,400,0.0
720575940627782014,22870.3075,4.372481655526494e-05,55,0,400,0.1375,816.31,0.0012250248067523367,0,0,400,0.0
720575940627786270,43007.545,2.3251734085263413e-05,128,0,400,0.32,394.09,0.002537491435966404,0,0,400,0.0
720575940627798266,19687.2375,5.079432805135815e-05,40,0,400,0.1,14319.8325,6.983321906872863e-05,0,0,400,0.0
720575940627798654,17246.49,5.798281273464919e-05,46,0,400,0.115,12724.7,7.858731443570379e-05,0,0,400,0.0
720575940627799808,45536.6475,2.1960334256051677e-05,128,0,400,0.32,21691.015,4.610203810195143e-05,6,0,400,0.015
720575940627807994,37030.7925,2.7004553035153108e-05,96,0,400,0.24,821.2075,0.0012177190295997054,0,0,400,0.0
720575940627826448,44973.155,2.22354869254781e-05,139,0,400,0.3475,30704.905,3.256808643439868e-05,18,0,400,0.045
720575940627831657,35098.4875,2.8491256211539027e-05,102,0,400,0.255,9953.505,0.00010046712188319593,0,0,400,0.0
720575940627851458,30765.575,3.2503861865087846e-05,79,0,400,0.1975,28776.3725,3.475073169837512e-05,19,0,400,0.0475
720575940627852226,30836.795,3.242879164323011e-05,95,0,400,0.2375,14198.61,7.04294293596345e-05,1,0,400,0.0025
720575940627877114,48899.9125,2.044993434292955e-05,148,0,400,0.37,84369.19,1.1852668017791803e-05,283,0,400,0.7075
720575940627890072,19003.755,5.262117934060926e-05,34,0,400,0.085,6758.93,0.00014795241258601583,0,0,400,0.0
720575940627899900,37792.49,2.646028351135371e-05,103,0,400,0.2575,2754.645,0.00036302318447567657,0,0,400,0.0
720575940627900871,39751.8975,2.5156031859862792e-05,125,0,400,0.3125,96198.26,1.0395198416270731e-05,374,0,400,0.935
720575940627901687,26687.2375,3.7471094563459406e-05,62,0,400,0.155,1051.0825,0.0009514001041783114,0,0,400,0.0
720575940627916410,28490.275,3.5099696299877766e-05,76,0,400,0.19,5239.21,0.0001908684706282054,0,0,400,0.0
720575940627929722,30383.3525,3.291276036770465e-05,83,0,400,0.2075,5351.775,0.00018685389426872394,0,0,400,0.0
720575940627934449,52335.475,1.910749830779218e-05,175,0,400,0.4375,96845.2725,1.0325749251208931e-05,376,0,400,0.94
720575940627935610,35961.335,2.7807643959825185e-05,102,0,400,0.255,974.6425,0.0010260172319594106,0,0,400,0.0
720575940627943966,40226.4175,2.48592855677491e-05,104,0,400,0.26,748.745,0.0013355681840947185,0,0,400,0.0
720575940627958046,32664.3175,3.0614446482771296e-05,93,0,400,0.2325,55809.4675,1.7918106815837297e-05,106,0,400,0.265
720575940627965187,36578.1275,2.733874225792449e-05,95,0,400,0.2375,18514.72,5.40110787524737e-05,1,0,400,0.0025
720575940628003739,21207.7775,4.715251279866549e-05,45,0,400,0.1125,192.03,0.0052075196583867105,0,0,400,0.0
720575940628014441,26527.1825,3.769718099538087e-05,66,0,400,0.165,14461.355,6.914981341651594e-05,0,0,400,0.0
720575940628029378,33250.4575,3.0074774159122475e-05,94,0,400,0.235,778.2825,0.0012848804900534188,0,0,400,0.0
720575940628029634,34593.1775,2.8907434132062604e-05,93,0,400,0.2325,72131.0425,1.386365655258622e-05,198,0,400,0.495
720575940628031531,47876.0875,2.0887253997102415e-05,154,0,400,0.385,96381.3625,1.0375449921658869e-05,373,0,400,0.9325
720575940628050950,38506.15,2.5969877539042464e-05,110,0,400,0.275,684.315,0.0014613153299284686,0,0,400,0.0
720575940628057862,42957.9025,2.3278603977463752e-05,130,0,400,0.325,2483.8125,0.0004026068795450542,0,0,400,0.0
720575940628067846,29791.195,3.356696500425713e-05,98,0,400,0.245,502.0625,0.001991783891447778,0,0,400,0.0
720575940628072748,24236.0325,4.1260878817520974e-05,48,0,400,0.12,99141.02,1.0086642239508933e-05,393,0,400,0.9825
720575940628073235,46152.1825,2.1667447687874783e-05,150,0,400,0.375,85262.24,1.172852132432833e-05,300,0,400,0.75
720575940628078908,42220.235,2.3685325294849733e-05,141,0,400,0.3525,93430.9025,1.0703096868833093e-05,345,0,400,0.8625
720575940628083712,34273.3825,2.917716102284331e-05,89,0,400,0.2225,26776.825,3.734572713531197e-05,14,0,400,0.035
720575940628088823,22685.4125,4.408119094153567e-05,46,0,400,0.115,69916.8725,1.4302699251886589e-05,193,0,400,0.4825
720575940628104061,40669.07,2.458871078192838e-05,110,0,400,0.275,3516.1525,0.0002844017715386349,0,0,400,0.0
720575940628105353,33672.245,2.9698049536049642e-05,90,0,400,0.225,70911.67,1.4102051185651107e-05,191,0,400,0.4775
720575940628120402,36103.715,2.769798066487064e-05,114,0,400,0.285,320.94,0.0031158471988533684,0,0,400,0.0
720575940628136809,33989.7525,2.942063199783523e-05,92,0,400,0.23,459.4825,0.002176361450109634,0,0,400,0.0
720575940628137222,35352.61,2.8286454663460493e-05,105,0,400,0.2625,4986.0875,0.00020055805278186556,0,0,400,0.0
720575940628141818,32832.4425,3.0457679169010958e-05,86,0,400,0.215,20927.86,4.778319426831028e-05,3,0,400,0.0075
720575940628144254,37528.2125,2.664661952657617e-05,133,0,400,0.3325,7836.5125,0.0001276077847129064,0,0,400,0.0
720575940628164140,29177.7325,3.427271121907777e-05,88,0,400,0.22,39546.625,2.528660789637548e-05,42,0,400,0.105
720575940628165019,27614.7125,3.621258052206772e-05,92,0,400,0.23,3635.9575,0.00027503071749326,0,0,400,0.0
720575940628168458,28761.3375,3.476889765644591e-05,75,0,400,0.1875,601.9475,0.0016612744466917796,0,0,400,0.0
720575940628174415,35900.415,2.7854831204597496e-05,117,0,400,0.2925,2985.7225,0.0003349273082143434,0,0,400,0.0
720575940628182722,19487.505,5.131493231175566e-05,46,0,400,0.115,71630.525,1.3960528699182368e-05,206,0,400,0.515
720575940628194895,38805.78,2.576935703908026e-05,109,0,400,0.2725,2233.3275,0.0004477623635584123,0,0,400,0.0
720575940628206391,46343.2825,2.1578100342805885e-05,153,0,400,0.3825,5428.8475,0.00018420115871738892,0,0,400,0.0
720575940628207951,34561.51,2.8933921000558132e-05,99,0,400,0.2475,10732.2175,9.317738854994319e-05,0,0,400,0.0
720575940628211244,34632.69,2.887445358705893e-05,101,0,400,0.2525,1819.1975,0.0005496929277882143,0,0,400,0.0
720575940628211340,34298.0175,2.9156204145035495e-05,94,0,400,0.235,97869.14,1.021772542396919e-05,384,0,400,0.96
720575940628218959,33474.13,2.9873815988645563e-05,99,0,400,0.2475,94993.42,1.0527044925848548e-05,367,0,400,0.9175
720575940628219479,27505.8125,3.635595203741027e-05,79,0,400,0.1975,1274.4675,0.0007846414286751133,0,0,400,0.0
720575940628320515,41635.175,2.4018152919976916e-05,116,0,400,0.29,3503.79,0.0002854052326195348,0,0,400,0.0
720575940628352000,21009.08,4.759846694857652e-05,51,0,400,0.1275,8157.68,0.0001225838718851438,0,0,400,0.0
720575940628377856,34239.3225,2.9206185373556967e-05,91,0,400,0.2275,548.2025,0.0018241434506409584,0,0,400,0.0
720575940628382203,33639.9325,2.9726575699876923e-05,84,0,400,0.21,29959.355,3.337855571323214e-05,17,0,400,0.0425
720575940628386686,41343.055,2.4187859363561788e-05,126,0,400,0.315,835.365,0.001197081515265782,0,0,400,0.0
720575940628386942,27194.33,3.6772371299458376e-05,79,0,400,0.1975,968.3225,0.001032713791118145,0,0,400,0.0
720575940628458812,22810.475,4.3839507945362825e-05,55,0,400,0.1375,3507.0175,0.00028514257485170807,0,0,400,0.0
720575940628471868,20453.1325,4.8892266257992514e-05,30,0,400,0.075,18768.805,5.3279897148486546e-05,3,0,400,0.0075
720575940628493572,32138.705,3.111513049452366e-05,100,0,400,0.25,3147.01,0.0003177619391104572,0,0,400,0.0
720575940628523819,36671.715,2.7268972830967957e-05,101,0,400,0.2525,27337.91,3.657924106122231e-05,12,0,400,0.03
720575940628527247,38745.16,2.5809675324608283e-05,129,0,400,0.3225,275.89,0.003624633005908152,0,0,400,0.0
720575940628567034,24943.0375,4.009134813672954e-05,67,0,400,0.1675,2986.725,0.0003348148892181235,0,0,400,0.0
720575940628576250,45793.1975,2.1837304547252896e-05,149,0,400,0.3725,762.5325,0.0013114195132666476,0,0,400,0.0
720575940628585922,28216.2275,3.5440598853975075e-05,68,0,400,0.17,98917.7125,1.0109412912272917e-05,392,0,400,0.98
720575940628585978,43170.485,2.3163974182824214e-05,116,0,400,0.29,60568.81,1.6510147714640588e-05,152,0,400,0.38
720575940628621563,45388.7475,2.2031892375968296e-05,150,0,400,0.375,16930.14,5.9066256983108235e-05,1,0,400,0.0025
720575940628628987,37745.585,2.6493164697275192e-05,104,0,400,0.26,1834.4925,0.000545109887339414,0,0,400,0.0
720575940628639735,40067.0825,2.4958143633243077e-05,109,0,400,0.2725,25833.165,3.870992965825132e-05,9,0,400,0.0225
720575940628668610,33460.195,2.988625738732246e-05,84,0,400,0.21,84008.1925,1.19036009493955e-05,276,0,400,0.69
720575940628675948,30904.44,3.2357810075186606e-05,80,0,400,0.2,8504.445,0.00011758556848800833,0,0,400,0.0
720575940628695034,34114.99,2.931262767481392e-05,103,0,400,0.2575,14159.09,7.062600774484801e-05,0,0,400,0.0
720575940628695660,32051.1225,3.120015531437315e-05,84,0,400,0.21,35434.11,2.8221394582790425e-05,34,0,400,0.085
720575940628705271,33026.485,3.027872932890073e-05,98,0,400,0.245,3834.36,0.0002607997162499087,0,0,400,0.0
720575940628707858,31527.8675,3.17179714105307e-05,92,0,400,0.23,22888.0925,4.369084055388189e-05,5,0,400,0.0125
720575940628708624,20780.475,4.8122095380399153e-05,31,0,400,0.0775,7727.475,0.00012940837725130137,0,0,400,0.0
720575940628710014,42314.0875,2.3632791325111286e-05,123,0,400,0.3075,5003.365,0.00019986549052487676,0,0,400,0.0
720575940628716360,40463.9,2.471338650006549e-05,130,0,400,0.325,6194.4875,0.00016143385550459178,0,0,400,0.0
720575940628720079,22328.7725,4.4785265289437654e-05,46,0,400,0.115,23076.5825,4.3333972870549617e-05,4,0,400,0.01
720575940628733292,36738.52,2.721938717182946e-05,108,0,400,0.27,36466.1275,2.7422708923507164e-05,34,0,400,0.085
720575940628763002,30839.595,3.2425847356296345e-05,81,0,400,0.2025,93486.3175,1.0696752495358479e-05,350,0,400,0.875
720575940628764268,32732.3425,3.055082293606087e-05,97,0,400,0.2425,6816.8375,0.0001466955901471907,0,0,400,0.0
720575940628766780,18228.6375,5.48587353278598e-05,41,0,400,0.1025,4935.2725,0.00020262305678156575,0,0,400,0.0
720575940628789626,43421.4725,2.3030080336404987e-05,118,0,400,0.295,849.1875,0.0011775962316920585,0,0,400,0.0
720575940628789698,36892.235,2.710597501073058e-05,112,0,400,0.28,50391.535,1.9844602868319053e-05,84,0,400,0.21
720575940628793982,25276.0625,3.9563124201010344e-05,53,0,400,0.1325,87.9025,0.011376240721253662,0,0,400,0.0
720575940628797512,33193.2675,3.0126591182986126e-05,83,0,400,0.2075,17771.635,5.6269442850925086e-05,1,0,400,0.0025
720575940628802041,36117.56,2.7687363155207607e-05,94,0,400,0.235,93533.65,1.069133942704043e-05,354,0,400,0.885
720575940628802632,25913.1275,3.8590478899160286e-05,65,0,400,0.1625,63022.2875,1.586740246456462e-05,151,0,400,0.3775
720575940628805327,20799.035,4.8079153672273737e-05,57,0,400,0.1425,92866.525,1.0768142772651395e-05,348,0,400,0.87
720575940628805636,57865.6425,1.7281411849872744e-05,185,0,400,0.4625,97143.7075,1.0294027536472189e-05,380,0,400,0.95
720575940628809687,35568.545,2.811472889880652e-05,114,0,400,0.285,13654.7625,7.323452165499033e-05,1,0,400,0.0025
720575940628810071,24283.31,4.118054746243407e-05,56,0,400,0.14,7273.0025,0.0001374947966812881,0,0,400,0.0
720575940628812548,50324.9125,1.9870874092428874e-05,167,0,400,0.4175,12308.61,8.124394224855608e-05,0,0,400,0.0
720575940628819447,34341.4475,2.911933167639483e-05,91,0,400,0.2275,98953.9475,1.0105711043008163e-05,393,0,400,0.9825
720575940628843458,29238.775,3.420115924829272e-05,95,0,400,0.2375,30191.8,3.31215760570751e-05,14,0,400,0.035
720575940628856514,35968.7225,2.7801932637446323e-05,95,0,400,0.2375,69580.4525,1.4371852496935113e-05,187,0,400,0.4675
720575940628858873,23572.24,4.242278205210875e-05,61,0,400,0.1525,29058.6475,3.441316392994547e-05,10,0,400,0.025
720575940628860476,25279.5375,3.955768573693249e-05,63,0,400,0.1575,428.7325,0.00233245671835002,0,0,400,0.0
720575940628883838,35886.9425,2.7865288328756346e-05,111,0,400,0.2775,74855.25,1.335911642803945e-05,223,0,400,0.5575
720575940628907524,41685.9275,2.3988910886053814e-05,118,0,400,0.295,1918.795,0.0005211604157817797,0,0,400,0.0
720575940628909950,18047.6875,5.540876081769479e-05,40,0,400,0.1,97753.1125,1.0229853294952629e-05,383,0,400,0.9575
720575940628940994,25572.8025,3.910404422823818e-05,63,0,400,0.1575,2206.425,0.0004532218407605062,0,0,400,0.0
720575940628967168,35109.61,2.8482230363709536e-05,103,0,400,0.2575,25843.005,3.869519043934713e-05,7,0,400,0.0175
720575940628972119,31578.085,3.166753145417146e-05,79,0,400,0.1975,96640.1825,1.0347662578141344e-05,374,0,400,0.935
720575940628990713,37007.4725,2.7021569765403458e-05,96,0,400,0.24,6386.1525,0.0001565888067972069,0,0,400,0.0
720575940628999929,45202.655,2.2122594347610776e-05,144,0,400,0.36,5704.24,0.0001753081918011865,0,0,400,0.0
720575940629000603,35667.7825,2.803650605416807e-05,110,0,400,0.275,2802.365,0.000356841453557977,0,0,400,0.0
720575940629008079,37348.6225,2.6774749189210393e-05,106,0,400,0.265,95277.3975,1.0495668713033434e-05,363,0,400,0.9075
720575940629039660,28264.19,3.538045845290454e-05,74,0,400,0.185,316.495,0.003159607576738969,0,0,400,0.0
720575940629076473,27113.27,3.6882308921055996e-05,61,0,400,0.1525,192.995,0.005181481385528122,0,0,400,0.0
720575940629079084,22818.235,4.382459905422133e-05,43,0,400,0.1075,3843.48,0.00026018087774620915,0,0,400,0.0
720575940629111035,35452.64,2.820664413143845e-05,95,0,400,0.2375,4137.635,0.00024168395713976702,0,0,400,0.0
720575940629112060,27138.15,3.6848495568047194e-05,63,0,400,0.1575,689.4175,0.0014504998785206352,0,0,400,0.0
720575940629112579,39912.3525,2.5054899983657942e-05,130,0,400,0.325,14463.57,6.913922358034704e-05,0,0,400,0.0
720575940629113388,41767.735,2.394192550781123e-05,128,0,400,0.32,7346.2475,0.00013612391904846657,0,0,400,0.0
720575940629133820,28970.585,3.4517770352238314e-05,88,0,400,0.22,90398.0675,1.1062183381298499e-05,320,0,400,0.8
720575940629135378,24043.735,4.1590875959995396e-05,65,0,400,0.1625,88678.85,1.1276646009730617e-05,318,0,400,0.795
720575940629139708,17002.24,5.88157795678687e-05,27,0,400,0.0675,48221.285,2.0737730236761628e-05,72,0,400,0.18
720575940629174012,26034.815,3.841010585249022e-05,70,0,400,0.175,1256.7925,0.0007956762950128999,0,0,400,0.0
720575940629196283,38811.8075,2.5765355040473185e-05,122,0,400,0.305,14007.405,7.139081078900766e-05,0,0,400,0.0
720575940629202681,27405.3725,3.648919568599186e-05,71,0,400,0.1775,313.3,0.0031918289179699967,0,0,400,0.0
720575940629213639,38042.0075,2.6286730530716603e-05,116,0,400,0.29,5098.86,0.00019612227046830077,0,0,400,0.0
720575940629229586,41480.3925,2.4107775740068032e-05,118,0,400,0.295,81009.5325,1.2344226279789974e-05,259,0,400,0.6475
720575940629272850,25462.5175,3.9273414343259655e-05,56,0,400,0.14,16435.82,6.084272035103816e-05,0,0,400,0.0
720575940629315900,50784.2875,1.9691129859801618e-05,174,0,400,0.435,73918.9125,1.352833755502017e-05,205,0,400,0.5125
720575940629331663,39800.0675,2.51255855282155e-05,117,0,400,0.2925,1039.5075,0.0009619940212071583,0,0,400,0.0
720575940629342479,42042.085,2.3785689981836057e-05,137,0,400,0.3425,485.54,0.0020595625489146104,0,0,400,0.0
720575940629343196,51977.855,1.9238962438907875e-05,168,0,400,0.42,45650.95,2.1905349176742216e-05,63,0,400,0.1575
720575940629345527,29212.5275,3.42318890414395e-05,86,0,400,0.215,55515.0775,1.8013124452541746e-05,101,0,400,0.2525
720575940629372747,37584.05,2.66070314401987e-05,98,0,400,0.245,57910.5625,1.7268007023761856e-05,115,0,400,0.2875
720575940629391179,45350.55,2.205044922277679e-05,121,0,400,0.3025,62631.595,1.596638246239777e-05,142,0,400,0.355
720575940629423580,35239.7325,2.837705989964595e-05,106,0,400,0.265,1243.7575,0.0008040152521693337,0,0,400,0.0
720575940629424202,30611.635,3.2667317508522496e-05,77,0,400,0.1925,3142.2475,0.0003182435501977486,0,0,400,0.0
720575940629468739,36934.6,2.7074883713374452e-05,118,0,400,0.295,2152.77,0.00046451780729014246,0,0,400,0.0
720575940629469378,20478.455,4.8831808844954366e-05,39,0,400,0.0975,95865.86,1.0431242154401995e-05,368,0,400,0.92
720575940629483735,31396.455,3.1850729644477374e-05,81,0,400,0.2025,439.3025,0.0022763357822912457,0,0,400,0.0
720575940629497462,31704.62,3.154114447673557e-05,87,0,400,0.2175,95049.4025,1.0520844673379194e-05,361,0,400,0.9025
720575940629506012,35901.4475,2.7854030119537657e-05,118,0,400,0.295,2794.6175,0.00035783072280911433,0,0,400,0.0
720575940629516793,43515.3925,2.2980374128533943e-05,133,0,400,0.3325,99747.5425,1.0025309646099803e-05,397,0,400,0.9925
720575940629526570,25611.3575,3.9045177515483124e-05,59,0,400,0.1475,44281.4325,2.258282859300001e-05,51,0,400,0.1275
720575940629535788,33232.4675,3.0091054779486357e-05,90,0,400,0.225,31519.2625,3.172663065958475e-05,21,0,400,0.0525
720575940629538858,31483.5,3.176266933473089e-05,85,0,400,0.2125,16909.7975,5.9137313737790176e-05,0,0,400,0.0
720575940629550039,12863.235,7.774094152831694e-05,26,0,400,0.065,97610.21,1.0244829920968308e-05,381,0,400,0.9525
720575940629552633,37099.77,2.6954344999982484e-05,90,0,400,0.225,1580.8225,0.0006325820893870121,0,0,400,0.0
720575940629576960,31328.9675,3.191934110180937e-05,82,0,400,0.205,22735.7125,4.398366666538381e-05,6,0,400,0.015
720575940629597647,37404.585,2.6734690412953386e-05,120,0,400,0.3,99044.335,1.009648860785425e-05,390,0,400,0.975
720575940629606475,38145.2375,2.6215592444535178e-05,101,0,400,0.2525,3733.6525,0.0002678342454205366,0,0,400,0.0
720575940629609167,27051.9425,3.6965922132948494e-05,68,0,400,0.17,97487.47,1.0257728506032621e-05,378,0,400,0.945
720575940629615417,23131.2575,4.323154502084463e-05,59,0,400,0.1475,89677.9175,1.1151017194394595e-05,317,0,400,0.7925
720575940629681168,33051.7,3.0255629816318074e-05,96,0,400,0.24,88355.7325,1.131788477900967e-05,312,0,400,0.78
720575940629691753,39043.415,2.561251365947369e-05,102,0,400,0.255,81519.03,1.2267074326080672e-05,265,0,400,0.6625
720575940629699781,39634.9575,2.523025286453253e-05,126,0,400,0.315,21847.275,4.577229883360739e-05,6,0,400,0.015
720575940629700138,34102.405,2.9323445076674213e-05,95,0,400,0.2375,6826.8225,0.00014648103125575624,0,0,400,0.0
720575940629703722,39952.6525,2.502962725691367e-05,107,0,400,0.2675,4268.5025,0.00023427419803549374,0,0,400,0.0
720575940629711376,33990.055,2.942037016415537e-05,94,0,400,0.235,45622.765,2.191888194413469e-05,55,0,400,0.1375
720575940629712727,33369.6675,2.9967334855823777e-05,103,0,400,0.2575,63717.5775,1.569425642398285e-05,150,0,400,0.375
720575940629720848,37854.545,2.641690713757093e-05,124,0,400,0.31,13073.985,7.648777323822844e-05,0,0,400,0.0
720575940629733114,38087.8575,2.6255086676902213e-05,96,0,400,0.24,8350.12,0.00011975875795796946,0,0,400,0.0
720575940629750138,36770.925,2.719539962619923e-05,113,0,400,0.2825,3154.055,0.00031705217569129264,0,0,400,0.0
720575940629757496,22956.8875,4.355991203075765e-05,59,0,400,0.1475,10709.3275,9.337654488575497e-05,0,0,400,0.0
720575940629758762,28048.67,3.5652314352160015e-05,69,0,400,0.1725,73545.135,1.3597092452138405e-05,207,0,400,0.5175
720575940629801291,28405.88,3.520397889451057e-05,75,0,400,0.1875,7960.03,0.00012562766723240993,0,0,400,0.0
720575940629823993,25724.2875,3.8873768612638934e-05,52,0,400,0.13,9242.3625,0.00010819744410587662,0,0,400,0.0
720575940629827907,28320.475,3.531014222042533e-05,79,0,400,0.1975,4767.34,0.00020976057927481572,0,0,400,0.0
720575940629836611,29460.2925,3.3943994276363685e-05,76,0,400,0.19,52515.575,1.9041969929873186e-05,96,0,400,0.24
720575940629842499,37777.025,2.6471115711202773e-05,114,0,400,0.285,15286.8675,6.54156255361015e-05,0,0,400,0.0
720575940629846636,30566.1675,3.271591049155901e-05,84,0,400,0.21,15323.6125,6.525876323223391e-05,0,0,400,0.0
720575940629846841,28658.9325,3.4893134976328935e-05,77,0,400,0.1925,5517.035,0.000181256780136432,0,0,400,0.0
720575940629860683,26434.0225,3.783003513748239e-05,55,0,400,0.1375,6414.2625,0.00015590256868969738,0,0,400,0.0
720575940629864515,25963.2625,3.851596077341975e-05,72,0,400,0.18,72774.9675,1.3740988616724563e-05,208,0,400,0.52
720575940629899628,41375.3325,2.4168990061892556e-05,116,0,400,0.29,67039.44,1.4916592382036603e-05,171,0,400,0.4275
720575940629902206,23718.5075,4.2161168867813455e-05,58,0,400,0.145,96052.07,1.0411019772921082e-05,369,0,400,0.9225
720575940629907052,28786.42,3.473860243823303e-05,79,0,400,0.1975,31378.5375,3.186891677153532e-05,30,0,400,0.075
720575940629909199,39960.605,2.5024646148375378e-05,123,0,400,0.3075,1029.825,0.0009710387687228413,0,0,400,0.0
720575940629922934,24635.515,4.0591804149416e-05,62,0,400,0.155,62.08,0.016108247422680414,0,0,400,0.0
720575940629947704,28373.645,3.524397376509081e-05,70,0,400,0.175,5160.4775,0.0001937805174036705,0,0,400,0.0
720575940629955915,32533.74,3.073732070152402e-05,108,0,400,0.27,5000.76,0.00019996960462009773,0,0,400,0.0
720575940629957432,32777.6475,3.050859583501226e-05,95,0,400,0.2375,100000.0,1e-05,400,0,400,1.0
720575940629983884,39485.12,2.532599622338744e-05,129,0,400,0.3225,5071.475,0.00019718129341069412,0,0,400,0.0
720575940629999119,34024.2275,2.9390821584413635e-05,97,0,400,0.2425,100000.0,1e-05,400,0,400,1.0
720575940630007237,19904.59,5.02396683378055e-05,44,0,400,0.11,12478.735,8.01363279210593e-05,0,0,400,0.0
720575940630007916,20726.9125,4.824645252880766e-05,47,0,400,0.1175,2706.9025,0.0003694259397965017,0,0,400,0.0
720575940630017593,35385.4325,2.826021696922879e-05,93,0,400,0.2325,9368.8375,0.00010673682834183004,0,0,400,0.0
720575940630019323,25954.515,3.852894188159555e-05,64,0,400,0.16,51267.2375,1.9505634568275693e-05,93,0,400,0.2325
720575940630019385,26301.125,3.802118730662662e-05,76,0,400,0.19,1594.8125,0.0006270329584198769,0,0,400,0.0
720575940630020409,34758.5425,2.8769905987858952e-05,105,0,400,0.2625,5497.3375,0.0001819062409757451,0,0,400,0.0
720575940630021115,38316.5775,2.6098364343736076e-05,121,0,400,0.3025,828.6325,0.0012068076016810828,0,0,400,0.0
720575940630025528,30726.16,3.2545557271068044e-05,79,0,400,0.1975,814.22,0.0012281692908550515,0,0,400,0.0
720575940630050105,30741.9575,3.2528832947609145e-05,71,0,400,0.1775,100000.0,1e-05,400,0,400,1.0
720575940630057258,26552.81,3.766079748245101e-05,82,0,400,0.205,8287.955,0.00012065702576811771,0,0,400,0.0
720575940630058827,20774.895,4.813502065834749e-05,52,0,400,0.13,92831.675,1.0772185248192494e-05,342,0,400,0.855
720575940630087030,34551.375,2.8942408225432416e-05,97,0,400,0.2425,3043.01,0.0003286219894117995,0,0,400,0.0
720575940630089031,41272.6575,2.422911584988197e-05,132,0,400,0.33,10199.265,9.804628078591938e-05,0,0,400,0.0
720575940630111628,31671.27,3.1574357453932223e-05,93,0,400,0.2325,98812.3175,1.0120195794416014e-05,390,0,400,0.975
720575940630145071,40343.24,2.4787300177179623e-05,136,0,400,0.34,67176.2475,1.4886214059515606e-05,173,0,400,0.4325
720575940630148655,36605.2975,2.7318450287147645e-05,99,0,400,0.2475,993.0975,0.001006950475658231,0,0,400,0.0
720575940630179781,39331.7775,2.542473449108676e-05,112,0,400,0.28,4144.2825,0.00024129629193955768,0,0,400,0.0
720575940630199759,33402.265,2.9938089527761066e-05,82,0,400,0.205,895.6775,0.001116473284189901,0,0,400,0.0
720575940630252955,37063.405,2.6980791430253102e-05,116,0,400,0.29,97821.375,1.0222714616309575e-05,385,0,400,0.9625
720575940630256402,52681.8025,1.8981886582183668e-05,183,0,400,0.4575,902.5325,0.001107993340960021,0,0,400,0.0
720575940630268044,14750.415,6.779470272531314e-05,28,0,400,0.07,14162.1725,7.061063547983193e-05,0,0,400,0.0
720575940630278028,20457.6325,4.8881511582535274e-05,46,0,400,0.115,96372.89,1.0376362066137065e-05,375,0,400,0.9375
720575940630286639,34931.8725,2.8627151321475826e-05,86,0,400,0.215,67482.1875,1.4818725311772088e-05,178,0,400,0.445
720575940630293445,46513.5825,2.149909652734231e-05,155,0,400,0.3875,95525.635,1.0468394164561168e-05,364,0,400,0.91
720575940630306095,35806.21,2.792811637981233e-05,109,0,400,0.2725,36586.4675,2.733251030589384e-05,28,0,400,0.07
720575940630329820,35052.865,2.8528338553781555e-05,96,0,400,0.24,98598.9225,1.0142098662386499e-05,389,0,400,0.9725
720575940630335596,32431.535,3.083418654097008e-05,79,0,400,0.1975,1229.5475,0.0008133073346088704,0,0,400,0.0
720575940630398551,28774.2325,3.475331618315102e-05,85,0,400,0.2125,39835.125,2.510347337933545e-05,44,0,400,0.11
720575940630404655,29965.4475,3.3371769268588435e-05,82,0,400,0.205,35022.225,2.855329722768899e-05,28,0,400,0.07
720575940630410321,32766.36,3.051910557046923e-05,84,0,400,0.21,99693.8975,1.0030704236435333e-05,398,0,400,0.995
720575940630411311,32313.6875,3.0946638324703734e-05,90,0,400,0.225,32552.27,3.071982384024217e-05,16,0,400,0.04
720575940630411823,29863.3875,3.348581938335026e-05,80,0,400,0.2,99285.855,1.007192817143993e-05,394,0,400,0.985
720575940630427340,36165.9025,2.765035381047107e-05,100,0,400,0.25,56845.1725,1.7591643336116186e-05,115,0,400,0.2875
720575940630434430,33594.4975,2.9766779515008375e-05,92,0,400,0.23,15404.0525,6.491798181030609e-05,0,0,400,0.0
720575940630444625,33083.68,3.022638352202657e-05,82,0,400,0.205,70.0475,0.014276026981690995,0,0,400,0.0
720575940630463007,29360.5425,3.405931617237658e-05,78,0,400,0.195,62617.7575,1.5969910771716792e-05,130,0,400,0.325
720575940630479631,35571.8225,2.811213847702068e-05,99,0,400,0.2475,58235.335,1.7171705116833278e-05,117,0,400,0.2925
720575940630504991,45350.3875,2.205052823418543e-05,146,0,400,0.365,13858.4525,7.215812876654157e-05,0,0,400,0.0
720575940630520314,28356.5675,3.526519914654691e-05,64,0,400,0.16,3075.155,0.0003251868604997146,0,0,400,0.0
720575940630539335,33403.2425,2.9937213430702123e-05,98,0,400,0.245,27837.6975,3.592251119188288e-05,17,0,400,0.0425
720575940630541416,51927.2,1.9257730052843213e-05,177,0,400,0.4425,7513.1575,0.0001330998318616374,0,0,400,0.0
720575940630556743,35656.885,2.8045074604806335e-05,100,0,400,0.25,5419.65,0.0001845137601136605,0,0,400,0.0
720575940630580255,22076.1125,4.529783040379053e-05,53,0,400,0.1325,7880.7225,0.00012689191885642464,0,0,400,0.0
720575940630590255,37060.545,2.6982873565404936e-05,101,0,400,0.2525,688.4625,0.001452511937832489,0,0,400,0.0
720575940630591506,38428.96,2.6022041710210216e-05,104,0,400,0.26,13289.98,7.52446580055049e-05,0,0,400,0.0
720575940630596921,38367.1175,2.606398565125462e-05,114,0,400,0.285,99255.6575,1.0074992450682219e-05,392,0,400,0.98
720575940630631736,36530.015,2.7374749230187832e-05,111,0,400,0.2775,3438.0875,0.0002908593803968049,0,0,400,0.0
720575940630644132,38580.06,2.59201255778244e-05,115,0,400,0.2875,9500.085,0.00010526221607490882,0,0,400,0.0
720575940630666404,29326.195,3.409920721048196e-05,76,0,400,0.19,99005.91,1.0100407137311298e-05,393,0,400,0.9825
720575940630671953,35404.6825,2.8244851510813574e-05,102,0,400,0.255,4334.13,0.00023072681253215755,0,0,400,0.0
720575940630692143,34353.075,2.9109475643737862e-05,104,0,400,0.26,3953.1275,0.00025296426690006834,0,0,400,0.0
720575940630696399,23173.095,4.315349330764837e-05,50,0,400,0.125,3263.5825,0.0003064117423107888,0,0,400,0.0
720575940630706247,23010.2175,4.34589547013191e-05,58,0,400,0.145,79499.51,1.2578693881257886e-05,248,0,400,0.62
720575940630735378,45443.33,2.2005429619704365e-05,123,0,400,0.3075,19892.11,5.027118792325198e-05,5,0,400,0.0125
720575940630736170,37781.08,2.6468274596702898e-05,100,0,400,0.25,50094.4775,1.996228027330957e-05,80,0,400,0.2
720575940630748876,35978.9175,2.7794054671044505e-05,107,0,400,0.2675,563.5875,0.0017743473728569212,0,0,400,0.0
720575940630755276,47886.8925,2.0882541083658748e-05,153,0,400,0.3825,5103.275,0.0001959525990662859,0,0,400,0.0
720575940630758014,31508.37,3.173759861268609e-05,83,0,400,0.2075,76471.9825,1.3076684653755381e-05,228,0,400,0.57
720575940630764359,45573.0325,2.194280137052543e-05,130,0,400,0.325,7146.6375,0.00013992594419403532,0,0,400,0.0
720575940630769612,31191.585,3.2059928984051305e-05,94,0,400,0.235,41157.995,2.429661600376792e-05,43,0,400,0.1075
720575940630773585,22704.9875,4.404318654656824e-05,44,0,400,0.11,3116.845,0.00032083725690562094,0,0,400,0.0
720575940630786733,26673.9825,3.7489714931019394e-05,74,0,400,0.185,99224.355,1.007817082811977e-05,394,0,400,0.985
720575940630792275,31206.8375,3.204425953126458e-05,84,0,400,0.21,55219.715,1.810947412531919e-05,110,0,400,0.275
720575940630800066,32907.8475,3.038788848161521e-05,91,0,400,0.2275,18457.8675,5.417743951190461e-05,4,0,400,0.01
720575940630814762,23167.255,4.31643714371858e-05,58,0,400,0.145,1154.76,0.0008659808098652534,0,0,400,0.0
720575940630815059,40825.935,2.4494233873639394e-05,120,0,400,0.3,82677.7125,1.2095158051209993e-05,275,0,400,0.6875
720575940630819599,40878.7925,2.4462562097449427e-05,123,0,400,0.3075,23540.745,4.247953919895059e-05,8,0,400,0.02
720575940630822175,29328.34,3.409671328141995e-05,69,0,400,0.1725,704.685,0.0014190737705499622,0,0,400,0.0
720575940630836807,25518.575,3.9187141131509104e-05,59,0,400,0.1475,14594.03,6.852116927264094e-05,1,0,400,0.0025
720575940630840493,33187.625,3.0131713251550842e-05,90,0,400,0.225,1398.075,0.0007152692094487062,0,0,400,0.0
720575940630844447,25354.4425,3.9440819887875665e-05,64,0,400,0.16,39464.475,2.533924497918698e-05,44,0,400,0.11
720575940630849325,31088.9125,3.216580830866953e-05,108,0,400,0.27,1307.6025,0.0007647584032609299,0,0,400,0.0
720575940630852300,37881.4025,2.6398177839376462e-05,107,0,400,0.2675,19680.1775,5.081254983599614e-05,2,0,400,0.005
720575940630892344,33466.505,2.988062243129362e-05,95,0,400,0.2375,2457.2575,0.0004069577567674531,0,0,400,0.0
720575940630894583,41048.045,2.436169615386068e-05,120,0,400,0.3,98950.8025,1.0106032237585945e-05,392,0,400,0.98
720575940630898515,38508.72,2.596814435795321e-05,98,0,400,0.245,81341.6475,1.2293825251080634e-05,257,0,400,0.6425
720575940630900983,27548.9675,3.6299001042416566e-05,77,0,400,0.1925,10962.9275,9.121651128314038e-05,0,0,400,0.0
720575940630904121,39896.74,2.5064704534756475e-05,122,0,400,0.305,14897.05,6.712738428078042e-05,0,0,400,0.0
720575940630941783,23634.77,4.23105450148235e-05,57,0,400,0.1425,18296.47,5.4655351551419476e-05,2,0,400,0.005
720575940630941994,37225.8625,2.6863044476135374e-05,112,0,400,0.28,4686.4775,0.00021337987859751807,0,0,400,0.0
720575940630976568,23496.6825,4.255919958062165e-05,53,0,400,0.1325,375.715,0.0026615918981142623,0,0,400,0.0
720575940630979748,32706.3925,3.0575062657858094e-05,91,0,400,0.2275,27164.1525,3.681322286789547e-05,10,0,400,0.025
720575940630980409,28093.4975,3.5595425596261196e-05,63,0,400,0.1575,4525.4925,0.00022097042476592325,0,0,400,0.0
720575940630982712,27420.6325,3.646888889233317e-05,65,0,400,0.1625,16319.9575,6.127466937337306e-05,0,0,400,0.0
720575940630984749,41668.8975,2.3998715108793077e-05,118,0,400,0.295,100000.0,1e-05,400,0,400,1.0
720575940630985811,43028.005,2.324067778647883e-05,140,0,400,0.35,21388.9525,4.6753107708290066e-05,5,0,400,0.0125
720575940630993581,37003.0025,2.702483399826811e-05,106,0,400,0.265,11949.3575,8.368650783106958e-05,0,0,400,0.0
720575940631004728,33725.91,2.965079370727135e-05,78,0,400,0.195,941.5075,0.001062126430219621,0,0,400,0.0
720575940631024977,25258.5875,3.959049570764794e-05,70,0,400,0.175,95385.86,1.048373417192024e-05,364,0,400,0.91
720575940631025219,31221.3875,3.202932605093223e-05,69,0,400,0.1725,821.17,0.0012177746386253761,0,0,400,0.0
720575940631049519,25542.4625,3.9150493027052496e-05,61,0,400,0.1525,69067.42,1.4478606555739306e-05,178,0,400,0.445
720575940631058861,27392.69,3.6506089763363876e-05,80,0,400,0.2,18870.39,5.299307539483816e-05,1,0,400,0.0025
720575940631080552,35473.6075,2.8189971938997185e-05,106,0,400,0.265,20114.37,4.971570076517435e-05,0,0,400,0.0
720575940631086649,28359.0825,3.526207168373659e-05,80,0,400,0.2,4668.615,0.00021419628733575162,0,0,400,0.0
720575940631089256,27206.195,3.675633435693598e-05,84,0,400,0.21,2655.8725,0.00037652409895429847,0,0,400,0.0
720575940631100124,38382.8,2.6053336390258133e-05,114,0,400,0.285,49801.46,2.0079732602216882e-05,86,0,400,0.215
720575940631119827,25607.21,3.9051501510707335e-05,58,0,400,0.145,479.975,0.0020834418459294755,0,0,400,0.0
720575940631125036,33380.59,2.99575292108378e-05,83,0,400,0.2075,39636.6425,2.5229180296994126e-05,48,0,400,0.12
720575940631132985,27154.305,3.68265731713627e-05,75,0,400,0.1875,54075.58,1.8492635677694072e-05,95,0,400,0.2375
720575940631151663,30619.405,3.265902782892091e-05,81,0,400,0.2025,304.8725,0.003280059697086487,0,0,400,0.0
720575940631165613,44523.56,2.246001892031994e-05,123,0,400,0.3075,14029.6775,7.127747590776766e-05,1,0,400,0.0025
720575940631255656,38726.165,2.5822334847770233e-05,107,0,400,0.2675,21132.225,4.732109373243944e-05,2,0,400,0.005
720575940631257647,32182.21,3.107306800869176e-05,93,0,400,0.2325,582.995,0.0017152805770203861,0,0,400,0.0
720575940631282247,55462.4675,1.8030211151352037e-05,182,0,400,0.455,51676.3075,1.9351227832987097e-05,77,0,400,0.1925
720575940631303212,42641.02,2.345159660814868e-05,134,0,400,0.335,5782.5775,0.00017293326375651688,0,0,400,0.0
720575940631347596,33281.0175,3.0047158263715944e-05,108,0,400,0.27,322.11,0.0031045295085529788,0,0,400,0.0
720575940631353683,27898.27,3.584451652378445e-05,65,0,400,0.1625,10626.5025,9.410433959809448e-05,0,0,400,0.0
720575940631366483,22469.245,4.450527821473307e-05,56,0,400,0.14,1768.515,0.0005654461511494106,0,0,400,0.0
720575940631369149,29616.4625,3.376500485160913e-05,86,0,400,0.215,94098.7775,1.0627130623455762e-05,348,0,400,0.87
720575940631372369,39225.7625,2.5493449617454858e-05,98,0,400,0.245,47343.1475,2.1122381016175572e-05,75,0,400,0.1875
720575940631372845,33614.315,2.97492303502243e-05,85,0,400,0.2125,5921.3925,0.0001688791952230831,0,0,400,0.0
720575940631398308,43819.775,2.2820747025743515e-05,117,0,400,0.2925,694.9675,0.0014389162083118996,0,0,400,0.0
720575940631413156,34859.0,2.8686996184629507e-05,91,0,400,0.2275,687.0675,0.0014554610718743063,0,0,400,0.0
720575940631426700,38288.5775,2.6117449779898457e-05,105,0,400,0.2625,6919.27,0.00014452391654032866,0,0,400,0.0
720575940631449411,32165.3275,3.1089377218372796e-05,83,0,400,0.2075,256.4975,0.003898673476349672,0,0,400,0.0
720575940631468258,36849.7475,2.713722800949993e-05,78,0,400,0.195,54048.1975,1.8502004622818364e-05,103,0,400,0.2575
720575940631477677,26938.595,3.712146086312222e-05,65,0,400,0.1625,15339.7275,6.519020627973997e-05,0,0,400,0.0
720575940631483167,37390.46,2.6744789981187714e-05,131,0,400,0.3275,1307.315,0.0007649265861708922,0,0,400,0.0
720575940631487047,25521.36,3.918286486300103e-05,69,0,400,0.1725,20128.6525,4.96804244596105e-05,4,0,400,0.01
720575940631508255,23405.0925,4.2725744407974466e-05,58,0,400,0.145,262.225,0.003813518924587663,0,0,400,0.0
720575940631520839,29076.0825,3.43925286358642e-05,74,0,400,0.185,86202.01,1.1600657571673793e-05,300,0,400,0.75
720575940631552204,23556.425,4.245126329653163e-05,44,0,400,0.11,27183.3675,3.6787200849931486e-05,7,0,400,0.0175
720575940631572305,25130.23,3.979271180566195e-05,49,0,400,0.1225,549.96,0.0018183140592043056,0,0,400,0.0
720575940631614675,26913.0325,3.7156719518694145e-05,75,0,400,0.1875,3727.565,0.00026827164650381684,0,0,400,0.0
720575940631619384,33141.285,3.017384509985053e-05,90,0,400,0.225,4161.13,0.00024031933633412078,0,0,400,0.0
720575940631620689,21271.8,4.701059618838086e-05,50,0,400,0.125,1194.6075,0.0008370950291204433,0,0,400,0.0
720575940631621145,37424.2475,2.672064414922438e-05,111,0,400,0.2775,6776.5575,0.00014756755181373433,0,0,400,0.0
720575940631625953,21126.2825,4.7334404432014955e-05,40,0,400,0.1,64898.4925,1.5408678406513063e-05,160,0,400,0.4
720575940631626491,31795.46,3.145103105915121e-05,97,0,400,0.2425,93753.0,1.066632534425565e-05,355,0,400,0.8875
720575940631638073,30613.8175,3.266498861176003e-05,79,0,400,0.1975,28728.3775,3.4808787931027434e-05,9,0,400,0.0225
720575940631639972,32667.7625,3.061121801653847e-05,98,0,400,0.245,2183.0125,0.00045808258083726046,0,0,400,0.0
720575940631701499,24825.5925,4.028101242699444e-05,66,0,400,0.165,29415.6275,3.399553519638498e-05,16,0,400,0.04
720575940631724717,26373.6725,3.7916600352112506e-05,68,0,400,0.17,99791.935,1.0020849881305538e-05,397,0,400,0.9925
720575940631725011,53257.34,1.8776754528108238e-05,183,0,400,0.4575,1518.21,0.0006586704079145836,0,0,400,0.0
720575940631725087,32389.975,3.0873750288476605e-05,104,0,400,0.26,1813.73,0.0005513499804270757,0,0,400,0.0
720575940631729720,50614.0,1.9757379381198878e-05,165,0,400,0.4125,6545.7,0.0001527720488259468,0,0,400,0.0
720575940631785441,34221.3875,2.9221491969020837e-05,100,0,400,0.25,899.795,0.0011113642551914603,0,0,400,0.0
720575940631814085,32012.1025,3.123818562057897e-05,74,0,400,0.185,10241.295,9.764390147925629e-05,0,0,400,0.0
720575940631822663,34979.5625,2.858812199266357e-05,108,0,400,0.27,93758.28,1.0665724669863825e-05,352,0,400,0.88
720575940631824332,26562.58,3.764694543978785e-05,71,0,400,0.1775,6503.7825,0.0001537566792862461,0,0,400,0.0
720575940631831879,15247.24,6.558564041754442e-05,14,0,400,0.035,96289.99,1.038529550164041e-05,369,0,400,0.9225
720575940631839827,20761.9575,4.8165015268911905e-05,59,0,400,0.1475,2751.93,0.00036338133600782,0,0,400,0.0
720575940631863583,37140.845,2.6924535508010116e-05,93,0,400,0.2325,2684.975,0.00037244294639614896,0,0,400,0.0
720575940631911905,35845.8825,2.789720688282678e-05,97,0,400,0.2425,1270.68,0.0007869801995781786,0,0,400,0.0
720575940631958829,43928.3025,2.276436700462077e-05,143,0,400,0.3575,1478.2825,0.0006764606900237269,0,0,400,0.0
720575940631983277,29377.7625,3.4039352043914166e-05,85,0,400,0.2125,1881.5025,0.0005314901255778294,0,0,400,0.0
720575940631991507,47843.9975,2.0901263528408136e-05,162,0,400,0.405,6030.52,0.00016582317942731304,0,0,400,0.0
720575940632052010,43112.435,2.3195163993868592e-05,123,0,400,0.3075,20178.73,4.9557132683771475e-05,2,0,400,0.005
720575940632059673,27780.1425,3.5996935580873996e-05,77,0,400,0.1925,37775.2425,2.647236480348207e-05,34,0,400,0.085
720575940632074521,39576.2425,2.5267684267903905e-05,118,0,400,0.295,4112.7325,0.0002431473479006962,0,0,400,0.0
720575940632088857,40303.46,2.4811765540725287e-05,122,0,400,0.305,93431.15,1.070306851622826e-05,342,0,400,0.855
720575940632091929,17656.605,5.663602940655919e-05,28,0,400,0.07,17814.0625,5.6135426716954656e-05,1,0,400,0.0025
720575940632097965,32108.255,3.114463866068087e-05,77,0,400,0.1925,1199.23,0.0008338683988892872,0,0,400,0.0
720575940632180909,55199.505,1.811610448318332e-05,169,0,400,0.4225,13093.43,7.637418155517691e-05,0,0,400,0.0
720575940632212039,20675.885,4.8365523410485217e-05,47,0,400,0.1175,1305.29,0.0007661132775092126,0,0,400,0.0
720575940632216289,34736.0825,2.8788508318403496e-05,110,0,400,0.275,99831.2725,1.0016901267085421e-05,399,0,400,0.9975
720575940632223132,23196.47,4.311000768651437e-05,49,0,400,0.1225,92173.33,1.0849125229608175e-05,338,0,400,0.845
720575940632255388,31209.3375,3.20416926504768e-05,71,0,400,0.1775,2165.1325,0.0004618654978390468,0,0,400,0.0
720575940632259865,39073.13,2.5593035418457647e-05,130,0,400,0.325,1413.5425,0.0007074424716625075,0,0,400,0.0
720575940632339682,31416.005,3.1830909117820675e-05,91,0,400,0.2275,42893.23,2.331370241877331e-05,53,0,400,0.1325
720575940632372380,33335.2325,2.9998290847378973e-05,89,0,400,0.2225,4639.3775,0.00021554615894050442,0,0,400,0.0
720575940632402588,31822.45,3.1424356075663566e-05,73,0,400,0.1825,836.53,0.0011954143903984316,0,0,400,0.0
720575940632423442,34888.0,2.8663150653519834e-05,95,0,400,0.2375,17049.3275,5.865333984580917e-05,0,0,400,0.0
720575940632424011,22156.8675,4.513273367726733e-05,46,0,400,0.115,716.1225,0.001396409133912145,0,0,400,0.0
720575940632496938,36552.6575,2.7357791974495972e-05,112,0,400,0.28,29600.3075,3.3783432824135356e-05,23,0,400,0.0575
720575940632614295,33215.77,3.0106181491502382e-05,106,0,400,0.265,95825.3875,1.0435647860020394e-05,370,0,400,0.925
720575940632640703,24272.0475,4.119965569447736e-05,74,0,400,0.185,33180.5225,3.013816313471254e-05,22,0,400,0.055
720575940632646189,31800.62,3.144592778379793e-05,91,0,400,0.2275,4511.155,0.00022167272017920025,0,0,400,0.0
720575940632651219,40544.31,2.4664373373230425e-05,119,0,400,0.2975,191.5775,0.005219819655230912,0,0,400,0.0
720575940632669977,33007.7425,3.029592223703272e-05,99,0,400,0.2475,97472.4025,1.02593141684386e-05,379,0,400,0.9475
720575940632677331,28075.73,3.56179518751605e-05,79,0,400,0.1975,85944.99,1.1635349541607951e-05,294,0,400,0.735
720575940632716128,36461.765,2.7425989937678552e-05,94,0,400,0.235,4648.015,0.00021514560516693683,0,0,400,0.0
720575940632718944,26343.67,3.795978312816704e-05,81,0,400,0.2025,1331.3025,0.0007511440863365012,0,0,400,0.0
720575940632720279,36598.015,2.732388628181064e-05,108,0,400,0.27,1028.8525,0.0009719566215759791,0,0,400,0.0
720575940632732985,19862.72,5.0345572006250905e-05,50,0,400,0.125,471.7175,0.0021199128715809782,0,0,400,0.0
720575940632735545,21478.2325,4.655876595059673e-05,38,0,400,0.095,549.205,0.0018208137216522062,0,0,400,0.0
720575940632735584,32585.3225,3.068866358465533e-05,86,0,400,0.215,5625.4425,0.00017776379369267395,0,0,400,0.0
720575940632736703,48846.52,2.0472287483325323e-05,167,0,400,0.4175,99557.0,1.0044497122251574e-05,397,0,400,0.9925
720575940632742099,30938.7825,3.2321892433873245e-05,97,0,400,0.2425,3687.605,0.0002711787189788494,0,0,400,0.0
720575940632769175,20362.3025,4.9110359695324235e-05,46,0,400,0.115,16450.9325,6.0786827737576584e-05,1,0,400,0.0025
720575940632803007,40399.5075,2.4752776998580984e-05,126,0,400,0.315,12401.5,8.063540700721687e-05,0,0,400,0.0
720575940632803223,25979.6125,3.849172115249987e-05,72,0,400,0.18,664.3425,0.0015052476696884515,0,0,400,0.0
720575940632825913,45425.095,2.2014263261309636e-05,136,0,400,0.34,1994.6,0.000501353654868144,0,0,400,0.0
720575940632827496,34556.93,2.8937755755502587e-05,102,0,400,0.255,67491.485,1.4816683912052016e-05,181,0,400,0.4525
720575940632830056,32006.5525,3.124360238423054e-05,78,0,400,0.195,10086.435,9.914305698693345e-05,0,0,400,0.0
720575940632841367,39515.5975,2.53064628467278e-05,118,0,400,0.295,22134.88,4.517756590503314e-05,1,0,400,0.0025
720575940632862177,35558.5925,2.8122597934662347e-05,91,0,400,0.2275,1196.82,0.0008355475342992264,0,0,400,0.0
720575940632880224,36629.27,2.7300571373658283e-05,99,0,400,0.2475,94355.8825,1.0598173357130118e-05,355,0,400,0.8875
720575940632891106,31421.7525,3.18250867770663e-05,91,0,400,0.2275,2663.3575,0.0003754659297522019,0,0,400,0.0
720575940632894304,39616.58,2.5241956776682893e-05,107,0,400,0.2675,80114.165,1.2482187138816215e-05,256,0,400,0.64
720575940632934355,27155.235,3.6825311951820706e-05,63,0,400,0.1575,1882.885,0.0005310998812991766,0,0,400,0.0
720575940632943199,31701.45,3.154429844691647e-05,88,0,400,0.22,9737.74,0.00010269323272135013,0,0,400,0.0
720575940632988351,30200.6475,3.311187284974602e-05,86,0,400,0.215,25304.3825,3.951884619195904e-05,11,0,400,0.0275
720575940632992922,33338.4,2.999544069301466e-05,96,0,400,0.24,1834.4225,0.0005451306882683788,0,0,400,0.0
720575940632994399,33726.0225,2.9650694801024937e-05,90,0,400,0.225,36160.41,2.7654553695602453e-05,35,0,400,0.0875
720575940633013412,32089.25,3.116308421044431e-05,106,0,400,0.265,775.925,0.0012887843541579407,0,0,400,0.0
720575940633021084,39941.995,2.5036305772908938e-05,118,0,400,0.295,99340.925,1.0066344761738428e-05,395,0,400,0.9875
720575940633054874,26274.005,3.8060432735702074e-05,71,0,400,0.1775,43247.13,2.312292168289549e-05,53,0,400,0.1325
720575940633057762,26894.0,3.718301479883989e-05,77,0,400,0.1925,4669.9175,0.00021413654523875424,0,0,400,0.0
720575940633120151,56881.8825,1.7580290174116514e-05,192,0,400,0.48,9591.1425,0.00010426286545111805,0,0,400,0.0
720575940633135455,20927.0875,4.7784958131416995e-05,40,0,400,0.1,59045.9425,1.6935964736272947e-05,123,0,400,0.3075
720575940633173412,20830.795,4.800584903264614e-05,47,0,400,0.1175,3193.65,0.00031312135017926197,0,0,400,0.0
720575940633173668,16000.3875,6.249848636478335e-05,19,0,400,0.0475,2220.5425,0.00045034040105064417,0,0,400,0.0
720575940633177696,40768.9825,2.4528451255804584e-05,111,0,400,0.2775,82689.6075,1.2093418148102831e-05,270,0,400,0.675
720575940633227055,48833.4275,2.0477776211796726e-05,120,0,400,0.3,92293.935,1.083494814691778e-05,334,0,400,0.835
720575940633228615,43088.65,2.320796775949119e-05,140,0,400,0.35,85234.97,1.173227373694154e-05,293,0,400,0.7325
720575940633242449,44626.555,2.240818275127892e-05,122,0,400,0.305,486.775,0.0020543372194545737,0,0,400,0.0
720575940633271447,34475.415,2.9006177300548812e-05,102,0,400,0.255,1834.09,0.0005452295143640716,0,0,400,0.0
720575940633303743,49588.4,2.016600656605174e-05,169,0,400,0.4225,96781.84,1.033251692672923e-05,365,0,400,0.9125
720575940633305951,52533.0325,1.9035642002962612e-05,186,0,400,0.465,95286.3775,1.0494679577886147e-05,368,0,400,0.92
720575940633368171,46906.6675,2.131893083216794e-05,154,0,400,0.385,94809.9175,1.0547419788652384e-05,361,0,400,0.9025
720575940633391211,31086.035,3.2168785758621195e-05,87,0,400,0.2175,64024.7425,1.561896168500795e-05,160,0,400,0.4
720575940633412971,27744.5275,3.604314400380399e-05,68,0,400,0.17,1512.88,0.0006609909576436993,0,0,400,0.0
720575940633423255,46481.02,2.1514157821837817e-05,150,0,400,0.375,99821.23,1.001790901594781e-05,399,0,400,0.9975
720575940633437176,33381.25,2.9956936903201646e-05,93,0,400,0.2325,215.555,0.004639187214400037,0,0,400,0.0
720575940633442468,27322.4825,3.659989534259927e-05,78,0,400,0.195,491.3475,0.0020352194729799174,0,0,400,0.0
720575940633515420,28645.075,3.491001507239901e-05,79,0,400,0.1975,39289.295,2.5452225599873963e-05,44,0,400,0.11
720575940633519514,44199.4025,2.2624740232630975e-05,141,0,400,0.3525,868.215,0.0011517884394994327,0,0,400,0.0
720575940633537823,31479.225,3.176698282756326e-05,75,0,400,0.1875,5043.995,0.00019825554942064772,0,0,400,0.0
720575940633620132,25187.055,3.97029347019729e-05,70,0,400,0.175,3907.9325,0.0002558897831526005,0,0,400,0.0
720575940633623743,36098.09,2.7702296714313696e-05,100,0,400,0.25,99000.2325,1.0100986378996636e-05,391,0,400,0.9775
720575940633658559,43928.3325,2.2764351458139234e-05,118,0,400,0.295,94149.8725,1.0621363294995435e-05,346,0,400,0.865
720575940633676479,25937.145,3.855474455650381e-05,68,0,400,0.17,4872.25,0.00020524398378572527,0,0,400,0.0
720575940633738903,53085.4825,1.883754188350836e-05,187,0,400,0.4675,20696.5275,4.8317284143439035e-05,6,0,400,0.015
720575940633741613,20060.81,4.9848435830856276e-05,41,0,400,0.1025,2816.17,0.0003550921996896494,0,0,400,0.0
720575940633744747,41791.955,2.392805026709088e-05,121,0,400,0.3025,1431.0825,0.0006987717339845887,0,0,400,0.0
720575940633791571,36280.2375,2.756321537310774e-05,99,0,400,0.2475,13123.915,7.619677512388642e-05,0,0,400,0.0
720575940633792595,46768.6225,2.138185703459622e-05,149,0,400,0.3725,16219.2175,6.165525556334638e-05,2,0,400,0.005
720575940633797677,59564.725,1.6788459948400668e-05,181,0,400,0.4525,918.3475,0.0010889124214962201,0,0,400,0.0
720575940633815800,26172.5075,3.820803184410206e-05,73,0,400,0.1825,98460.42,1.0156365369962874e-05,387,0,400,0.9675
720575940633909600,32531.7375,3.073921274570717e-05,91,0,400,0.2275,296.995,0.0033670600515160187,0,0,400,0.0
720575940633913239,37386.0375,2.6747953697954752e-05,97,0,400,0.2425,28050.0375,3.565057622471984e-05,15,0,400,0.0375
720575940633924653,28829.3175,3.4686912029741943e-05,70,0,400,0.175,90622.215,1.1034821870112092e-05,315,0,400,0.7875
720575940633936279,38498.855,2.597479847127921e-05,119,0,400,0.2975,24109.755,4.1476987219488545e-05,5,0,400,0.0125
720575940633982303,24748.1425,4.040707297527481e-05,44,0,400,0.11,1164.8075,0.0008585109556729332,0,0,400,0.0
720575940634036159,21123.585,4.734044907623398e-05,40,0,400,0.1,90617.9875,1.1035336665361278e-05,325,0,400,0.8125
720575940634040244,28572.6125,3.499854974759484e-05,77,0,400,0.1925,24786.735,4.034415989036071e-05,10,0,400,0.025
720575940634043640,39431.0125,2.536074872538462e-05,122,0,400,0.305,10859.7425,9.208321468027442e-05,0,0,400,0.0
720575940634046399,37576.76,2.6612193281166336e-05,99,0,400,0.2475,1495.235,0.0006687911933575659,0,0,400,0.0
720575940634062328,29323.5575,3.410227425509337e-05,82,0,400,0.205,86481.4775,1.1563169697233724e-05,291,0,400,0.7275
720575940634066424,46301.255,2.1597686714971336e-05,134,0,400,0.335,21998.3675,4.545791863873535e-05,7,0,400,0.0175
720575940634076115,35972.0075,2.7799393736921687e-05,97,0,400,0.2425,52459.21,1.906242964772058e-05,91,0,400,0.2275
720575940634081272,40612.32,2.462307004376997e-05,124,0,400,0.31,44753.915,2.234441389094116e-05,50,0,400,0.125
720575940634145436,41007.31,2.438589607560213e-05,129,0,400,0.3225,386.85,0.002584981258885873,0,0,400,0.0
720575940634173176,24522.2875,4.077922991482748e-05,55,0,400,0.1375,88521.6875,1.1296666706675695e-05,313,0,400,0.7825
720575940634192339,29107.9625,3.435486080483991e-05,82,0,400,0.205,11885.4825,8.413625614273548e-05,0,0,400,0.0
720575940634221935,32876.43,3.041692787203477e-05,91,0,400,0.2275,25023.9375,3.996173663716991e-05,9,0,400,0.0225
720575940634244207,30874.745,3.238893147133685e-05,89,0,400,0.2225,99848.355,1.0015187531131584e-05,399,0,400,0.9975
720575940634248184,31723.24,3.152263135795713e-05,92,0,400,0.23,6492.6075,0.0001540213234821295,0,0,400,0.0
720575940634258131,21755.0,4.5966444495518273e-05,51,0,400,0.1275,1910.86,0.0005233245763687555,0,0,400,0.0
720575940634280288,29504.6875,3.389291955727374e-05,81,0,400,0.2025,735.7875,0.0013590880519171635,0,0,400,0.0
720575940634288595,34741.8,2.8783770558808118e-05,92,0,400,0.23,3663.7375,0.0002729453188171914,0,0,400,0.0
720575940634308959,15993.13,6.252684746513034e-05,22,0,400,0.055,30164.29,3.31517831183827e-05,15,0,400,0.0375
720575940634309565,36125.46,2.7681308417941253e-05,97,0,400,0.2425,30713.99,3.2558453004640556e-05,23,0,400,0.0575
720575940634313071,27365.8375,3.6541911059729125e-05,64,0,400,0.16,287.0825,0.0034833192549180115,0,0,400,0.0
720575940634338515,25106.89,3.982970411707703e-05,59,0,400,0.1475,92292.38,1.0835130700931105e-05,338,0,400,0.845
720575940634360056,21789.3225,4.589403823822425e-05,49,0,400,0.1225,99527.6525,1.0047458921026998e-05,398,0,400,0.995
720575940634360824,28553.1325,3.502242704894113e-05,79,0,400,0.1975,47189.5125,2.119114919866994e-05,67,0,400,0.1675
720575940634376440,29466.615,3.3936711088124644e-05,76,0,400,0.19,81489.8225,1.2271471078489588e-05,260,0,400,0.65
720575940634407520,27400.885,3.649517159755972e-05,65,0,400,0.1625,3391.1275,0.0002948871724817188,0,0,400,0.0
720575940634419051,47314.0025,2.1135392212907795e-05,140,0,400,0.35,1065.205,0.0009387864307809295,0,0,400,0.0
720575940634488939,22376.4575,4.4689826349858995e-05,40,0,400,0.1,2285.975,0.0004374501033475869,0,0,400,0.0
720575940634489592,25177.92,3.971733963726949e-05,70,0,400,0.175,1565.5175,0.0006387664143007025,0,0,400,0.0
720575940634534255,41520.3225,2.4084591346803724e-05,129,0,400,0.3225,752.5725,0.0013287756329124437,0,0,400,0.0
720575940634539877,28731.91,3.4804508297568804e-05,61,0,400,0.1525,79324.5675,1.2606434948416201e-05,247,0,400,0.6175
720575940634575711,39709.8375,2.5182676710777272e-05,125,0,400,0.3125,89314.3,1.1196415355659732e-05,312,0,400,0.78
720575940634647732,28747.135,3.4786075203668124e-05,78,0,400,0.195,689.6975,0.0014499110117116563,0,0,400,0.0
720575940634655924,28961.695,3.45283658294171e-05,86,0,400,0.215,55872.3975,1.7897925357507703e-05,110,0,400,0.275
720575940634701025,26317.7175,3.799721613395995e-05,63,0,400,0.1575,10011.46,9.988553118126627e-05,0,0,400,0.0
720575940634752225,23938.07,4.177446218513021e-05,56,0,400,0.14,70809.5375,1.412239135158876e-05,196,0,400,0.49
720575940634772671,32072.525,3.117933496037496e-05,84,0,400,0.21,81611.615,1.2253157837888638e-05,261,0,400,0.6525
720575940634788600,31021.79,3.2235406145164414e-05,71,0,400,0.1775,7336.365,0.0001363072856925739,0,0,400,0.0
720575940634809230,15783.7125,6.335645051821617e-05,27,0,400,0.0675,3976.35,0.00025148691639317465,0,0,400,0.0
720575940634843247,41983.9975,2.381859897928967e-05,137,0,400,0.3425,63272.775,1.5804585779586875e-05,150,0,400,0.375
720575940634909807,23594.99,4.23818785259074e-05,62,0,400,0.155,987.36,0.0010128018149408525,0,0,400,0.0
720575940634996878,28195.99,3.546603612783236e-05,81,0,400,0.2025,66163.34,1.5114110019234218e-05,167,0,400,0.4175
720575940635038309,43330.7675,2.307828957795405e-05,107,0,400,0.2675,6970.88,0.00014345391112743298,0,0,400,0.0
720575940635095452,50705.3625,1.9721779920220467e-05,172,0,400,0.43,176.4275,0.005668050615691998,0,0,400,0.0
720575940635119758,36975.25,2.704511801813375e-05,114,0,400,0.285,3011.89,0.00033201743755582045,0,0,400,0.0
720575940635152153,40088.415,2.494486249955255e-05,134,0,400,0.335,8630.39,0.00011586961887006266,0,0,400,0.0
720575940635183728,26581.9825,3.7619466493893e-05,67,0,400,0.1675,9167.8775,0.0001090765010767214,0,0,400,0.0
720575940635201422,44924.7875,2.2259426380147042e-05,135,0,400,0.3375,98002.64,1.020380675459355e-05,384,0,400,0.96
720575940635223152,20590.7,4.856561457356962e-05,59,0,400,0.1475,29381.9975,3.403444575202894e-05,18,0,400,0.045
720575940635229797,18571.0125,5.384736023412832e-05,47,0,400,0.1175,94088.935,1.0628242311383373e-05,363,0,400,0.9075
720575940635239342,36368.6675,2.74961957294696e-05,122,0,400,0.305,100000.0,1e-05,400,0,400,1.0
720575940635319407,40064.81,2.4959559274086162e-05,122,0,400,0.305,34431.1775,2.9043444709377135e-05,28,0,400,0.07
720575940635319663,49550.17,2.018156547192472e-05,152,0,400,0.38,6482.4225,0.00015426331745578139,0,0,400,0.0
720575940635395429,25691.85,3.892284907470657e-05,62,0,400,0.155,37631.36,2.657358118335346e-05,40,0,400,0.1
720575940635412622,29521.2975,3.387384988752612e-05,82,0,400,0.205,98806.0725,1.0120835437518276e-05,391,0,400,0.9775
720575940635427982,31397.07,3.185010575827617e-05,67,0,400,0.1675,93553.86,1.0689029827310171e-05,350,0,400,0.875
720575940635462318,25959.52,3.8521513494856607e-05,75,0,400,0.1875,98987.8375,1.010225119828484e-05,393,0,400,0.9825
720575940635467150,40840.7575,2.4485344083052327e-05,109,0,400,0.2725,129.4625,0.007724244472337549,0,0,400,0.0
720575940635530359,38853.8275,2.573749008382765e-05,114,0,400,0.285,338.255,0.002956349499637847,0,0,400,0.0
720575940635568480,32253.3075,3.1004572166746e-05,99,0,400,0.2475,86710.8125,1.1532587126893777e-05,298,0,400,0.745
720575940635586851,32909.73,3.0386150235811716e-05,95,0,400,0.2375,98319.4525,1.0170927263859611e-05,390,0,400,0.975
720575940635622039,42473.49,2.354409774190913e-05,95,0,400,0.2375,37802.87,2.6453017985142397e-05,44,0,400,0.11
720575940635632023,28529.385,3.505157927519293e-05,60,0,400,0.15,774.03,0.0012919395889048229,0,0,400,0.0
720575940635640974,25249.8,3.960427409326015e-05,60,0,400,0.15,5265.305,0.00018992252110751418,0,0,400,0.0
720575940635666409,32178.56,3.107659261321824e-05,96,0,400,0.24,9621.4425,0.00010393451917422986,0,0,400,0.0
720575940635678942,33435.875,2.9907995528754668e-05,78,0,400,0.195,1198.3175,0.0008345033766092875,0,0,400,0.0
720575940635814512,30095.44,3.322762518175511e-05,75,0,400,0.1875,97552.735,1.0250865852197788e-05,381,0,400,0.9525
720575940635852766,35078.8775,2.8507183560819468e-05,96,0,400,0.24,8604.3825,0.00011621984494529387,0,0,400,0.0
720575940635869541,24958.9975,4.006571177388034e-05,70,0,400,0.175,32368.3075,3.0894417324724195e-05,26,0,400,0.065
720575940635886057,35094.4125,2.84945644837337e-05,110,0,400,0.275,82050.9875,1.2187543751377763e-05,265,0,400,0.6625
720575940635887593,44001.8275,2.272632880986591e-05,154,0,400,0.385,9455.2975,0.00010576081820799398,0,0,400,0.0
720575940635911396,34672.89,2.8840976336267325e-05,112,0,400,0.28,32590.81,3.0683496359863406e-05,22,0,400,0.055
720575940635969758,23758.2625,4.2090620052707975e-05,62,0,400,0.155,574.7275,0.0017399550221626771,0,0,400,0.0
720575940635990640,28365.2825,3.5254364203846726e-05,71,0,400,0.1775,100.1075,0.009989261543840371,0,0,400,0.0
720575940635992718,33253.9925,3.0071577119649617e-05,86,0,400,0.215,71297.645,1.4025708703281853e-05,206,0,400,0.515
720575940636063204,38093.22,2.6251390667420607e-05,121,0,400,0.3025,1871.4525,0.0005343443127731,0,0,400,0.0
720575940636069348,40239.02,2.485149986257121e-05,104,0,400,0.26,222.135,0.004501766943525334,0,0,400,0.0
720575940636129758,24977.145,4.00366014610557e-05,53,0,400,0.1325,48296.4975,2.070543521297792e-05,65,0,400,0.1625
720575940636143796,46483.205,2.1513146522491296e-05,131,0,400,0.3275,20452.3,4.889425639170167e-05,2,0,400,0.005
720575940636191977,42705.73,2.341606149807063e-05,121,0,400,0.3025,4432.345,0.00022561420647535332,0,0,400,0.0
720575940636212964,33660.92,2.9708041253774408e-05,100,0,400,0.25,12524.7025,7.984221581311014e-05,0,0,400,0.0
720575940636229183,31160.4525,3.2091960153659516e-05,95,0,400,0.2375,369.6675,0.002705133667417341,0,0,400,0.0
720575940636260442,35520.15,2.815303426365035e-05,106,0,400,0.265,34598.0025,2.8903402732571048e-05,26,0,400,0.065
720575940636271706,33125.49,3.018823268727497e-05,90,0,400,0.225,40689.2425,2.4576520440261328e-05,46,0,400,0.115
720575940636313701,39400.075,2.5380662346454926e-05,110,0,400,0.275,604.97,0.0016529745276625287,0,0,400,0.0
720575940636322367,26199.44,3.8168754752009966e-05,64,0,400,0.16,80178.5975,1.2472156300813318e-05,258,0,400,0.645
720575940636330217,45111.3825,2.2167354325707043e-05,133,0,400,0.3325,5217.085,0.00019167791975787245,0,0,400,0.0
720575940636330729,40715.6175,2.4560600118615417e-05,133,0,400,0.3325,9634.1575,0.00010379734813345122,0,0,400,0.0
720575940636345707,24799.4475,4.0323478980731326e-05,47,0,400,0.1175,16498.975,6.06098257619034e-05,1,0,400,0.0025
720575940636381673,34451.235,2.902653562346894e-05,119,0,400,0.2975,4281.19,0.00023357991586451434,0,0,400,0.0
720575940636395610,33006.04,3.029748494517973e-05,87,0,400,0.2175,88806.2675,1.1260466498043057e-05,307,0,400,0.7675
720575940636413176,27629.4275,3.61932942693076e-05,79,0,400,0.1975,18870.025,5.299410043176943e-05,3,0,400,0.0075
720575940636455280,20764.325,4.8159523605992485e-05,43,0,400,0.1075,5551.49,0.0001801318204662172,0,0,400,0.0
720575940636513784,37391.0925,2.6744337571842814e-05,109,0,400,0.2725,55997.44,1.7857959220992958e-05,113,0,400,0.2825
720575940636588724,43911.74,2.2772953201125715e-05,144,0,400,0.36,591.1175,0.0016917110388374563,0,0,400,0.0
720575940636702174,32128.955,3.11245728346907e-05,82,0,400,0.205,8057.765,0.00012410389233242716,0,0,400,0.0
720575940636730694,30763.715,3.250582707582618e-05,69,0,400,0.1725,4404.27,0.00022705238325534081,0,0,400,0.0
720575940636735198,32885.38,3.040864967958406e-05,81,0,400,0.2025,696.1625,0.0014364462320219777,0,0,400,0.0
720575940636779753,28504.22,3.5082524622669905e-05,86,0,400,0.215,99402.3425,1.0060125092122452e-05,396,0,400,0.99
720575940636802532,23379.9125,4.2771759731778296e-05,41,0,400,0.1025,99409.2275,1.005942833626788e-05,392,0,400,0.98
720575940636841840,32764.555,3.052078686861458e-05,74,0,400,0.185,26009.875,3.84469360194926e-05,11,0,400,0.0275
720575940636914287,26247.9975,3.8098144439399616e-05,57,0,400,0.1425,1293.5925,0.0007730409692387673,0,0,400,0.0
720575940636916713,31776.585,3.146971268309669e-05,91,0,400,0.2275,97284.16,1.0279165693572314e-05,379,0,400,0.9475
720575940636923108,47006.1775,2.1273799597935824e-05,156,0,400,0.39,2864.005,0.0003491614016036983,0,0,400,0.0
720575940636924479,27277.74,3.665992857179517e-05,80,0,400,0.2,6912.7925,0.00014465933991219903,0,0,400,0.0
720575940636938212,47222.0925,2.117652876140548e-05,143,0,400,0.3575,4415.0425,0.00022649838591587738,0,0,400,0.0
720575940636969182,18660.4975,5.3589139303493916e-05,43,0,400,0.1075,1481.99,0.0006747683857515908,0,0,400,0.0
720575940636996324,40136.6175,2.4914904700178087e-05,110,0,400,0.275,82932.8875,1.2057942634639365e-05,292,0,400,0.73
720575940637057614,24970.125,4.004785718934126e-05,44,0,400,0.11,20680.23,4.835536161831856e-05,2,0,400,0.005
720575940637066352,35351.09,2.8287670903499726e-05,107,0,400,0.2675,495.5825,0.0020178275060156485,0,0,400,0.0
720575940637195895,33430.6325,2.9912685618496748e-05,85,0,400,0.2125,62719.7275,1.594394682279192e-05,153,0,400,0.3825
720575940637211957,30905.275,3.235693583053378e-05,85,0,400,0.2125,20487.9375,4.880920785706224e-05,3,0,400,0.0075
720575940637224937,18327.695,5.456223491279182e-05,35,0,400,0.0875,30645.1925,3.2631545714715285e-05,13,0,400,0.0325
720575940637238505,25773.66,3.879930130218215e-05,67,0,400,0.1675,180.2375,0.005548234967750884,0,0,400,0.0
720575940637242421,30834.9375,3.2430745157177633e-05,83,0,400,0.2075,15015.485,6.659791541864948e-05,0,0,400,0.0
720575940637260622,35727.87,2.7989353969324225e-05,106,0,400,0.265,13959.6025,7.163527758043253e-05,0,0,400,0.0
720575940637303415,14721.185,6.792931411431893e-05,14,0,400,0.035,792.3625,0.0012620486204231018,0,0,400,0.0
720575940637344613,33389.9,2.99491762479073e-05,102,0,400,0.255,10398.535,9.616739281062188e-05,0,0,400,0.0
720575940637354047,28569.28,3.500263219794129e-05,85,0,400,0.2125,3887.4075,0.00025724084753142037,0,0,400,0.0
720575940637455593,32504.1225,3.076532830566338e-05,101,0,400,0.2525,1128.0725,0.0008864678467031153,0,0,400,0.0
720575940637475561,39806.0875,2.512178570677161e-05,131,0,400,0.3275,5664.485,0.00017653855557919212,0,0,400,0.0
720575940637477565,33412.485,2.992893225391646e-05,89,0,400,0.2225,12976.7775,7.706073406899363e-05,0,0,400,0.0
720575940637487593,29203.3375,3.4242661476620605e-05,79,0,400,0.1975,71417.92,1.4002087991361272e-05,198,0,400,0.495
720575940637487694,28681.785,3.486533352090883e-05,81,0,400,0.2025,15818.84,6.321576044766873e-05,2,0,400,0.005
720575940637503603,39184.9275,2.552001659311479e-05,113,0,400,0.2825,44676.435,2.2383164637017258e-05,60,0,400,0.15
720575940637519165,37328.2175,2.6789385268664384e-05,118,0,400,0.295,27450.0925,3.642974973581601e-05,10,0,400,0.025
720575940637558618,30010.12,3.33220926807357e-05,83,0,400,0.2075,743.505,0.0013449808676471576,0,0,400,0.0
720575940637567822,40554.845,2.4657966267655564e-05,136,0,400,0.34,83092.0575,1.2034844605936014e-05,275,0,400,0.6875
720575940637625203,29449.3175,3.3956644326307395e-05,65,0,400,0.1625,26438.54,3.78235711956863e-05,10,0,400,0.025
720575940637653605,36910.5475,2.7092526871892107e-05,106,0,400,0.265,75316.63,1.3277280196949862e-05,229,0,400,0.5725
720575940637674915,33307.02,3.0023700709339954e-05,83,0,400,0.2075,79238.7725,1.2620084441616002e-05,245,0,400,0.6125
720575940637681267,41383.715,2.4164094499490926e-05,113,0,400,0.2825,79987.7925,1.2501907712980079e-05,244,0,400,0.61
720575940637703750,31470.5075,3.177578245282508e-05,81,0,400,0.2025,52519.3275,1.9040609383278946e-05,99,0,400,0.2475
720575940637729370,13892.89,7.197926421356536e-05,21,0,400,0.0525,438.995,0.002277930272554357,0,0,400,0.0
720575940637745853,40906.5225,2.4445979244508012e-05,121,0,400,0.3025,9699.1425,0.00010310189792551248,0,0,400,0.0
720575940637783971,42328.69,2.3624638513499943e-05,137,0,400,0.3425,8952.6275,0.0001116990514795796,0,0,400,0.0
720575940637791549,49403.3725,2.024153310586236e-05,143,0,400,0.3575,76507.17,1.3070670369848996e-05,231,0,400,0.5775
720575940637794163,29861.605,3.3487818220085625e-05,89,0,400,0.2225,49051.115,2.038689640388399e-05,82,0,400,0.205
720575940637804915,28575.9325,3.499448355709827e-05,78,0,400,0.195,340.835,0.002933970983026978,0,0,400,0.0
720575940637824189,32266.5875,3.099181157598398e-05,88,0,400,0.22,94914.0775,1.0535844906673618e-05,361,0,400,0.9025
720575940637862062,30990.8175,3.226762249818031e-05,77,0,400,0.1925,90360.1725,1.1066822609264054e-05,326,0,400,0.815
720575940637898072,23124.7975,4.324362191712165e-05,67,0,400,0.1675,18337.635,5.45326592006003e-05,2,0,400,0.005
720575940637899197,35478.01,2.8186473818570995e-05,80,0,400,0.2,23704.035,4.21869103720105e-05,9,0,400,0.0225
720575940637906803,24018.83,4.163400132312856e-05,67,0,400,0.1675,3743.77,0.00026711042612126277,0,0,400,0.0
720575940637912739,42797.45,2.336587810722368e-05,144,0,400,0.36,7835.0625,0.0001276314005153118,0,0,400,0.0
720575940637924324,30313.01,3.298913568794389e-05,73,0,400,0.1825,3297.775,0.0003032347567678207,0,0,400,0.0
720575940637969222,33297.8725,3.003194873786606e-05,85,0,400,0.2125,97881.0425,1.0216482931309197e-05,383,0,400,0.9575
720575940637983814,28830.1625,3.4685895370863766e-05,74,0,400,0.185,1239.5825,0.0008067232314105758,0,0,400,0.0
720575940637994328,14644.045,6.828714334051828e-05,16,0,400,0.04,9493.18,0.00010533878005052047,0,0,400,0.0
720575940638006128,32217.93,3.103861731650668e-05,87,0,400,0.2175,1520.5,0.0006576783952647156,0,0,400,0.0
720575940638013759,26192.255,3.817922511826492e-05,71,0,400,0.1775,27922.265,3.58137135364914e-05,9,0,400,0.0225
720575940638017862,19291.01,5.18376176260341e-05,40,0,400,0.1,93514.2,1.0693563116617583e-05,356,0,400,0.89
720575940638027497,23195.1125,4.31125307109418e-05,63,0,400,0.1575,2965.9875,0.0003371558376426064,0,0,400,0.0
720575940638055024,42414.7325,2.3576713586487903e-05,135,0,400,0.3375,20471.0,4.884959210590592e-05,3,0,400,0.0075
720575940638055869,27965.65,3.5758153305930666e-05,80,0,400,0.2,88153.9175,1.1343795356570512e-05,311,0,400,0.7775
720575940638060632,30060.165,3.3266617132673756e-05,71,0,400,0.1775,51482.545,1.942405916413029e-05,92,0,400,0.23
720575940638070505,35803.305,2.7930382404641134e-05,111,0,400,0.2775,6272.7375,0.0001594200299311106,0,0,400,0.0
720575940638070862,25725.0,3.8872691933916424e-05,59,0,400,0.1475,99458.2975,1.0054465289836678e-05,396,0,400,0.99
720575940638076733,27209.7475,3.6751535456181646e-05,80,0,400,0.2,100000.0,1e-05,400,0,400,1.0
720575940638113085,42765.3025,2.338344268697737e-05,140,0,400,0.35,91072.075,1.0980314218161825e-05,324,0,400,0.81
720575940638114357,46707.03,2.14100532617895e-05,149,0,400,0.3725,266.45,0.003753049352598987,0,0,400,0.0
720575940638124656,37114.43,2.6943698178848495e-05,116,0,400,0.29,2212.5175,0.000451973826195725,0,0,400,0.0
720575940638250112,28958.785,3.453183550345776e-05,69,0,400,0.1725,1309.1675,0.0007638441986987914,0,0,400,0.0
720575940638251904,36153.6875,2.765969584706954e-05,93,0,400,0.2325,10173.565,9.829396086819124e-05,0,0,400,0.0
720575940638252672,31905.03,3.134302020715856e-05,93,0,400,0.2325,17181.485,5.820218683076579e-05,3,0,400,0.0075
720575940638278333,36852.0925,2.713550119304623e-05,114,0,400,0.285,13543.215,7.38377113558339e-05,0,0,400,0.0
720575940638302592,36417.0,2.7459702886014772e-05,96,0,400,0.24,67242.49,1.4871549224307427e-05,168,0,400,0.42
720575940638305853,30069.2875,3.32565246183502e-05,69,0,400,0.1725,88543.03,1.1293943746899107e-05,319,0,400,0.7975
720575940638310784,29963.81,3.337359301103564e-05,94,0,400,0.235,16280.1425,6.142452377182817e-05,2,0,400,0.005
720575940638328765,42013.35,2.3801958187100053e-05,127,0,400,0.3175,223.67,0.004470872267179327,0,0,400,0.0
720575940638490531,38327.94,2.609062735957111e-05,124,0,400,0.31,96109.7475,1.0404771898916913e-05,370,0,400,0.925
720575940638494416,29024.355,3.4453823349390535e-05,86,0,400,0.215,99845.04,1.0015520049869279e-05,398,0,400,0.995
720575940638498000,32517.935,3.075226025268825e-05,92,0,400,0.23,99819.2625,1.0018106475190597e-05,398,0,400,0.995
720575940638542424,29481.235,3.391988157890943e-05,66,0,400,0.165,75225.86,1.329330100048042e-05,222,0,400,0.555
720575940638542936,30739.8025,3.253111336678236e-05,90,0,400,0.225,99701.575,1.002993182404591e-05,398,0,400,0.995
720575940638576462,39090.85,2.5581434018446773e-05,123,0,400,0.3075,46516.91,2.149755862975421e-05,69,0,400,0.1725
720575940638612190,44006.8,2.2723760873319576e-05,131,0,400,0.3275,91479.13,1.0931455076146875e-05,336,0,400,0.84
720575940638647459,39269.2,2.546525011968668e-05,123,0,400,0.3075,88199.365,1.133795010882448e-05,301,0,400,0.7525
720575940638662232,40343.415,2.478719265585226e-05,116,0,400,0.29,99264.255,1.0074119832965049e-05,395,0,400,0.9875
720575940638663000,46685.0775,2.1420120808410352e-05,143,0,400,0.3575,96982.265,1.0311163592642428e-05,376,0,400,0.94
720575940638678131,34339.06,2.912135626310097e-05,93,0,400,0.2325,7762.95,0.00012881700899786808,0,0,400,0.0
720575940638709632,23839.535,4.194712690495012e-05,68,0,400,0.17,5854.6975,0.00017080301757691152,0,0,400,0.0
720575940638845648,30116.4525,3.3204441990636185e-05,74,0,400,0.185,99801.215,1.0019918094183523e-05,399,0,400,0.9975
720575940638846848,39230.33,2.5490481471861185e-05,119,0,400,0.2975,99497.3175,1.0050522216340153e-05,396,0,400,0.99
720575940638857424,38733.0375,2.5817753126126503e-05,113,0,400,0.2825,4862.88,0.0002056394564537887,0,0,400,0.0
720575940638888819,20974.4525,4.767704901951553e-05,63,0,400,0.1575,28109.74,3.557485768278184e-05,20,0,400,0.05
720575940638890192,36985.86,2.7037359682862584e-05,109,0,400,0.2725,13488.1425,7.413919299859116e-05,0,0,400,0.0
720575940638901875,27235.755,3.671644131032901e-05,61,0,400,0.1525,308.84,0.003237922548892631,0,0,400,0.0
720575940639065472,21861.91,4.574165752214697e-05,34,0,400,0.085,14334.97,6.975947630165951e-05,0,0,400,0.0
720575940639184361,37732.665,2.6502236192434326e-05,93,0,400,0.2325,4103.0675,0.00024372009478274486,0,0,400,0.0
720575940639278399,32956.255,3.0343253503773414e-05,96,0,400,0.24,1017.5325,0.00098276959212605,0,0,400,0.0
720575940639279679,32904.21,3.039124780689158e-05,97,0,400,0.2425,8036.14,0.00012443785200357384,0,0,400,0.0
720575940639322752,17470.645,5.723887126090651e-05,41,0,400,0.1025,1462.5625,0.0006837314644673304,0,0,400,0.0
720575940639400307,25587.93,3.908092604599122e-05,64,0,400,0.16,21343.225,4.6853275453920395e-05,5,0,400,0.0125
720575940639404416,38044.2825,2.628515861746111e-05,112,0,400,0.28,216.4075,0.0046209119369707615,0,0,400,0.0
720575940639410291,40111.3975,2.493056992093083e-05,117,0,400,0.2925,2494.8275,0.000400829315854503,0,0,400,0.0
720575940639426805,32623.6125,3.065264461438782e-05,97,0,400,0.2425,73749.1425,1.3559479691577431e-05,212,0,400,0.53
720575940639468789,50025.395,1.998984715662915e-05,163,0,400,0.4075,3173.4825,0.00031511123820597716,0,0,400,0.0
720575940639473909,37626.3125,2.657714597995751e-05,104,0,400,0.26,26392.7775,3.788915357620091e-05,6,0,400,0.015
720575940639590528,26122.02,3.828187866022612e-05,56,0,400,0.14,70094.1975,1.4266516140654868e-05,189,0,400,0.4725
720575940639596507,49808.26,2.0076991246030277e-05,152,0,400,0.38,8203.9675,0.00012189224299096747,0,0,400,0.0
720575940639598963,43524.22,2.2975713292507023e-05,140,0,400,0.35,11794.39,8.478607202237675e-05,0,0,400,0.0
720575940639693008,28812.78,3.4706821070372245e-05,81,0,400,0.2025,1685.575,0.0005932693591207748,0,0,400,0.0
720575940639702435,19755.9525,5.0617655615440463e-05,42,0,400,0.105,1073.4375,0.0009315866084425036,0,0,400,0.0
720575940639710883,28770.125,3.475827790112139e-05,73,0,400,0.1825,441.185,0.0022666228452916577,0,0,400,0.0
720575940639782875,36373.695,2.7492395259816194e-05,97,0,400,0.2425,2688.1625,0.00037200132060468815,0,0,400,0.0
720575940639812304,32906.5125,3.0389121302356184e-05,89,0,400,0.2225,14303.09,6.991496243119494e-05,0,0,400,0.0
720575940639861301,33377.42,2.9960374408806914e-05,87,0,400,0.2175,76704.3225,1.3037074931468173e-05,225,0,400,0.5625
720575940639924176,23500.49,4.255230422855012e-05,70,0,400,0.175,5258.7225,0.00019016025279904007,0,0,400,0.0
720575940639935963,37374.9775,2.6755868950021442e-05,80,0,400,0.2,99787.0025,1.0021345214773838e-05,399,0,400,0.9975
720575940639961653,39307.68,2.544032107720425e-05,120,0,400,0.3,13283.6175,7.528069819836352e-05,0,0,400,0.0
720575940639978704,24495.8275,4.0823278984961826e-05,64,0,400,0.16,5975.6925,0.00016734462156478097,0,0,400,0.0
720575940640002256,24083.3625,4.152244106278764e-05,68,0,400,0.17,9444.6625,0.0001058799083609393,0,0,400,0.0
720575940640008400,28586.3325,3.498175220623352e-05,81,0,400,0.2025,3930.52,0.00025441926259120933,0,0,400,0.0
720575940640039040,46913.4125,2.1315865691927657e-05,133,0,400,0.3325,4088.0175,0.0002446173481400214,0,0,400,0.0
720575940640164029,40219.1225,2.4863794579307396e-05,122,0,400,0.305,3291.255,0.00030383546701790045,0,0,400,0.0
720575940640228661,24612.205,4.063024828535273e-05,50,0,400,0.125,255.155,0.003919186376908154,0,0,400,0.0
720575940640241037,40698.7375,2.4570786747377604e-05,123,0,400,0.3075,51868.7675,1.92794247520919e-05,92,0,400,0.23
720575940640257152,41997.2775,2.381106727692051e-05,115,0,400,0.2875,8194.28,0.00012203634730568151,0,0,400,0.0
720575940640356149,37075.2025,2.6972206018294843e-05,114,0,400,0.285,3155.62,0.0003168949366527022,0,0,400,0.0
720575940640486973,24978.8575,4.003385663255415e-05,58,0,400,0.145,476.7,0.0020977554017201595,0,0,400,0.0
720575940640589683,40098.485,2.493859805426564e-05,116,0,400,0.29,4014.1,0.00024912184549463144,0,0,400,0.0
720575940640698064,30264.6775,3.304181913056896e-05,68,0,400,0.17,7652.96,0.00013066839497397086,0,0,400,0.0
720575940640749939,42500.645,2.3529054676699615e-05,121,0,400,0.3025,815.895,0.0012256479081254328,0,0,400,0.0
720575940640785267,44421.3475,2.251169890782804e-05,121,0,400,0.3025,77759.49,1.2860166649755546e-05,234,0,400,0.585
720575940640850595,25721.49,3.887799657018314e-05,63,0,400,0.1575,74589.5825,1.3406697912540266e-05,221,0,400,0.5525
720575940641173376,24295.6225,4.115967804488236e-05,55,0,400,0.1375,757.245,0.0013205765637277235,0,0,400,0.0
720575940641215104,31354.07,3.189378603798486e-05,76,0,400,0.19,1341.7875,0.0007452744939120391,0,0,400,0.0
720575940641239181,37673.425,2.654390993120482e-05,110,0,400,0.275,1334.4075,0.000749396267631889,0,0,400,0.0
720575940641306765,45101.875,2.217202721616341e-05,150,0,400,0.375,35511.435,2.8159943409777727e-05,31,0,400,0.0775
720575940641557133,31671.06,3.1574566812730615e-05,97,0,400,0.2425,1367.15,0.000731448634019676,0,0,400,0.0
720575940641567885,23964.3575,4.172863804089052e-05,62,0,400,0.155,1460.8975,0.0006845107202935181,0,0,400,0.0
720575940641591248,41002.3375,2.438885344036788e-05,106,0,400,0.265,1347.9425,0.0007418714077195429,0,0,400,0.0
720575940641715144,38025.955,2.6297827365545452e-05,134,0,400,0.335,4371.4225,0.0002287584876547623,0,0,400,0.0
720575940641981600,39438.255,2.5356091439644074e-05,116,0,400,0.29,16520.5775,6.053057164617884e-05,2,0,400,0.005
720575940642051232,43019.405,2.3245323825376014e-05,130,0,400,0.325,48935.7025,2.0434977918218298e-05,79,0,400,0.1975
720575940642071968,29859.745,3.3489904217199445e-05,72,0,400,0.18,95095.1525,1.0515783125748708e-05,360,0,400,0.9
720575940642476448,31949.5925,3.12993037391635e-05,78,0,400,0.195,1470.6225,0.0006799841563691567,0,0,400,0.0
720575940642486747,34501.6225,2.8984144151481573e-05,89,0,400,0.2225,92686.4475,1.0789063848843706e-05,345,0,400,0.8625
720575940642492360,42277.0225,2.3653510603780105e-05,134,0,400,0.335,74541.5775,1.3415331866299718e-05,225,0,400,0.5625
720575940642837870,34975.8525,2.8591154425757027e-05,101,0,400,0.2525,97843.205,1.0220433805290821e-05,386,0,400,0.965
720575940642860192,26886.2775,3.719369481327417e-05,80,0,400,0.2,634.1275,0.0015769699311258382,0,0,400,0.0
720575940642870820,27134.67,3.685322135850556e-05,59,0,400,0.1475,80025.455,1.2496023921388513e-05,252,0,400,0.63
720575940642877088,32487.6975,3.0780882517143605e-05,75,0,400,0.1875,6917.9475,0.00014455154509339656,0,0,400,0.0
720575940642936100,34090.6,2.9333599291300242e-05,98,0,400,0.245,505.425,0.0019785329178414203,0,0,400,0.0
720575940642984471,44714.59,2.2364065062432643e-05,125,0,400,0.3125,79316.385,1.2607735463485887e-05,243,0,400,0.6075
720575940643177495,36284.155,2.7560239448872382e-05,98,0,400,0.245,724.945,0.0013794149901026973,0,0,400,0.0
720575940643182372,41600.1825,2.403835608173113e-05,122,0,400,0.305,86705.5275,1.1533290077728898e-05,292,0,400,0.73
720575940643221271,44869.6025,2.2286803187079715e-05,144,0,400,0.36,97042.1225,1.0304803463052861e-05,376,0,400,0.94
720575940643259336,24935.88,4.0102855804567556e-05,57,0,400,0.1425,3739.4275,0.00026742061451920113,0,0,400,0.0
720575940643323592,27996.6775,3.571852409986863e-05,62,0,400,0.155,1888.6625,0.0005294752238687432,0,0,400,0.0
720575940643338020,38420.735,2.6027612433754846e-05,100,0,400,0.25,625.4675,0.001598804094537286,0,0,400,0.0
720575940643346336,22045.715,4.536028883617519e-05,68,0,400,0.17,12093.325,8.269024441168991e-05,1,0,400,0.0025
720575940643408164,33183.805,3.0135181905751918e-05,83,0,400,0.2075,270.575,0.0036958329483507348,0,0,400,0.0
720575940643535982,63235.6375,1.58138676153933e-05,202,0,400,0.505,99451.445,1.0055158072363854e-05,395,0,400,0.9875
720575940643567652,34754.18,2.8773517315039513e-05,95,0,400,0.2375,99443.1375,1.0055998082321166e-05,397,0,400,0.9925
720575940643638807,24089.5425,4.151178877722564e-05,43,0,400,0.1075,20692.79,4.832601113721252e-05,1,0,400,0.0025
720575940643702551,40247.775,2.484609397662355e-05,129,0,400,0.3225,71810.9575,1.3925451418747619e-05,196,0,400,0.49
720575940643703588,41736.0825,2.396008298095539e-05,125,0,400,0.3125,1775.755,0.0005631407485829971,0,0,400,0.0
720575940643745480,47080.0425,2.1240422627061135e-05,162,0,400,0.405,8959.96,0.00011160764110554066,0,0,400,0.0
720575940643829284,35611.82,2.808056426209051e-05,100,0,400,0.25,57475.5725,1.739869576766721e-05,124,0,400,0.31
720575940643915300,38356.1875,2.6071412858746714e-05,108,0,400,0.27,11361.3775,8.801749611787831e-05,0,0,400,0.0
720575940643921444,45686.48,2.188831356672696e-05,127,0,400,0.3175,690.7825,0.0014476336618255384,0,0,400,0.0
720575940643922724,33623.7225,2.9740906885012507e-05,84,0,400,0.21,6752.82,0.00014808628099075645,0,0,400,0.0
720575940643937316,22872.51,4.372060609001811e-05,45,0,400,0.1125,722.4475,0.0013841836257997987,0,0,400,0.0
720575940644038180,55511.525,1.801427721540707e-05,166,0,400,0.415,12559.7725,7.961927654342466e-05,0,0,400,0.0
720575940644047908,19106.0475,5.23394490671082e-05,38,0,400,0.095,7400.36,0.00013512856131323343,0,0,400,0.0
720575940644178468,29445.0075,3.396161471516012e-05,90,0,400,0.225,4951.0475,0.000201977460325315,0,0,400,0.0
720575940644188439,44824.5525,2.230920208294327e-05,127,0,400,0.3175,5960.4275,0.00016777320083165176,0,0,400,0.0
720575940644492055,30745.1175,3.252548961635941e-05,81,0,400,0.2025,290.1475,0.003446522889220138,0,0,400,0.0
720575940644525859,41838.795,2.3901261974681633e-05,131,0,400,0.3275,94017.0,1.063637427273791e-05,351,0,400,0.8775
720575940644614947,32319.11,3.0941446097989705e-05,101,0,400,0.2525,100000.0,1e-05,400,0,400,1.0
720575940644615790,46010.2775,2.1734274478131544e-05,147,0,400,0.3675,6221.605,0.00016073022957902342,0,0,400,0.0
720575940644658542,29990.6675,3.3343706004542916e-05,83,0,400,0.2075,410.69,0.0024349265869634032,0,0,400,0.0
720575940644674851,27916.28,3.582139167539515e-05,71,0,400,0.1775,68698.29,1.4556403077864093e-05,176,0,400,0.44
720575940644706083,38517.3375,2.5962334494174214e-05,125,0,400,0.3125,212.9375,0.004696213677722336,0,0,400,0.0
720575940644733975,35483.17,2.8182374911824397e-05,110,0,400,0.275,316.4375,0.003160181710448351,0,0,400,0.0
720575940644745120,24212.435,4.130109177371049e-05,51,0,400,0.1275,9051.9525,0.0001104734033900421,0,0,400,0.0
720575940644765463,22974.6075,4.352631486740307e-05,60,0,400,0.15,98108.8275,1.0192762725657892e-05,381,0,400,0.9525
720575940644808227,28364.1925,3.525571898442023e-05,74,0,400,0.185,24985.23,4.00236459700391e-05,10,0,400,0.025
720575940644870167,48142.38,2.077171922119347e-05,159,0,400,0.3975,13496.7825,7.409173260367795e-05,0,0,400,0.0
720575940645002019,36718.5325,2.7234203872390595e-05,119,0,400,0.2975,90343.12,1.1068911500953256e-05,324,0,400,0.81
720575940645009699,33144.85,3.017059965575346e-05,104,0,400,0.26,58157.385,1.719472084241752e-05,116,0,400,0.29
720575940645057828,23610.235,4.235451277803884e-05,46,0,400,0.115,18664.7375,5.357696565515588e-05,3,0,400,0.0075
720575940645179592,39253.8975,2.547517733748604e-05,123,0,400,0.3075,40146.9375,2.4908500181365018e-05,45,0,400,0.1125
720575940645203235,38212.6725,2.616932903606781e-05,117,0,400,0.2925,3707.095,0.00026975300066494116,0,0,400,0.0
720575940645255476,30560.4475,3.2722033929640594e-05,78,0,400,0.195,3908.365,0.0002558614663676499,0,0,400,0.0
720575940645273652,43988.645,2.2733139427231734e-05,130,0,400,0.325,29495.0675,3.3903973944117945e-05,18,0,400,0.045
720575940645405060,26165.1325,3.821880129978321e-05,75,0,400,0.1875,74554.8625,1.3412941375889467e-05,213,0,400,0.5325
720575940645448756,31633.3275,3.161222922248695e-05,85,0,400,0.2125,30655.84,3.262021200528186e-05,15,0,400,0.0375
720575940645448995,30460.055,3.2829881626937315e-05,79,0,400,0.1975,99942.24,1.0005779338145713e-05,399,0,400,0.9975
720575940645464099,35940.2425,2.7823963625175874e-05,105,0,400,0.2625,10010.7925,9.989219135248283e-05,0,0,400,0.0
720575940645927812,24368.425,4.10367104152197e-05,51,0,400,0.1275,66053.805,1.513917328456703e-05,165,0,400,0.4125
720575940646126644,24900.3175,4.016013048829598e-05,69,0,400,0.1725,15258.2075,6.553849788712075e-05,1,0,400,0.0025
720575940646135940,40628.27,2.461340342574272e-05,127,0,400,0.3175,93752.0275,1.066643598721105e-05,349,0,400,0.8725
720575940646521988,23886.995,4.186378403813456e-05,46,0,400,0.115,68778.1475,1.4539501809059337e-05,180,0,400,0.45
720575940646707076,34928.2275,2.8630138760977777e-05,106,0,400,0.265,55814.9875,1.791633474790261e-05,107,0,400,0.2675
720575940646796932,29095.695,3.43693457056104e-05,69,0,400,0.1725,99246.63,1.0075908874689245e-05,396,0,400,0.99
720575940647317113,31022.985,3.2234164442912246e-05,84,0,400,0.21,90637.005,1.103302122571239e-05,319,0,400,0.7975
720575940647872889,31317.4325,3.1931097799923416e-05,89,0,400,0.2225,99247.8,1.007579009308015e-05,395,0,400,0.9875
720575940648482425,25294.4125,3.953442286908226e-05,64,0,400,0.16,7344.33,0.00013615945906570102,0,0,400,0.0
720575940648742777,24704.9225,4.047776308547416e-05,66,0,400,0.165,1602.7125,0.0006239422229501548,0,0,400,0.0
720575940649126009,37145.965,2.6920824374868174e-05,91,0,400,0.2275,4428.4775,0.00022581124099648242,0,0,400,0.0
720575940649647225,13928.26,7.179647709046212e-05,18,0,400,0.045,4359.445,0.00022938699765681183,0,0,400,0.0
720575940650338038,14790.64,6.761032653083301e-05,38,0,400,0.095,6982.865,0.00014320769483585892,0,0,400,0.0
720575940650362614,51640.1025,1.9364795025339076e-05,172,0,400,0.43,99979.945,1.0002005902283702e-05,399,0,400,0.9975
720575940650420726,31514.155,3.1731772595520964e-05,89,0,400,0.2225,588.2275,0.0017000225252984604,0,0,400,0.0
720575940650510070,39257.6575,2.547273738887757e-05,106,0,400,0.265,472.26,0.0021174776606106807,0,0,400,0.0
720575940650516214,47618.2575,2.1000348448281627e-05,155,0,400,0.3875,8132.7675,0.0001229593739154599,0,0,400,0.0
720575940650785401,43305.195,2.3091917724882663e-05,130,0,400,0.325,89899.9075,1.1123481967987564e-05,319,0,400,0.7975
720575940650870774,29625.6075,3.375458207903416e-05,77,0,400,0.1925,4643.5525,0.00021535236222698032,0,0,400,0.0
720575940651284726,32363.7675,3.0898751203796035e-05,91,0,400,0.2275,177.67,0.005628412224911353,0,0,400,0.0
720575940651290358,36721.5325,2.7231978948590994e-05,111,0,400,0.2775,97167.4975,1.029150719869059e-05,378,0,400,0.945
720575940651558646,41624.58,2.402426643103666e-05,137,0,400,0.3425,1051.7275,0.0009508166326353547,0,0,400,0.0
720575940651565558,41030.5,2.4372113427815893e-05,121,0,400,0.3025,13201.6575,7.574806421087656e-05,0,0,400,0.0
720575940652083190,20028.8825,4.992789787448202e-05,52,0,400,0.13,3533.8375,0.00028297849009752146,0,0,400,0.0
720575940652702710,30985.4575,3.227320429269118e-05,87,0,400,0.2175,9493.205,0.00010533850264478646,0,0,400,0.0
720575940652733089,31615.275,3.163027998333084e-05,85,0,400,0.2125,50758.585,1.9701100808858247e-05,86,0,400,0.215
720575940652886177,20589.0325,4.856954788914923e-05,44,0,400,0.11,13162.5875,7.597290426369436e-05,0,0,400,0.0
720575940653018017,53874.9475,1.8561503006569056e-05,170,0,400,0.425,7192.185,0.00013903980501057744,0,0,400,0.0
720575940653053857,39729.2625,2.5170364035828755e-05,114,0,400,0.285,6956.215,0.00014375633875606203,0,0,400,0.0
720575940653346550,30833.63,3.243212038284172e-05,100,0,400,0.25,828.2575,0.001207353993172413,0,0,400,0.0
720575940653347830,39443.755,2.535255581016564e-05,133,0,400,0.3325,1151.905,0.0008681271459017888,0,0,400,0.0
720575940653612790,18171.425,5.503145735681159e-05,40,0,400,0.1,832.47,0.0012012444892909053,0,0,400,0.0
720575940653654433,40738.6275,2.4546727795382895e-05,128,0,400,0.32,96967.6325,1.0312719556187989e-05,376,0,400,0.94
720575940654008993,32409.08,3.085555035810952e-05,99,0,400,0.2475,90839.41,1.100843785753342e-05,338,0,400,0.845
720575940654122657,26742.4475,3.739373518448527e-05,80,0,400,0.2,36491.68,2.7403506771954592e-05,33,0,400,0.0825
720575940654697377,36668.335,2.7271486420095158e-05,85,0,400,0.2125,2018.545,0.0004954063446690562,0,0,400,0.0
720575940654856353,22274.79,4.489380146793752e-05,60,0,400,0.15,2041.8475,0.0004897525402852074,0,0,400,0.0
720575940658155393,27138.8,3.684761301162911e-05,70,0,400,0.175,6650.325,0.0001503685910087101,0,0,400,0.0
720575940658531713,21343.8725,4.685185408599119e-05,47,0,400,0.1175,3310.53,0.00030206643649204203,0,0,400,0.0
720575940658852481,26047.955,3.839072971371457e-05,78,0,400,0.195,98551.63,1.0146965605743912e-05,389,0,400,0.9725
720575940658902401,31865.515,3.1381887284733984e-05,83,0,400,0.2075,5353.4125,0.00018679673946291267,0,0,400,0.0
720575940659184257,28834.965,3.468011839098816e-05,78,0,400,0.195,18188.76,5.497900901435832e-05,1,0,400,0.0025
720575940660921985,35523.895,2.8150066314518723e-05,120,0,400,0.3,87445.2625,1.1435725291578832e-05,308,0,400,0.77
720575940661139073,31455.535,3.1790907387205465e-05,89,0,400,0.2225,562.6075,0.0017774380896095415,0,0,400,0.0
